;;;;;;;;;TRANSFERENCIAS;;;;;;;;;;;;;;;;;;;;;;;
ID_Rte_PPU;ID Rte;Fecha Remate;Lote;PPU;SERIE;Estado Lote;Mandato;Compra directa;Estado de transferencia;Mandante CAV;MANDANTE COMERCIAL;Unidad Negocio;Observación;F. última observación;Facturado;Revisión Pago Lineal;Liquidado Mandante;Liquidado Opción;Enviado Banco;Recibido Banco;Enviado Mandante;Recibido Mandante;Enviado a Legalizar;Recibida Legalización;Solo T a S.I. Fecha ST;Solo T a S.I. Transferido;Ingreso Proveedor;Solicitud transferencia;Solicitud Alzamiento;Rechazo;Reingreso;Transferido
43260-HHRY60;583;09-06-2018;0;HHRY60;;ADJUDICADO;MERA;NO;TRANSFERIDO;RENTAEQUIPOS LEASING S A;RENTAEQUIPOS LEASING S A;LEASING;;;1;;;;;;;30-07-2018;20-02-2025;21-02-2025;;;24-02-2025;;27-02-2025;;;08-05-2025
44530-JPLL95;1036;30-11-2021;28;JPLL95;;ADJUDICADO;LIQ;NO;GESTION MACAL;VÍCTOR ALFREDO MOSTEIRO VALDERRAMA  ;LIQUIDACION;LIQUIDACIONES;[17/NOV] ALZAMIENTOS ENVIADOS AL LIQUIDADOR PARA GESTIONAR 10-03-2022;17-11-2025;1;;;;;;;;;;;;;;10-03-2022;;;
44854-HLSS84;1147;20-10-2022;9;HLSS84;;ADJUDICADO;GENERICO;NO;TRANSFERIDO;CRISTIAN DANIEL BRITO GAJARDO  ;PARTICULAR;PARTICULARES;;;1;;1;;;;;;;;;;31-12-2024;08-01-2025;SM;;;31-01-2025
44882-JKVJ53;1155;17-11-2022;99;JKVJ53;;ADJUDICADO;LIQ;NO;TRANSFERIDO;PATRICIA ALEJANDRA GONZÁLEZ MONSÁLVEZ    ;LIQUIDACION;LIQUIDACIONES;;;1;;1;;;;;;;;;;06-09-2024;10-09-2024;;;;08-10-2024
44917-LSCK90;1171;22-12-2022;30;LSCK90;;ADJUDICADO;LIQ;NO;TRANSFERIDO;CONSTRUCTORA MIGUEL HUMBERTO ABARCA  ;LIQUIDACION;LIQUIDACIONES;;;1;;;;;;;;;;;;28-04-2023;08-08-2024;;04-09-2023;08-08-2024;02-09-2024
44917-CHTR61;1171;22-12-2022;171;CHTR61;;ADJUDICADO;GENERICO;NO;NO TRANSFERIBLE;NORGAS S.A.  ;Empresas Lipigas S.a.  ;BFE;[20/OCT] Embargo TGR resuelto por mandante e ingresado a Registro Civil. Aún vigente en CAV, a la espera de liberación para transferir.;30-09-2025;1;;1;;;;;;;;;;;;;;;
45043-RYVG13;1196;27-04-2023;24;RYVG13;82030490328;ADJUDICADO;LIQ;NO;TRANSFERIDO;ELIANA DE LOS ANGELES HURTADO RODRIGUEZ  ;LIQUIDACION;LIQUIDACIONES;;;1;;;;;;;;;;;;19-07-2024;25-11-2024;;28-08-2024;25-11-2024;27-01-2025
45043-LHPR43;1196;27-04-2023;128;LHPR43;82140413988;ADJUDICADO;LIQ;NO;TRANSFERIDO;EXEQUIEL SEGUNDO MAYNE ALBORNOZ   ;LIQUIDACION;LIQUIDACIONES;;;1;;;;;;;;;;;;30-12-2024;03-12-2024;;;;28-12-2024
45043-HFRL62;1196;27-04-2023;136;HFRL62;;ADJUDICADO;LIQ;NO;TRANSFERIDO;MARCELO ANTONIO VIDAL REYES  ;LIQUIDACION;LIQUIDACIONES;;;1;;;;;;;;;;;;06-11-2024;11-11-2024;;;;30-11-2024
45064-PHHX23;1201;18-05-2023;1;PHHX23;7906015852;ADJUDICADO;LIQ;NO;TRANSFERIDO;MKJ INGENIERIA LIMITADA  ;LIQUIDACION;LIQUIDACIONES;;;1;;;;;;;;;;;;12-09-2024;02-12-2024;;;;19-03-2025
45078-RZBZ46;1209;01-06-2023;11;RZBZ46;;ADJUDICADO;LIQ;NO;TRANSFERIDO;GERMÁN ALEJANDRO CASTILLO PÁEZ  ;LIQUIDACION;LIQUIDACIONES;;;1;;;;;;;;;;;;10-04-2024;25-11-2024;;09-09-2024;25-11-2024;15-12-2024
45092-PBJS17;1210;15-06-2023;2;PBJS17;82030496374;ADJUDICADO;LIQ;NO;TRANSFERIDO;INMOBILIARIA JEPSEN LIMITADA  ;LIQUIDACION;LIQUIDACIONES;;;1;;;;;;;;;;;;16-09-2025;24-10-2025;;;;10-12-2025
45092-KPXF55;1210;15-06-2023;64;KPXF55;82160458533;ADJUDICADO;GENERICO;NO;NO TRANSFERIBLE;TRAZA RENT A CAR VEHICULOS Y MAQUINARIAS LIMITADA  ;TRAZA RENT A CAR VEHICULOS Y MAQUINARIAS LIMITADA  ;BFE;[21/OCT] Vehículo con encargo por robo posterior a la subasta. Mandante se dirigirá a PDI a consultar quién ingreso el encargo.;21-10-2025;1;;;;;;;;;;;;;;;;;
45106-LZKS27;1211;29-06-2023;5;LZKS27;79410224665;ADJUDICADO;LIQ;NO;TRANSFERIDO;JUAN HORACIO ÁLVAREZ SANHUEZA  ;LIQUIDACION;LIQUIDACIONES;;;1;;;;;;;;;;;;20-10-2023;25-11-2024;;21-11-2023;25-11-2024;23-04-2025
45120-HZCY51;1218;13-07-2023;20;HZCY51;82140413996;ADJUDICADO;LIQ;NO;TRANSFERIDO;RESSO SPA  ;LIQUIDACION;LIQUIDACIONES;;;1;;;;;;;;;;;;10-04-2025;11-04-2025;;;;13-05-2025
45148-KXPR91;1224;10-08-2023;21;KXPR91;;ADJUDICADO;LIQ;NO;TRANSFERIDO;MARIELA ERNESTINA MERY FLORES  ;LIQUIDACION;LIQUIDACIONES;;;1;;;;;;;;;;;;01-07-2024;25-11-2024;;27-09-2024;25-11-2024;20-12-2024
45162-RGHB26;1225;24-08-2023;6;RGHB26;53520097295;ADJUDICADO;LIQ;NO;TRANSFERIDO;GUIDO ENRIQUE TRONCOSO JARA  ;LIQUIDACION;LIQUIDACIONES;;;1;;;;;;;;;;;;21-12-2023;25-11-2024;;16-01-2024;25-11-2024;23-04-2025
45176-PGTT65;1232;07-09-2023;1;PGTT65;51410073467;ADJUDICADO;LIQ;NO;NO TRANSFERIBLE;BANCO DE CRÉDITO E INVERSIONES;LIQUIDACION;LIQUIDACIONES;[14/07] UNIDAD PRESENTA ENCARGO POR ROBO VIGENTE ;14-07-2026;1;;;;;;;;;;;;;;29-09-2023;;;
45197-RXTV26;1233;28-09-2023;68;RXTV26;82210205959;ADJUDICADO;LIQ;NO;TRANSFERIDO;MIGUEL ANGEL ALDANA RAMOS  ;LIQUIDACION;LIQUIDACIONES;;;1;;;;;;;;;;;;08-11-2024;11-11-2024;;;;30-11-2024
45197-LTBR16;1233;28-09-2023;88;LTBR16;;ADJUDICADO;MERA;NO;TRANSFERIDO;BANCO SECURITY  ;Comercial Serpan Ltda  ;LEASING;;;1;;1;1;01-01-1900;01-01-1900;01-01-1900;01-01-1900;01-01-1900;01-01-1900;;;22-08-2024;23-08-2024;;;;23-08-2024
45211-GZVY63;1238;12-10-2023;130;GZVY63;78490108277;ADJUDICADO;LIQ;NO;TRANSFERIDO;GESPRO SOLUCIONES S.A  ;LIQUIDACION;LIQUIDACIONES;;;1;;1;;;;;;;;;;07-10-2024;10-10-2024;;;;04-11-2024
45225-DYHG27;1239;26-10-2023;120;DYHG27;82210248991;ADJUDICADO;LIQ;NO;TRANSFERIDO;DANIELA ALEXA REYES PLAZA  ;LIQUIDACION;LIQUIDACIONES;;;1;;;;;;;;;;;;19-07-2024;05-08-2024;;;;29-08-2024
45225-LSC083;1239;26-10-2023;124;LSC083;57500553334;ADJUDICADO;LIQ;NO;TRANSFERIDO;CARLOS EDUARDO ULLOA MARSICOBETRE  ;LIQUIDACION;LIQUIDACIONES;;;1;;1;;;;;;;;;;07-10-2024;14-10-2024;;;;28-11-2024
45239-PHLW46;1242;09-11-2023;33;PHLW46;56500009446;ADJUDICADO;LIQ;NO;TRANSFERIDO;MARTÍN ALONSO GONZÁLEZ JIMÉNEZ  ;LIQUIDACION;LIQUIDACIONES;;;1;;;;;;;;;;;;16-05-2024;25-11-2024;;27-09-2024;25-11-2024;23-04-2025
45239-JZLZ78;1242;09-11-2023;99;JZLZ78;81500257365;ADJUDICADO;MERA;NO;TRANSFERIDO;BANCO SANTANDER CHILE  ;LEASING DEL PACIFICO SPA;LEASING;;;1;;1;1;01-01-1900;01-01-1900;01-01-1900;01-01-1900;01-01-1900;01-01-1900;;;01-01-1900;30-10-2024;;14-10-2024;reingreso solicitado por el comprador;28-11-2024
45239-FGKW51;1242;09-11-2023;114;FGKW51;;ADJUDICADO;GENERICO;NO;TRANSFERIDO;CLARO INFRAESTRUCTURA 171 S. A.  ;Claro Chile S. A.  ;BFE;;;1;;1;;;;;;;;;;25-07-2024;14-08-2024;;;;05-09-2024
45239-ZK8524;1242;09-11-2023;120;ZK8524;;ADJUDICADO;LIQ;NO;TRANSFERIDO;GABRIEL IGNACIO CHICAHUAL COÑA  ;LIQUIDACION;LIQUIDACIONES;;;1;;1;;;;;;;;;;07-10-2024;10-10-2024;;;;04-11-2024
45267-FSXV90;1248;07-12-2023;111;FSXV90;82210249007;ADJUDICADO;LIQ;NO;TRANSFERIDO;ALEJANDRO ALBERTO CONTRERAS LENIS  ;LIQUIDACION;LIQUIDACIONES;;;1;;;;;;;;;;;;19-07-2024;25-11-2024;;27-09-2024;25-11-2024;21-03-2025
45267-GWVK64;1248;07-12-2023;116;GWVK64;81170004378;ADJUDICADO;LIQ;NO;TRANSFERIDO;PABLO ALONSO CRUZ SOTELO  ;LIQUIDACION;LIQUIDACIONES;;;1;;;;;;;;;;;;12-09-2024;25-09-2024;;;;15-10-2024
45274-RDDL56;1250;14-12-2023;8;RDDL56;57520473935;ADJUDICADO;MERA;NO;TRANSFERIDO;BANCO SANTANDER CHILE  ;LEASING DEL PACIFICO SPA;LEASING;;;1;;1;1;01-01-1900;01-01-1900;01-01-1900;01-01-1900;01-01-1900;04-09-2024;;;09-09-2024;09-09-2024;;;;04-10-2024
45274-LVJT42;1250;14-12-2023;16;LVJT42;79390064479;ADJUDICADO;MERA;NO;TRANSFERIDO;BANCO BICE  ;LEASING DEL PACIFICO SPA;LEASING;;;1;;1;1;01-01-1900;01-01-1900;01-01-1900;01-01-1900;01-01-1900;30-08-2024;;;26-01-2024;25-11-2024;Alzado;30-09-2024;26-11-2024;05-02-2025
45281-PSHV14;1251;21-12-2023;4;PSHV14;82220239048;ADJUDICADO;MERA;NO;TRANSFERIDO;BANCO BICE  ;LEASING DEL PACIFICO SPA;LEASING;;;1;Pagado;1;1;19-12-2024;15-01-2025;15-01-2025;22-01-2025;23-01-2025;27-01-2025;;;28-01-2025;28-01-2025;10-02-2025;;;22-02-2025
45281-PCZH59;1251;21-12-2023;45;PCZH59;58140542786;ADJUDICADO;LIQ;NO;TRANSFERIDO;ALEXANDRA JOSE CONDE VALENZUELA   ;LIQUIDACION;LIQUIDACIONES;;;1;;;;;;;;;;;;19-07-2024;05-08-2024;;;;28-08-2024
45281-BCBZ43;1251;21-12-2023;48;BCBZ43;82220239444;ADJUDICADO;LIQ;NO;NO TRANSFERIBLE;GONZALO ISRAEL MARTÍNEZ COLIPE EN LIQUIDACIÓN  ;LIQUIDACION;LIQUIDACIONES;[14/07] UNIDAD PRESENTA ENCARGO POR ROBO VIGENTE ;14-07-2026;1;;;;;;;;;;;;;;16-04-2024;;;
45281-RDDL23;1251;21-12-2023;56;RDDL23;82220239360;ADJUDICADO;MERA;NO;TRANSFERIDO;BANCO SANTANDER CHILE  ;LEASING DEL PACIFICO SPA;LEASING;;;1;;1;1;01-01-1900;01-01-1900;01-01-1900;01-01-1900;01-01-1900;01-01-1900;;;03-09-2024;06-09-2024;;;;02-10-2024
45302-RHFW44;1256;11-01-2024;22;RHFW44;82220342271;ADJUDICADO;MERA;NO;TRANSFERIDO;LA ESTRELLA LEASING LTDA  ;Karsharing spa  ;LEASING;;;1;;1;1;01-01-1900;01-01-1900;01-01-1900;01-01-1900;01-01-1900;01-01-1900;;;04-11-2024;05-11-2024;Alzado;02-05-2024;07-08-2024;05-02-2025
45302-RHLP28;1256;11-01-2024;28;RHLP28;79410091973;ADJUDICADO;LIQ;NO;TRANSFERIDO;LUIS ALEJANDRO CORO SIFONTES EN LIQUIDACIÓN  ;LIQUIDACION;LIQUIDACIONES;;;1;;;;;;;;;;;;28-05-2024;25-11-2024;;27-09-2024;25-11-2024;23-04-2025
45302-RTFT62;1256;11-01-2024;29;RTFT62;82210248967;ADJUDICADO;LIQ;NO;TRANSFERIDO;LUIS ALEJANDRO CORO SIFONTES EN LIQUIDACIÓN  ;LIQUIDACION;LIQUIDACIONES;;;1;;;;;;;;;;;;28-05-2024;25-11-2024;SM;21-06-2024;25-11-2024;21-12-2024
45302-LXGB68;1256;11-01-2024;30;LXGB68;82220239402;ADJUDICADO;GENERICO;NO;TRANSFERIDO;SANTANDER CONSUMER FINANCE LIMITADA  ;SANTANDER CONSUMER;BFE;;;1;;1;;;;;;;;;;12-08-2024;19-08-2024;;;;10-09-2024
45302-LCLC78;1256;11-01-2024;32;LCLC78;82220342313;ADJUDICADO;MERA;NO;TRANSFERIDO;BANCO BICE  ;LEASING DEL PACIFICO SPA;LEASING;;;1;;1;1;23-10-2024;25-10-2024;30-10-2024;11-11-2024;11-11-2024;12-11-2024;;;13-11-2024;20-11-2024;;;;20-12-2024
45302-LSVJ11;1256;11-01-2024;39;LSVJ11;;ADJUDICADO;MERA;NO;TRANSFERIDO;SCOTIABANK CHILE  ;LEASING DEL PACIFICO SPA;LEASING;;;1;;1;1;01-01-1900;01-01-1900;01-01-1900;01-01-1900;01-01-1900;01-01-1900;;;16-02-2024;29-02-2024;;;;23-10-2024
45302-HRGG48;1256;11-01-2024;48;HRGG48;82220342016;ADJUDICADO;MERA;NO;TRANSFERIDO;BANCO SANTANDER CHILE  ;LEASING DEL PACIFICO SPA;LEASING;;;1;;1;1;01-01-1900;01-01-1900;01-01-1900;01-01-1900;01-01-1900;01-01-1900;;;18-03-2024;07-10-2024;;07-06-2024;01-01-1900;29-10-2024
45302-KJLR94;1256;11-01-2024;50;KJLR94;82220342040;ADJUDICADO;MERA;NO;TRANSFERIDO;BANCO SANTANDER CHILE  ;LEASING DEL PACIFICO SPA;LEASING;;;1;;1;1;01-01-1900;01-01-1900;01-01-1900;01-01-1900;01-01-1900;01-01-1900;;;18-03-2024;25-04-2024;;01-04-2024;25-04-2024;25-04-2024
45316-RDDL20;1257;25-01-2024;6;RDDL20;56080020524;ADJUDICADO;MERA;NO;TRANSFERIDO;BANCO SANTANDER CHILE  ;LEASING DEL PACIFICO SPA;LEASING;;;1;Pagado;03-dic;03-dic;04-12-2024;10-12-2024;11-12-2024;16-12-2024;16-12-2024;17-12-2024;;;20-12-2024;27-12-2024;07-01-2025;;;18-01-2025
45316-PCYG43;1257;25-01-2024;14;PCYG43;56500136579;ADJUDICADO;MERA;NO;TRANSFERIDO;ITAU CORPBANCA  ;LEASING DEL PACIFICO SPA;LEASING;;;1;Pagado;19-nov;19-nov;17-12-2024;19-12-2024;27-12-2024;08-01-2025;14-01-2025;15-01-2025;;;17-01-2025;20-01-2025;03-02-2025;;;12-02-2025
45316-LJJL59;1257;25-01-2024;43;LJJL59;81080069016;ADJUDICADO;MERA;NO;TRANSFERIDO;BANCO SANTANDER CHILE  ;LEASING DEL PACIFICO SPA;LEASING;;;1;;1;1;01-01-1900;01-01-1900;01-01-1900;01-01-1900;01-01-1900;01-01-1900;;;18-03-2024;14-11-2024;;18-07-2024;14-11-2024;20-12-2024
45337-PDRG30;1260;15-02-2024;1;PDRG30;82140587617;ADJUDICADO;MERA;NO;TRANSFERIDO;LA ESTRELLA LEASING LTDA  ;Karsharing spa  ;LEASING;;;1;;1;1;01-01-1900;01-01-1900;01-01-1900;01-01-1900;01-01-1900;01-01-1900;;;04-11-2024;05-11-2024;Alzado;24-07-2024;07-08-2024;30-11-2024
45337-RHFW43;1260;15-02-2024;14;RHFW43;82220342263;ADJUDICADO;MERA;NO;TRANSFERIDO;LA ESTRELLA LEASING LTDA  ;Karsharing spa  ;LEASING;;;1;;1;1;01-01-1900;01-01-1900;01-01-1900;01-01-1900;01-01-1900;01-01-1900;;;09-05-2024;03-09-2024;;24-07-2024;12-08-2024;29-10-2024
45351-RPZW90;1261;29-02-2024;10;RPZW90;82470410430;ADJUDICADO;MERA;NO;TRANSFERIDO;LA ESTRELLA LEASING LTDA  ;Karsharing spa  ;LEASING;;;1;;1;1;01-01-1900;01-01-1900;01-01-1900;01-01-1900;01-01-1900;01-01-1900;;;17-04-2024;14-02-2025;;21-01-2025;21-01-2025;13-03-2025
45351-PKDL98;1261;29-02-2024;18;PKDL98;82470410562;ADJUDICADO;MERA;NO;TRANSFERIDO;BANCO SECURITY  ;LEASING DEL PACIFICO SPA;LEASING;;;1;17-06-2024;1;1;29-10-2024;10-12-2024;16-12-2024;19-12-2024;20-12-2024;20-12-2024;;;13-01-2025;14-01-2025;22-01-2025;;14-02-2025;06-02-2025
45351-RCCW23;1261;29-02-2024;29;RCCW23;82470410364;ADJUDICADO;MERA;NO;TRANSFERIDO;LA ESTRELLA LEASING LTDA  ;Karsharing spa  ;LEASING;;;1;;1;1;01-01-1900;01-01-1900;01-01-1900;01-01-1900;01-01-1900;01-01-1900;;;17-04-2024;23-10-2024;;12-07-2024;23-10-2024;28-11-2024
45351-RPZX22;1261;29-02-2024;30;RPZX22;82470410380;ADJUDICADO;MERA;NO;TRANSFERIDO;LA ESTRELLA LEASING LTDA  ;Karsharing spa  ;LEASING;;;1;;1;1;01-01-1900;01-01-1900;01-01-1900;01-01-1900;01-01-1900;01-01-1900;;;17-04-2024;07-08-2024;;18-06-2024;07-08-2024;07-10-2024
45351-RPZV53;1261;29-02-2024;31;RPZV53;82470410414;ADJUDICADO;MERA;NO;TRANSFERIDO;LA ESTRELLA LEASING LTDA  ;Karsharing spa  ;LEASING;;;1;;1;1;01-01-1900;01-01-1900;01-01-1900;01-01-1900;01-01-1900;01-01-1900;;;17-04-2024;07-08-2024;;06-06-2024;07-08-2024;17-04-2024
45351-RPZV89;1261;29-02-2024;32;RPZV89;82470410281;ADJUDICADO;MERA;NO;TRANSFERIDO;LA ESTRELLA LEASING LTDA  ;Karsharing spa  ;LEASING;;;1;;1;1;01-01-1900;01-01-1900;01-01-1900;01-01-1900;01-01-1900;01-01-1900;;;17-04-2024;22-10-2024;;07-06-2024;07-08-2024;15-11-2024
45351-RPZV72;1261;29-02-2024;33;RPZV72;82470410398;ADJUDICADO;MERA;NO;TRANSFERIDO;LA ESTRELLA LEASING LTDA  ;Karsharing spa  ;LEASING;;;1;;1;1;01-01-1900;01-01-1900;01-01-1900;01-01-1900;01-01-1900;01-01-1900;;;17-04-2024;07-10-2024;;04-07-2024;07-08-2024;07-10-2024
45351-RPZZ70;1261;29-02-2024;34;RPZZ70;82470410273;ADJUDICADO;MERA;NO;TRANSFERIDO;LA ESTRELLA LEASING LTDA  ;Karsharing spa  ;LEASING;;;1;;1;1;01-01-1900;01-01-1900;01-01-1900;01-01-1900;01-01-1900;01-01-1900;;;17-04-2024;14-10-2024;Alzado;14-04-2025;14-04-2025;28-04-2025
45351-BBSH36;1261;29-02-2024;50;BBSH36;83290153853;ADJUDICADO;GENERICO;NO;TRANSFERIDO;TRANSPORTES ISTAMBUL LIMITADA  ;PARTICULAR;PARTICULARES;;;1;;;;;;;;;;;;19-03-2024;07-08-2024;;12-06-2024;07-08-2024;29-08-2024
45365-LZYY25;1266;14-03-2024;7;LZYY25;;ADJUDICADO;MERA;NO;TRANSFERIDO;SCOTIABANK CHILE  ;Vehículos de Renta Ltda.;LEASING;;;1;;1;1;18-10-2024;25-10-2024;30-10-2024;11-11-2024;11-11-2024;12-11-2024;;;13-11-2024;20-11-2024;27-11-2025;;;10-12-2024
45365-PBFX15;1266;14-03-2024;9;PBFX15;;ADJUDICADO;MERA;NO;TRANSFERIDO;BANCO DE CRÉDITO E INVERSIONES;LEASING DEL PACIFICO SPA;LEASING;;;1;;1;1;01-01-1900;24-10-2024;24-10-2024;24-10-2024;01-01-1900;17-09-2024;;;25-09-2024;01-10-2024;02-12-2024;;;23-10-2024
45365-PBFX12;1266;14-03-2024;10;PBFX12;83290153887;ADJUDICADO;MERA;NO;TRANSFERIDO;BANCO DE CRÉDITO E INVERSIONES;LEASING DEL PACIFICO SPA;LEASING;;;1;;1;1;01-01-1900;24-10-2024;24-10-2024;24-10-2024;01-01-1900;17-09-2024;;;25-09-2024;01-10-2024;02-12-2024;;;23-10-2024
45365-PBJF91;1266;14-03-2024;11;PBJF91;8329015389;ADJUDICADO;MERA;NO;TRANSFERIDO;SCOTIABANK CHILE  ;Vehículos de Renta Ltda.;LEASING;;;1;;1;1;18-10-2024;25-10-2024;30-10-2024;11-11-2024;11-11-2024;12-11-2024;;;13-11-2024;17-01-2025;27-01-2025;09-12-2024;17-01-2025;12-02-2025
45365-RDDL49;1266;14-03-2024;12;RDDL49;82470410513;ADJUDICADO;MERA;NO;TRANSFERIDO;BANCO SANTANDER CHILE  ;LEASING DEL PACIFICO SPA;LEASING;;;1;28-03-2024;1;1;28-10-2024;05-11-2024;07-11-2024;29-11-2024;29-11-2024;02-12-2024;;;04-12-2024;05-12-2024;;;;27-12-2024
45365-PDKZ24;1266;14-03-2024;13;PDKZ24;83290153473;ADJUDICADO;MERA;NO;TRANSFERIDO;BANCO DE CHILE  ;Vehículos de Renta Ltda.;LEASING;;;1;;01-ene;01-ene;03-02-2025;19-02-2025;20-02-2025;03-03-2025;04-03-2025;06-03-2025;;;02-04-2025;05-05-2025;08-05-2024;;;28-05-2025
45365-LSTL10;1266;14-03-2024;14;LSTL10;83290153465;ADJUDICADO;MERA;NO;TRANSFERIDO;BANCO DE CHILE  ;Vehículos de Renta Ltda.;LEASING;;;1;;01-ene;01-ene;03-02-2025;19-02-2025;20-02-2025;03-03-2025;04-03-2025;06-03-2025;;;10-03-2025;12-03-2025;24-03-2025;;;04-04-2025
45365-LGYT54;1266;14-03-2024;16;LGYT54;83290153481;ADJUDICADO;MERA;NO;TRANSFERIDO;BANCO DE CHILE  ;Vehículos de Renta Ltda.;LEASING;;;1;;;;;;;;;;;;10-04-2025;10-04-2025;;;;09-05-2025
45365-LJCZ25;1266;14-03-2024;17;LJCZ25;82470410034;ADJUDICADO;MERA;NO;TRANSFERIDO;BANCO DE CHILE  ;LEASING DEL PACIFICO SPA;LEASING;;;1;;1;1;12-09-2024;18-12-2024;18-12-2024;19-12-2024;19-12-2024;19-12-2024;;;26-12-2024;30-12-2024;09-01-2025;;;18-01-2025
45365-PRBT96;1266;14-03-2024;36;PRBT96;83290153556;ADJUDICADO;MERA;NO;TRANSFERIDO;BANCO DEL ESTADO DE CHILE  ;Vehículos de Renta Ltda.;LEASING;;;1;;1;1;27-11-2024;28-11-2024;28-11-2024;16-12-2024;16-12-2024;18-12-2024;;;24-12-2024;30-12-2024;09-01-2025;;;21-01-2025
45365-PRBV12;1266;14-03-2024;38;PRBV12;83290153507;ADJUDICADO;MERA;NO;TRANSFERIDO;BANCO DEL ESTADO DE CHILE  ;Vehículos de Renta Ltda.;LEASING;;;1;;1;1;27-11-2024;28-11-2024;28-11-2024;16-12-2024;16-12-2024;18-12-2024;;;24-12-2024;30-12-2024;09-01-2025;;;21-01-2025
45365-PRBT98;1266;14-03-2024;39;PRBT98;83290153499;ADJUDICADO;MERA;NO;TRANSFERIDO;BANCO DEL ESTADO DE CHILE  ;Vehículos de Renta Ltda.;LEASING;;;1;;1;1;27-11-2024;28-11-2024;28-11-2024;16-12-2024;16-12-2024;18-12-2024;;;24-12-2024;07-01-2025;22-01-2025;;;14-10-2025
45365-STH050;1266;14-03-2024;41;STH050;57500553185;ADJUDICADO;GENERICO;NO;TRANSFERIDO;TANNER SERVICIOS FINANCIEROS S.A  ;Tanner Servicios Financieros S.A  ;BFE;;;1;;1;;;;;;;;;;10-05-2024;09-10-2024;;10-07-2024;13-09-2024;30-10-2024
45365-PRBT33;1266;14-03-2024;69;PRBT33;83290153531;ADJUDICADO;MERA;NO;TRANSFERIDO;BANCO DEL ESTADO DE CHILE  ;Vehículos de Renta Ltda.;LEASING;;;1;;1;1;27-11-2024;28-11-2024;28-11-2024;16-12-2024;16-12-2024;18-12-2024;;;24-12-2024;30-12-2024;09-01-2025;;;21-01-2025
45365-PRBT17;1266;14-03-2024;70;PRBT17;83290153564;ADJUDICADO;MERA;NO;TRANSFERIDO;BANCO DEL ESTADO DE CHILE  ;Vehículos de Renta Ltda.;LEASING;;;1;;1;1;27-11-2024;28-11-2024;28-11-2024;16-12-2024;16-12-2024;18-12-2024;;;24-12-2024;30-12-2024;09-01-2025;;;21-01-2025
45365-PRBT43;1266;14-03-2024;71;PRBT43;83290153549;ADJUDICADO;MERA;NO;TRANSFERIDO;BANCO DEL ESTADO DE CHILE  ;Vehículos de Renta Ltda.;LEASING;;;1;;1;1;27-11-2024;28-11-2024;28-11-2024;16-12-2024;16-12-2024;18-12-2024;;;24-12-2024;30-12-2024;09-01-2025;;;21-01-2025
45365-PRBS97;1266;14-03-2024;72;PRBS97;83290153515;ADJUDICADO;MERA;NO;TRANSFERIDO;BANCO DEL ESTADO DE CHILE  ;Vehículos de Renta Ltda.;LEASING;;;1;;1;1;27-11-2024;28-11-2024;28-11-2024;16-12-2024;16-12-2024;18-12-2024;;;24-12-2024;30-12-2024;09-01-2025;;;21-01-2025
45365-PRBT18;1266;14-03-2024;73;PRBT18;83290153523;ADJUDICADO;MERA;NO;TRANSFERIDO;BANCO DEL ESTADO DE CHILE  ;Vehículos de Renta Ltda.;LEASING;;;1;;1;1;27-11-2024;28-11-2024;28-11-2024;16-12-2024;16-12-2024;18-12-2024;;;24-12-2024;30-12-2024;09-01-2025;;;21-01-2025
45372-LBWT94;1269;21-03-2024;8;LBWT94;8329015394;ADJUDICADO;MERA;NO;TRANSFERIDO;BANCO BICE  ;LEASING DEL PACIFICO SPA;LEASING;;;1;;1;1;01-01-1900;01-01-1900;01-01-1900;01-01-1900;01-01-1900;02-09-2024;;;06-09-2024;16-09-2024;;;;05-10-2024
45372-LLHT67;1269;21-03-2024;9;LLHT67;83290161229;ADJUDICADO;MERA;NO;TRANSFERIDO;BANCO DE CHILE  ;LEASING DEL PACIFICO SPA;LEASING;;;1;;1;1;01-01-1900;01-01-1900;01-01-1900;01-01-1900;01-01-1900;01-01-1900;;;24-05-2024;11-06-2024;;;;11-06-2024
45372-RPZV91;1269;21-03-2024;20;RPZV91;82470410299;ADJUDICADO;MERA;NO;TRANSFERIDO;LA ESTRELLA LEASING LTDA  ;Karsharing spa  ;LEASING;;;1;;1;1;01-01-1900;01-01-1900;01-01-1900;01-01-1900;01-01-1900;01-01-1900;;;19-04-2024;08-08-2024;;14-05-2024;08-08-2024;13-09-2024
45372-JYZK16;1269;21-03-2024;21;JYZK16;83290161682;ADJUDICADO;GENERICO;NO;TRANSFERIDO;Vehículos de Renta Ltda.;Vehículos de Renta Ltda.;LEASING;;;1;;1;;;;;;;;;;24-09-2024;01-01-1900;;01-01-1900;01-01-1900;27-09-2024
45372-JZXT54;1269;21-03-2024;22;JZXT54;83290161708;ADJUDICADO;GENERICO;NO;TRANSFERIDO;Vehículos de Renta Ltda.;Vehículos de Renta Ltda.;LEASING;;;1;;1;;;;;;;;;;24-09-2024;01-01-1900;;01-01-1900;01-01-1900;30-10-2024
45372-GDJZ11;1269;21-03-2024;41;GDJZ11;83290161211;ADJUDICADO;MERA;NO;TRANSFERIDO;BANCO DE CHILE  ;LEASING DEL PACIFICO SPA;LEASING;;;1;;1;1;01-01-1900;01-01-1900;01-01-1900;01-01-1900;01-01-1900;01-01-1900;;;24-05-2024;11-06-2024;;;;11-06-2024
45372-PGRJ21;1269;21-03-2024;43;PGRJ21;8329015395;ADJUDICADO;MERA;NO;TRANSFERIDO;BANCO SECURITY  ;LEASING DEL PACIFICO SPA;LEASING;;;1;01-01-1900;1;1;29-10-2024;10-12-2024;16-12-2024;19-12-2024;20-12-2024;20-12-2024;;;13-01-2025;14-01-2025;22-01-2025;;;06-02-2025
45372-KKRR54;1269;21-03-2024;48;KKRR54;83290161484;ADJUDICADO;GENERICO;NO;TRANSFERIDO;Vehículos de Renta Ltda.;Vehículos de Renta Ltda.;LEASING;;;1;;1;;;;;;;;;;10-09-2024;23-09-2024;;;;14-10-2024
45372-KLTS85;1269;21-03-2024;73;KLTS85;8329015400;ADJUDICADO;GENERICO;NO;TRANSFERIDO;SERVICIOS FINANCIEROS MUNDO CREDITO S.A;SERVICIOS FINANCIEROS MUNDO CREDITO S.A;BFE;;;1;;1;;;;;;;;;;15-04-2024;06-08-2024;;;;28-08-2024
45372-DVLW16;1269;21-03-2024;75;DVLW16;8329015398;ADJUDICADO;GENERICO;NO;TRANSFERIDO;SERVICIOS FINANCIEROS MUNDO CREDITO S.A;SERVICIOS FINANCIEROS MUNDO CREDITO S.A;BFE;;;1;;1;;;;;;;;;;15-04-2024;06-08-2024;;;;28-08-2024
45379-RSPY18;1267;28-03-2024;1;RSPY18;83290090246;ADJUDICADO;MERA;NO;TRANSFERIDO;LA ESTRELLA LEASING LTDA  ;Karsharing spa  ;LEASING;;;1;;1;1;01-01-1900;01-01-1900;01-01-1900;01-01-1900;01-01-1900;01-01-1900;;;18-11-2024;18-11-2024;;24-07-2024;07-08-2024;20-12-2024
45379-PCLL63;1267;28-03-2024;3;PCLL63;;ADJUDICADO;MERA;NO;TRANSFERIDO;BANCO DE CRÉDITO E INVERSIONES;LEASING DEL PACIFICO SPA;LEASING;;;1;;1;1;01-01-1900;24-10-2024;24-10-2024;24-10-2024;01-01-1900;13-09-2024;;;25-09-2024;01-10-2024;02-12-2024;;;23-10-2024
45379-PJPY64;1267;28-03-2024;6;PJPY64;83290090667;ADJUDICADO;GENERICO;NO;TRANSFERIDO;SERVICIOS SALFA LTDA. ;SERVICIOS SALFA LTDA. ;LEASING;;;1;;1;;;;;;;;;;22-04-2024;13-08-2024;;;;05-09-2024
45379-RFTH66;1267;28-03-2024;8;RFTH66;83290090592;ADJUDICADO;GENERICO;NO;NO TRANSFERIBLE;LEASING DEL PACIFICO SPA;LEASING DEL PACIFICO SPA;LEASING;VEHICULO ROBADO AL CLIENTE POSTERIOR A LA VENTA (NO TRANSFERIBLE);26-09-2024;1;;1;;;;;;;;;;;;;;;
45379-PCYD28;1267;28-03-2024;9;PCYD28;83290090105;ADJUDICADO;MERA;NO;TRANSFERIDO;ITAU CORPBANCA  ;LEASING DEL PACIFICO SPA;LEASING;;;1;;1;1;01-01-1900;01-01-1900;01-01-1900;01-01-1900;01-01-1900;30-08-2024;;;27-09-2024;23-10-2024;;;;23-10-2024
45379-KVXT91;1267;28-03-2024;14;KVXT91;;ADJUDICADO;MERA;NO;TRANSFERIDO;SCOTIABANK CHILE  ;LEASING DEL PACIFICO SPA;LEASING;;;1;;1;1;30-10-2024;18-11-2024;19-11-2024;25-11-2024;26-11-2024;26-11-2024;;;28-11-2024;05-12-2024;;;;20-12-2024
45379-KVXV22;1267;28-03-2024;15;KVXV22;;ADJUDICADO;MERA;NO;TRANSFERIDO;SCOTIABANK CHILE  ;LEASING DEL PACIFICO SPA;LEASING;;;1;;1;1;30-10-2024;18-11-2024;19-11-2024;25-11-2024;26-11-2024;26-11-2024;;;28-11-2024;05-12-2024;;;;20-12-2024
45379-LDYZ46;1267;28-03-2024;16;LDYZ46;83290090055;ADJUDICADO;MERA;NO;TRANSFERIDO;BANCO SANTANDER CHILE  ;LEASING DEL PACIFICO SPA;LEASING;;;1;;1;1;01-01-1900;01-01-1900;01-01-1900;01-01-1900;01-01-1900;02-09-2024;;;03-09-2024;04-09-2024;;;;01-10-2024
45379-KWJP48;1267;28-03-2024;17;KWJP48;;ADJUDICADO;MERA;NO;TRANSFERIDO;SCOTIABANK CHILE  ;LEASING DEL PACIFICO SPA;LEASING;;;1;;1;1;30-10-2024;18-11-2024;19-11-2024;25-11-2024;26-11-2024;26-11-2024;;;28-11-2024;05-12-2024;;;;20-12-2024
45379-RTPY80;1267;28-03-2024;24;RTPY80;83290090188;ADJUDICADO;MERA;NO;TRANSFERIDO;LA ESTRELLA LEASING LTDA  ;Karsharing spa  ;LEASING;;;1;;1;1;01-01-1900;01-01-1900;01-01-1900;01-01-1900;01-01-1900;01-01-1900;;;04-11-2024;02-12-2024;Alzado;23-07-2024;02-12-2024;27-12-2024
45379-RTPY68;1267;28-03-2024;26;RTPY68;83290090204;ADJUDICADO;MERA;NO;TRANSFERIDO;LA ESTRELLA LEASING LTDA  ;Karsharing spa  ;LEASING;;;1;;1;1;01-01-1900;01-01-1900;01-01-1900;01-01-1900;01-01-1900;01-01-1900;;;01-01-1900;01-01-1900;;23-07-2024;07-08-2024;30-10-2024
45379-RTPZ14;1267;28-03-2024;27;RTPZ14;83290090212;ADJUDICADO;MERA;NO;TRANSFERIDO;LA ESTRELLA LEASING LTDA  ;Karsharing spa  ;LEASING;;;1;;1;1;01-01-1900;01-01-1900;01-01-1900;01-01-1900;01-01-1900;01-01-1900;;;09-05-2024;20-08-2024;;23-07-2024;19-08-2024;26-09-2024
45379-RTPY70;1267;28-03-2024;28;RTPY70;83290090238;ADJUDICADO;MERA;NO;TRANSFERIDO;LA ESTRELLA LEASING LTDA  ;Karsharing spa  ;LEASING;;;1;;1;1;01-01-1900;01-01-1900;01-01-1900;01-01-1900;01-01-1900;01-01-1900;;;18-11-2024;18-11-2024;;23-07-2024;07-08-2024;20-12-2024
45379-RTPY73;1267;28-03-2024;29;RTPY73;83290090220;ADJUDICADO;MERA;NO;TRANSFERIDO;LA ESTRELLA LEASING LTDA  ;Karsharing spa  ;LEASING;;;1;;1;1;01-01-1900;01-01-1900;01-01-1900;01-01-1900;01-01-1900;01-01-1900;;;09-05-2024;02-09-2024;;23-07-2024;02-09-2024;09-05-2024
45379-RXCV14;1267;28-03-2024;34;RXCV14;83290090279;ADJUDICADO;MERA;NO;TRANSFERIDO;LA ESTRELLA LEASING LTDA  ;Karsharing spa  ;LEASING;;;1;;1;1;01-01-1900;01-01-1900;01-01-1900;01-01-1900;01-01-1900;01-01-1900;;;04-11-2024;05-12-2024;;23-07-2024;07-08-2024;17-02-2025
45379-RSKZ99;1267;28-03-2024;35;RSKZ99;83290153598;ADJUDICADO;MERA;NO;TRANSFERIDO;LA ESTRELLA LEASING LTDA  ;Karsharing spa  ;LEASING;;;1;;1;1;01-01-1900;01-01-1900;01-01-1900;01-01-1900;01-01-1900;01-01-1900;;;09-05-2024;21-08-2024;;23-07-2024;12-08-2024;20-12-2024
45379-RVWB39;1267;28-03-2024;37;RVWB39;83290090253;ADJUDICADO;MERA;NO;TRANSFERIDO;LA ESTRELLA LEASING LTDA  ;Karsharing spa  ;LEASING;;;1;;1;1;01-01-1900;01-01-1900;01-01-1900;01-01-1900;01-01-1900;01-01-1900;;;09-05-2024;02-09-2024;;23-07-2024;02-09-2024;16-09-2024
45379-GBDV27;1267;28-03-2024;38;GBDV27;83290090634;ADJUDICADO;GENERICO;NO;TRANSFERIDO;Salinas y Fabres SA  ;Salinas y Fabres SA  ;LEASING;;;1;;;;;;;;;;;;19-08-2025;21-08-2025;;;;10-09-2025
45379-JYZK20;1267;28-03-2024;45;JYZK20;83290090527;ADJUDICADO;GENERICO;NO;TRANSFERIDO;Vehículos de Renta Ltda.;Vehículos de Renta Ltda.;LEASING;;;1;;1;;;;;;;;;;10-09-2024;27-09-2024;;;;19-10-2024
45379-KPZP35;1267;28-03-2024;46;KPZP35;83290090477;ADJUDICADO;GENERICO;NO;TRANSFERIDO;Vehículos de Renta Ltda.;Vehículos de Renta Ltda.;LEASING;;;1;;1;;;;;;;;;;24-09-2024;06-11-2024;;18-10-2024;05-11-2024;28-11-2024
45379-RVVW38;1267;28-03-2024;48;RVVW38;83290090170;ADJUDICADO;MERA;NO;TRANSFERIDO;LA ESTRELLA LEASING LTDA  ;Karsharing spa  ;LEASING;;;1;;1;1;01-01-1900;01-01-1900;01-01-1900;01-01-1900;01-01-1900;01-01-1900;;;09-05-2024;09-09-2024;;;;29-10-2024
45379-JZLV61;1267;28-03-2024;50;JZLV61;83290090071;ADJUDICADO;MERA;NO;TRANSFERIDO;BANCO SANTANDER CHILE  ;LEASING DEL PACIFICO SPA;LEASING;;;1;;1;1;01-01-1900;01-01-1900;01-01-1900;01-01-1900;01-01-1900;02-09-2024;;;03-09-2024;04-09-2024;;;;01-10-2024
45379-RLKB83;1267;28-03-2024;51;RLKB83;83290090097;ADJUDICADO;MERA;NO;TRANSFERIDO;ITAU CORPBANCA  ;SERVICIOS SALFA LTDA. ;LEASING;;;1;;1;1;01-01-1900;01-01-1900;01-01-1900;01-01-1900;01-01-1900;01-01-1900;;;13-08-2024;23-08-2024;;;;14-09-2024
45379-RLKD20;1267;28-03-2024;52;RLKD20;83290090089;ADJUDICADO;MERA;NO;TRANSFERIDO;ITAU CORPBANCA  ;SERVICIOS SALFA LTDA. ;LEASING;;;1;;1;1;01-01-1900;01-01-1900;01-01-1900;01-01-1900;01-01-1900;01-01-1900;;;13-08-2024;22-08-2024;;;;13-09-2024
45379-PXZX57;1267;28-03-2024;56;PXZX57;83290090113;ADJUDICADO;GENERICO;NO;TRANSFERIDO;KARSHARING SPA  ;Karsharing spa  ;LEASING;;;1;;1;;;;;;;;;;22-04-2024;29-10-2024;;;;28-11-2024
45379-JZPF72;1267;28-03-2024;61;JZPF72;83290090063;ADJUDICADO;MERA;NO;TRANSFERIDO;BANCO SANTANDER CHILE  ;LEASING DEL PACIFICO SPA;LEASING;;;1;;1;1;01-01-1900;01-01-1900;01-01-1900;01-01-1900;01-01-1900;02-09-2024;;;03-09-2024;04-09-2024;;;;01-10-2024
45379-KPZL83;1267;28-03-2024;74;KPZL83;83290090485;ADJUDICADO;GENERICO;NO;TRANSFERIDO;Vehículos de Renta Ltda.;Vehículos de Renta Ltda.;LEASING;;;1;;1;;;;;;;;;;24-09-2024;01-01-1900;;01-01-1900;01-01-1900;30-10-2024
45379-LPRX70;1267;28-03-2024;75;LPRX70;83290090048;ADJUDICADO;MERA;NO;TRANSFERIDO;BANCO SANTANDER CHILE  ;LEASING DEL PACIFICO SPA;LEASING;;;1;;1;1;01-01-1900;01-01-1900;01-01-1900;01-01-1900;01-01-1900;02-09-2024;;;03-09-2024;04-09-2024;;;;01-10-2024
45386-LPFZ80;1273;04-04-2024;3;LPFZ80;83290005897;ADJUDICADO;GENERICO;NO;NO TRANSFERIBLE;LEASING DEL PACIFICO SPA;LEASING DEL PACIFICO SPA;LEASING;VEHICULO ROBADO AL CLIENTE POSTERIOR A LA VENTA (NO TRANSFERIBLE);07-10-2024;1;;1;;;;;;;;;;;;;;;
45386-GXSZ38;1273;04-04-2024;34;GXSZ38;;ADJUDICADO;GENERICO;NO;TRANSFERIDO;SERVICIOS FINANCIEROS MUNDO CREDITO S.A;SERVICIOS FINANCIEROS MUNDO CREDITO S.A;BFE;;;1;;1;;;;;;;;;;26-08-2024;27-08-2024;;;;17-09-2024
45386-LPRS25;1273;04-04-2024;42;LPRS25;8329000586;ADJUDICADO;GENERICO;NO;TRANSFERIDO;Vehículos de Renta Ltda.;Vehículos de Renta Ltda.;LEASING;;;1;;1;;;;;;;;;;10-09-2024;23-09-2024;;;;14-10-2024
45386-KZBX26;1273;04-04-2024;47;KZBX26;83290005905;ADJUDICADO;GENERICO;NO;TRANSFERIDO;Vehículos de Renta Ltda.;Vehículos de Renta Ltda.;LEASING;;;1;;1;;;;;;;;;;10-09-2024;23-09-2024;;;;14-10-2024
45386-LPRT40;1273;04-04-2024;50;LPRT40;8329000584;ADJUDICADO;GENERICO;NO;TRANSFERIDO;Vehículos de Renta Ltda.;Vehículos de Renta Ltda.;LEASING;;;1;;1;;;;;;;;;;10-09-2024;23-09-2024;;;;14-10-2024
45393-LYFB54;1274;11-04-2024;3;LYFB54;83290010624;ADJUDICADO;GENERICO;NO;TRANSFERIDO;Vehículos de Renta Ltda.;Vehículos de Renta Ltda.;LEASING;;;1;;1;;;;;;;;;;10-09-2024;23-09-2024;;;;14-10-2024
45393-LTLL47;1274;11-04-2024;43;LTLL47;83290010749;ADJUDICADO;GENERICO;NO;TRANSFERIDO;Vehículos de Renta Ltda.;Vehículos de Renta Ltda.;LEASING;;;1;;1;;;;;;;;;;10-09-2024;23-09-2024;;;;14-10-2024
45400-LWZZ77;1276;18-04-2024;1;LWZZ77;83290050950;ADJUDICADO;GENERICO;NO;TRANSFERIDO;Vehículos de Renta Ltda.;Vehículos de Renta Ltda.;LEASING;;;1;;1;;;;;;;;;;10-09-2024;23-09-2024;;;;14-10-2024
45400-KBJC93;1276;18-04-2024;3;KBJC93;83290061544;ADJUDICADO;MERA;NO;TRANSFERIDO;BANCO DE CHILE  ;LEASING DEL PACIFICO SPA;LEASING;;;1;;1;1;12-09-2024;18-12-2024;18-12-2024;19-12-2024;19-12-2024;19-12-2024;;;26-12-2024;30-12-2024;09-01-2025;;;18-01-2025
45400-KBJD43;1276;18-04-2024;5;KBJD43;83290061528;ADJUDICADO;MERA;NO;TRANSFERIDO;BANCO DE CHILE  ;LEASING DEL PACIFICO SPA;LEASING;;;1;;1;1;12-09-2024;18-12-2024;18-12-2024;19-12-2024;19-12-2024;19-12-2024;;;26-12-2024;30-12-2024;09-01-2025;;;18-01-2025
45400-KBJD33;1276;18-04-2024;6;KBJD33;83290061593;ADJUDICADO;MERA;NO;TRANSFERIDO;BANCO DE CHILE  ;LEASING DEL PACIFICO SPA;LEASING;;;1;;1;1;12-09-2024;18-12-2024;18-12-2024;19-12-2024;19-12-2024;19-12-2024;;;26-12-2024;30-12-2024;09-01-2025;;;18-01-2025
45400-LYFB57;1276;18-04-2024;7;LYFB57;83290050984;ADJUDICADO;GENERICO;NO;TRANSFERIDO;Vehículos de Renta Ltda.;Vehículos de Renta Ltda.;LEASING;;;1;;1;;;;;;;;;;10-09-2024;23-09-2024;;;;14-10-2024
45400-PCYS42;1276;18-04-2024;9;PCYS42;83290061700;ADJUDICADO;MERA;NO;TRANSFERIDO;ITAU CORPBANCA  ;LEASING DEL PACIFICO SPA;LEASING;;;1;;1;1;01-01-1900;01-01-1900;01-01-1900;01-01-1900;01-01-1900;30-08-2024;;;27-09-2024;23-10-2024;;;;23-10-2024
45400-RBVJ89;1276;18-04-2024;10;RBVJ89;83290061585;ADJUDICADO;MERA;NO;TRANSFERIDO;BANCO DE CHILE  ;LEASING DEL PACIFICO SPA;LEASING;;;1;02-09-2024;1;1;12-09-2024;18-12-2024;18-12-2024;19-12-2024;19-12-2024;19-12-2024;;;26-12-2024;30-12-2024;09-01-2025;;;21-01-2025
45400-LVRT64;1276;18-04-2024;12;LVRT64;83290050968;ADJUDICADO;GENERICO;NO;TRANSFERIDO;Vehículos de Renta Ltda.;Vehículos de Renta Ltda.;LEASING;;;1;;1;;;;;;;;;;10-09-2024;23-09-2024;;;;14-10-2024
45400-LYFB60;1276;18-04-2024;13;LYFB60;83290061965;ADJUDICADO;GENERICO;NO;TRANSFERIDO;Vehículos de Renta Ltda.;Vehículos de Renta Ltda.;LEASING;;;1;;1;;;;;;;;;;10-09-2024;23-09-2024;;;;14-10-2024
45400-LVRT58;1276;18-04-2024;15;LVRT58;83290050919;ADJUDICADO;GENERICO;NO;TRANSFERIDO;Vehículos de Renta Ltda.;Vehículos de Renta Ltda.;LEASING;;;1;;1;;;;;;;;;;10-09-2024;23-09-2024;;;;14-10-2024
45400-LTZW69;1276;18-04-2024;16;LTZW69;83290050901;ADJUDICADO;GENERICO;NO;TRANSFERIDO;Vehículos de Renta Ltda.;Vehículos de Renta Ltda.;LEASING;;;1;;1;;;;;;;;;;10-09-2024;23-09-2024;;;;14-10-2024
45400-JXXG59;1276;18-04-2024;17;JXXG59;81070178660;ADJUDICADO;GENERICO;NO;TRANSFERIDO;BANCO DEL ESTADO DE CHILE  ;Banco Estado;BFE;;;1;;1;;;;;;;;;;20-08-2024;22-08-2024;;;;12-09-2024
45400-LTGH51;1276;18-04-2024;18;LTGH51;82420290346;ADJUDICADO;GENERICO;NO;TRANSFERIDO;Vehículos de Renta Ltda.;Vehículos de Renta Ltda.;LEASING;;;1;;1;;;;;;;;;;10-09-2024;23-09-2024;;;;14-10-2024
45400-LTGH50;1276;18-04-2024;19;LTGH50;82420290338;ADJUDICADO;GENERICO;NO;TRANSFERIDO;Vehículos de Renta Ltda.;Vehículos de Renta Ltda.;LEASING;;;1;;1;;;;;;;;;;10-09-2024;23-09-2024;;;;14-10-2024
45400-LTGH52;1276;18-04-2024;20;LTGH52;82420290353;ADJUDICADO;GENERICO;NO;TRANSFERIDO;Vehículos de Renta Ltda.;Vehículos de Renta Ltda.;LEASING;;;1;;1;;;;;;;;;;10-09-2024;23-09-2024;;;;14-10-2024
45400-LPRX18;1276;18-04-2024;21;LPRX18;83290050927;ADJUDICADO;GENERICO;NO;TRANSFERIDO;Vehículos de Renta Ltda.;Vehículos de Renta Ltda.;LEASING;;;1;;1;;;;;;;;;;10-09-2024;23-09-2024;;;;14-10-2024
45400-LPRX14;1276;18-04-2024;22;LPRX14;83290061999;ADJUDICADO;GENERICO;NO;TRANSFERIDO;Vehículos de Renta Ltda.;Vehículos de Renta Ltda.;LEASING;;;1;;1;;;;;;;;;;10-09-2024;23-09-2024;;;;14-10-2024
45400-LPRX21;1276;18-04-2024;23;LPRX21;83290050943;ADJUDICADO;GENERICO;NO;TRANSFERIDO;Vehículos de Renta Ltda.;Vehículos de Renta Ltda.;LEASING;;;1;;1;;;;;;;;;;10-09-2024;23-09-2024;;;;14-10-2024
45400-LPRX20;1276;18-04-2024;24;LPRX20;83290050935;ADJUDICADO;GENERICO;NO;TRANSFERIDO;Vehículos de Renta Ltda.;Vehículos de Renta Ltda.;LEASING;;;1;;1;;;;;;;;;;10-09-2024;23-09-2024;;;;14-10-2024
45400-KFBB38;1276;18-04-2024;25;KFBB38;83290061577;ADJUDICADO;MERA;NO;TRANSFERIDO;BANCO DE CHILE  ;LEASING DEL PACIFICO SPA;LEASING;;;1;;1;1;12-09-2024;18-12-2024;18-12-2024;19-12-2024;19-12-2024;19-12-2024;;;26-12-2024;30-12-2024;09-01-2025;;;17-02-2025
45400-LJCY52;1276;18-04-2024;30;LJCY52;83290061551;ANULACION;MERA;NO;NO APLICA;BANCO DE CHILE  ;LEASING DEL PACIFICO SPA;LEASING;;;;;;;;;;;;;;;;;;;;
45400-LJJL51;1276;18-04-2024;31;LJJL51;83290061890;ADJUDICADO;MERA;NO;TRANSFERIDO;BANCO SANTANDER CHILE  ;LEASING DEL PACIFICO SPA;LEASING;;;1;;1;1;01-01-1900;01-01-1900;01-01-1900;01-01-1900;01-01-1900;30-08-2024;;;05-09-2024;16-09-2024;;;;28-11-2024
45400-LJJL13;1276;18-04-2024;32;LJJL13;83290061924;ADJUDICADO;MERA;NO;TRANSFERIDO;BANCO SANTANDER CHILE  ;LEASING DEL PACIFICO SPA;LEASING;;;1;;1;1;01-01-1900;01-01-1900;01-01-1900;01-01-1900;01-01-1900;30-08-2024;;;05-09-2024;16-09-2024;;;;04-10-2024
45400-LRBG99;1276;18-04-2024;33;LRBG99;83290061601;ADJUDICADO;MERA;NO;TRANSFERIDO;BANCO DE CHILE  ;LEASING DEL PACIFICO SPA;LEASING;;;1;;1;1;12-09-2024;18-12-2024;18-12-2024;19-12-2024;19-12-2024;19-12-2024;;;26-12-2024;30-12-2024;09-01-2025;;;18-01-2025
45400-LRBH13;1276;18-04-2024;34;LRBH13;83290061569;ADJUDICADO;MERA;NO;TRANSFERIDO;BANCO DE CHILE  ;LEASING DEL PACIFICO SPA;LEASING;;;1;;1;1;12-09-2024;18-12-2024;18-12-2024;19-12-2024;19-12-2024;19-12-2024;;;26-12-2024;30-12-2024;09-01-2025;;;21-01-2025
45400-LJJZ37;1276;18-04-2024;55;LJJZ37;83290061908;ADJUDICADO;MERA;NO;TRANSFERIDO;BANCO SANTANDER CHILE  ;LEASING DEL PACIFICO SPA;LEASING;;;1;;1;1;01-01-1900;01-01-1900;01-01-1900;01-01-1900;01-01-1900;30-08-2024;;;05-09-2024;16-09-2024;;;;28-11-2024
45400-LJRC45;1276;18-04-2024;56;LJRC45;83290061882;ADJUDICADO;MERA;NO;TRANSFERIDO;BANCO SANTANDER CHILE  ;LEASING DEL PACIFICO SPA;LEASING;;;1;;1;1;01-01-1900;01-01-1900;01-01-1900;01-01-1900;01-01-1900;30-08-2024;;;05-09-2024;16-09-2024;;;;28-11-2024
45400-LCKZ46;1276;18-04-2024;57;LCKZ46;83290061502;ADJUDICADO;MERA;NO;TRANSFERIDO;BANCO BICE  ;LEASING DEL PACIFICO SPA;LEASING;;;1;;1;1;01-01-1900;01-01-1900;01-01-1900;01-01-1900;01-01-1900;02-09-2024;;;06-09-2024;16-09-2024;;;;05-10-2024
45400-LTLF46;1276;18-04-2024;59;LTLF46;83290050976;ADJUDICADO;GENERICO;NO;TRANSFERIDO;Vehículos de Renta Ltda.;Vehículos de Renta Ltda.;LEASING;;;1;;1;;;;;;;;;;10-09-2024;23-09-2024;;;;14-10-2024
45400-LTLL60;1276;18-04-2024;60;LTLL60;83290050893;ADJUDICADO;GENERICO;NO;TRANSFERIDO;Vehículos de Renta Ltda.;Vehículos de Renta Ltda.;LEASING;;;1;;1;;;;;;;;;;10-09-2024;23-09-2024;;;;14-10-2024
45400-LTLL50;1276;18-04-2024;61;LTLL50;83290050885;ADJUDICADO;GENERICO;NO;TRANSFERIDO;Vehículos de Renta Ltda.;Vehículos de Renta Ltda.;LEASING;;;1;;1;;;;;;;;;;10-09-2024;23-09-2024;;;;14-10-2024
45400-LTLF48;1276;18-04-2024;62;LTLF48;83290062005;ADJUDICADO;GENERICO;NO;TRANSFERIDO;Vehículos de Renta Ltda.;Vehículos de Renta Ltda.;LEASING;;;1;;1;;;;;;;;;;10-09-2024;15-10-2024;;;;15-10-2024
45400-LBXL75;1276;18-04-2024;65;LBXL75;83290061478;ADJUDICADO;GENERICO;NO;TRANSFERIDO;BANCO DEL ESTADO DE CHILE  ;Banco Estado;BFE;;;1;;1;;;;;;;;;;20-08-2024;22-08-2024;;;;12-09-2024
45400-LYFF75;1276;18-04-2024;70;LYFF75;83290061973;ADJUDICADO;GENERICO;NO;TRANSFERIDO;Vehículos de Renta Ltda.;Vehículos de Renta Ltda.;LEASING;;;1;;1;;;;;;;;;;10-09-2024;23-09-2024;;;;14-10-2024
45400-LYFF74;1276;18-04-2024;71;LYFF74;83290051008;ADJUDICADO;GENERICO;NO;TRANSFERIDO;Vehículos de Renta Ltda.;Vehículos de Renta Ltda.;LEASING;;;1;;1;;;;;;;;;;10-09-2024;23-09-2024;;;;12-11-2024
45400-LWZX20;1276;18-04-2024;73;LWZX20;83290050992;ADJUDICADO;GENERICO;NO;TRANSFERIDO;Vehículos de Renta Ltda.;Vehículos de Renta Ltda.;LEASING;;;1;;1;;;;;;;;;;10-09-2024;23-09-2024;;;;08-01-2025
45400-KFPB26;1276;18-04-2024;75;KFPB26;;ADJUDICADO;GENERICO;NO;TRANSFERIDO;SERVICIOS FINANCIEROS MUNDO CREDITO S.A;SERVICIOS FINANCIEROS MUNDO CREDITO S.A;BFE;;;1;;1;;;;;;;;;;12-08-2024;19-08-2024;;;;10-09-2024
45400-KVXT98;1276;18-04-2024;76;KVXT98;83290061510;ADJUDICADO;MERA;NO;TRANSFERIDO;BANCO BICE  ;LEASING DEL PACIFICO SPA;LEASING;;;1;;1;1;01-01-1900;01-01-1900;01-01-1900;01-01-1900;01-01-1900;02-09-2024;;;06-09-2024;16-09-2024;;;;05-10-2024
45400-LBCW95;1276;18-04-2024;78;LBCW95;83290061460;ADJUDICADO;GENERICO;NO;TRANSFERIDO;BANCO DEL ESTADO DE CHILE  ;Banco Estado;BFE;;;1;;1;;;;;;;;;;20-08-2024;22-08-2024;;;;12-09-2024
45400-KRYP60;1276;18-04-2024;79;KRYP60;83290061494;ADJUDICADO;MERA;NO;TRANSFERIDO;BANCO BICE  ;LEASING DEL PACIFICO SPA;LEASING;;;1;;1;1;01-01-1900;01-01-1900;01-01-1900;01-01-1900;01-01-1900;02-09-2024;;;06-09-2024;16-09-2024;;;;05-10-2024
45407-JKLW17;1277;25-04-2024;3;JKLW17;83330021045;ADJUDICADO;MERA;NO;TRANSFERIDO;ITAU CORPBANCA  ;LEASING DEL PACIFICO SPA;LEASING;;;1;;1;1;01-01-1900;01-01-1900;01-01-1900;01-01-1900;01-01-1900;30-08-2024;;;27-09-2024;23-10-2024;;;;23-10-2024
45407-KCKW10;1277;25-04-2024;4;KCKW10;83290161625;ADJUDICADO;GENERICO;NO;TRANSFERIDO;Vehículos de Renta Ltda.;Vehículos de Renta Ltda.;LEASING;;;1;;1;;;;;;;;;;10-09-2024;23-09-2024;;;;13-10-2024
45407-LCWR29;1277;25-04-2024;20;LCWR29;83330021425;ADJUDICADO;GENERICO;NO;TRANSFERIDO;Vehículos de Renta Ltda.;Vehículos de Renta Ltda.;LEASING;;;1;;1;;;;;;;;;;24-09-2024;01-01-1900;;01-01-1900;01-01-1900;27-09-2024
45407-LWZD94;1277;25-04-2024;25;LWZD94;83330021615;ADJUDICADO;MERA;NO;TRANSFERIDO;BANCO SANTANDER CHILE  ;LEASING DEL PACIFICO SPA;LEASING;;;1;06-09-2024;06-sept;06-sept;28-10-2024;05-11-2024;07-11-2024;29-11-2024;29-11-2024;02-12-2024;;;04-12-2024;05-12-2024;;;;27-12-2024
45407-LWZD97;1277;25-04-2024;26;LWZD97;83330021623;ADJUDICADO;MERA;NO;TRANSFERIDO;BANCO SANTANDER CHILE  ;LEASING DEL PACIFICO SPA;LEASING;;;1;06-09-2024;06-sept;06-sept;28-10-2024;05-11-2024;07-11-2024;29-11-2024;29-11-2024;02-12-2024;;;04-12-2024;05-12-2024;;;;27-12-2024
45407-KVXR34;1277;25-04-2024;27;KVXR34;83330021110;ADJUDICADO;GENERICO;NO;TRANSFERIDO;LEASING DEL PACIFICO SPA;LEASING DEL PACIFICO SPA;LEASING;;;1;;1;;;;;;;;;;14-06-2024;25-06-2024;;;;20-07-2024
45407-LDYZ36;1277;25-04-2024;39;LDYZ36;83330021631;ADJUDICADO;MERA;NO;TRANSFERIDO;BANCO SANTANDER CHILE  ;LEASING DEL PACIFICO SPA;LEASING;;;1;;1;1;01-01-1900;01-01-1900;01-01-1900;01-01-1900;01-01-1900;30-08-2024;;;05-09-2024;16-09-2024;;;;04-10-2024
45407-LJJL35;1277;25-04-2024;40;LJJL35;83330021607;ADJUDICADO;MERA;NO;TRANSFERIDO;BANCO SANTANDER CHILE  ;LEASING DEL PACIFICO SPA;LEASING;;;1;;1;1;01-01-1900;01-01-1900;01-01-1900;01-01-1900;01-01-1900;30-08-2024;;;05-09-2024;16-09-2024;;;;28-11-2024
45407-LGRK18;1277;25-04-2024;49;LGRK18;83290005764;ADJUDICADO;GENERICO;NO;TRANSFERIDO;Vehículos de Renta Ltda.;Vehículos de Renta Ltda.;LEASING;;;1;;1;;;;;;;;;;10-09-2024;26-09-2024;;;;17-10-2024
45407-KJLL47;1277;25-04-2024;68;KJLL47;83290161476;ADJUDICADO;GENERICO;NO;TRANSFERIDO;Vehículos de Renta Ltda.;Vehículos de Renta Ltda.;LEASING;;;1;;1;;;;;;;;;;10-09-2024;23-09-2024;;;;27-11-2024
45407-PDZZ48;1277;25-04-2024;72;PDZZ48;83330021052;ADJUDICADO;MERA;NO;TRANSFERIDO;ITAU CORPBANCA  ;LEASING DEL PACIFICO SPA;LEASING;;;1;Pagado;23-may;23-may;17-12-2024;19-12-2024;27-12-2024;08-01-2025;14-01-2025;15-01-2025;;;17-01-2025;20-01-2025;03-02-2025;;;12-02-2025
45414-LJSB48;1281;02-05-2024;2;LJSB48;83450065848;ADJUDICADO;GENERICO;NO;TRANSFERIDO;Vehículos de Renta Ltda.;Vehículos de Renta Ltda.;LEASING;;;1;;1;;;;;;;;;;10-09-2024;23-09-2024;;;;13-10-2024
45414-LJSB47;1281;02-05-2024;3;LJSB47;83450065913;ADJUDICADO;GENERICO;NO;TRANSFERIDO;Vehículos de Renta Ltda.;Vehículos de Renta Ltda.;LEASING;;;1;;1;;;;;;;;;;10-09-2024;23-09-2024;;;;13-10-2024
45414-RTCC99;1281;02-05-2024;10;RTCC99;83290061676;ADJUDICADO;MERA;NO;TRANSFERIDO;LA ESTRELLA LEASING LTDA  ;Karsharing spa  ;LEASING;;;1;;1;1;01-01-1900;01-01-1900;01-01-1900;01-01-1900;01-01-1900;01-01-1900;;;11-07-2024;20-08-2024;;;20-08-2024;30-08-2024
45414-RXCV42;1281;02-05-2024;11;RXCV42;83290061643;ADJUDICADO;MERA;NO;TRANSFERIDO;LA ESTRELLA LEASING LTDA  ;Karsharing spa  ;LEASING;;;1;;1;1;01-01-1900;01-01-1900;01-01-1900;01-01-1900;01-01-1900;01-01-1900;;;11-07-2024;20-08-2024;;;20-08-2024;30-08-2024
45414-RVSC13;1281;02-05-2024;12;RVSC13;83290090154;ADJUDICADO;MERA;NO;TRANSFERIDO;LA ESTRELLA LEASING LTDA  ;Karsharing spa  ;LEASING;;;1;;1;1;01-01-1900;01-01-1900;01-01-1900;01-01-1900;01-01-1900;01-01-1900;;;11-07-2024;20-08-2024;;;20-08-2024;30-08-2024
45414-LGZJ22;1281;02-05-2024;13;LGZJ22;83450065814;ADJUDICADO;GENERICO;NO;TRANSFERIDO;TANNER SERVICIOS FINANCIEROS S.A  ;Tanner Servicios Financieros S.A  ;BFE;;;1;;1;;;;;;;;;;03-07-2024;13-08-2024;;;;05-09-2024
45414-GJDT93;1281;02-05-2024;16;GJDT93;83450065806;ADJUDICADO;GENERICO;NO;TRANSFERIDO;TANNER SERVICIOS FINANCIEROS S.A  ;Tanner Servicios Financieros S.A  ;BFE;;;1;;1;;;;;;;;;;03-07-2024;13-08-2024;;;;05-09-2024
45414-LYFB52;1281;02-05-2024;23;LYFB52;83450065947;ADJUDICADO;GENERICO;NO;TRANSFERIDO;Vehículos de Renta Ltda.;Vehículos de Renta Ltda.;LEASING;;;1;;1;;;;;;;;;;10-09-2024;23-09-2024;;;;13-10-2024
45414-LPRW80;1281;02-05-2024;24;LPRW80;83450065897;ADJUDICADO;GENERICO;NO;TRANSFERIDO;Vehículos de Renta Ltda.;Vehículos de Renta Ltda.;LEASING;;;1;;1;;;;;;;;;;10-09-2024;23-09-2024;;;;13-10-2024
45414-LPRS16;1281;02-05-2024;26;LPRS16;83450065830;ADJUDICADO;GENERICO;NO;TRANSFERIDO;Vehículos de Renta Ltda.;Vehículos de Renta Ltda.;LEASING;;;1;;1;;;;;;;;;;10-09-2024;23-09-2024;;;;13-10-2024
45414-LYFF85;1281;02-05-2024;27;LYFF85;83450065855;ADJUDICADO;GENERICO;NO;TRANSFERIDO;Vehículos de Renta Ltda.;Vehículos de Renta Ltda.;LEASING;;;1;;1;;;;;;;;;;10-09-2024;23-09-2024;;;;08-01-2025
45414-LYFF70;1281;02-05-2024;29;LYFF70;83450065863;ADJUDICADO;GENERICO;NO;TRANSFERIDO;Vehículos de Renta Ltda.;Vehículos de Renta Ltda.;LEASING;;;1;;1;;;;;;;;;;10-09-2024;17-10-2024;;14-10-2024;14-10-2024;08-05-2025
45414-LLVD20;1281;02-05-2024;30;LLVD20;83450065889;ADJUDICADO;GENERICO;NO;TRANSFERIDO;Vehículos de Renta Ltda.;Vehículos de Renta Ltda.;LEASING;;;1;;1;;;;;;;;;;10-09-2024;23-09-2024;;;;13-10-2024
45414-LTLL51;1281;02-05-2024;34;LTLL51;83450065939;ADJUDICADO;GENERICO;NO;TRANSFERIDO;Vehículos de Renta Ltda.;Vehículos de Renta Ltda.;LEASING;;;1;;1;;;;;;;;;;10-09-2024;23-09-2024;;;;13-10-2024
45414-LTLF35;1281;02-05-2024;35;LTLF35;83450065921;ADJUDICADO;GENERICO;NO;TRANSFERIDO;Vehículos de Renta Ltda.;Vehículos de Renta Ltda.;LEASING;;;1;;1;;;;;;;;;;10-09-2024;23-09-2024;;;;13-10-2024
45414-KLGF34;1281;02-05-2024;37;KLGF34;83450065905;ADJUDICADO;GENERICO;NO;TRANSFERIDO;Vehículos de Renta Ltda.;Vehículos de Renta Ltda.;LEASING;;;1;;1;;;;;;;;;;10-09-2024;23-09-2024;;;;13-10-2024
45421-PBFX11;1282;09-05-2024;2;PBFX11;;ADJUDICADO;MERA;NO;TRANSFERIDO;BANCO DE CRÉDITO E INVERSIONES;LEASING DEL PACIFICO SPA;LEASING;;;1;;1;1;01-01-1900;24-10-2024;24-10-2024;24-10-2024;01-01-1900;13-09-2024;;;25-09-2024;01-10-2024;02-12-2024;;;23-10-2024
45421-LJJL41;1282;09-05-2024;4;LJJL41;83290061916;ADJUDICADO;MERA;NO;TRANSFERIDO;BANCO SANTANDER CHILE  ;LEASING DEL PACIFICO SPA;LEASING;;;1;;1;1;01-01-1900;01-01-1900;01-01-1900;01-01-1900;01-01-1900;04-09-2024;;;12-09-2024;16-09-2024;;;;10-10-2024
45421-JYFS20;1282;09-05-2024;10;JYFS20;;ADJUDICADO;MERA;NO;TRANSFERIDO;SCOTIABANK CHILE  ;LEASING DEL PACIFICO SPA;LEASING;;;1;;1;1;01-01-1900;01-01-1900;01-01-1900;01-01-1900;01-01-1900;04-09-2024;;;25-09-2024;01-01-1900;;;;23-10-2024
45421-LSWC85;1282;09-05-2024;11;LSWC85;;ADJUDICADO;MERA;NO;TRANSFERIDO;SCOTIABANK CHILE  ;LEASING DEL PACIFICO SPA;LEASING;;;1;;1;1;01-01-1900;01-01-1900;01-01-1900;04-09-2024;01-01-1900;04-09-2024;;;25-09-2024;01-01-1900;;;;23-10-2024
45421-LVJX16;1282;09-05-2024;12;LVJX16;83450074816;ADJUDICADO;MERA;NO;TRANSFERIDO;BANCO SANTANDER CHILE  ;LEASING DEL PACIFICO SPA;LEASING;;;1;;1;1;01-01-1900;01-01-1900;01-01-1900;01-01-1900;01-01-1900;04-09-2024;;;12-09-2024;16-09-2024;;;;10-10-2024
45421-JDCS59;1282;09-05-2024;13;JDCS59;;ADJUDICADO;GENERICO;NO;TRANSFERIDO;GENERAL ELECTRIC GLOBAL SERVICE GMBH, . .;GENERAL ELECTRIC GLOBAL SERVICE GMBH  ;BFE;;;1;;1;;;;;;;;;;03-07-2024;14-08-2024;;;;06-09-2024
45421-JPPG63;1282;09-05-2024;14;JPPG63;83450074998;ADJUDICADO;GENERICO;NO;TRANSFERIDO;TANNER SERVICIOS FINANCIEROS S.A  ;Tanner Servicios Financieros S.A  ;BFE;;;1;;1;;;;;;;;;;03-07-2024;13-08-2024;;;;05-09-2024
45421-PCLK51;1282;09-05-2024;16;PCLK51;;ADJUDICADO;MERA;NO;TRANSFERIDO;SCOTIABANK CHILE  ;LEASING DEL PACIFICO SPA;LEASING;;;1;;1;1;01-01-1900;01-01-1900;01-01-1900;01-01-1900;01-01-1900;04-09-2024;;;25-09-2024;01-01-1900;;;;23-10-2024
45421-GCDY54;1282;09-05-2024;18;GCDY54;;ADJUDICADO;MERA;NO;TRANSFERIDO;GRID SOLUTIONS CHILE SA  ;GENERAL ELECTRIC GLOBAL SERVICE GMBH  ;BFE;;;1;;;;;;;;;;;;08-07-2025;09-07-2025;;;;31-07-2025
45421-KPZH42;1282;09-05-2024;19;KPZH42;;ADJUDICADO;MERA;NO;TRANSFERIDO;SCOTIABANK CHILE  ;LEASING DEL PACIFICO SPA;LEASING;;;1;;1;1;01-01-1900;25-10-2024;01-01-1900;01-01-1900;01-01-1900;04-09-2024;;;25-09-2024;25-10-2024;09-10-2024;23-10-2024;23-10-2024;03-03-2025
45421-LHCC54;1282;09-05-2024;24;LHCC54;;ADJUDICADO;MERA;NO;TRANSFERIDO;SCOTIABANK CHILE  ;LEASING DEL PACIFICO SPA;LEASING;;;1;;1;1;01-01-1900;01-01-1900;01-01-1900;01-01-1900;01-01-1900;04-09-2024;;;25-09-2024;01-01-1900;;;;23-10-2024
45421-LHCD62;1282;09-05-2024;25;LHCD62;;ADJUDICADO;MERA;NO;TRANSFERIDO;SCOTIABANK CHILE  ;LEASING DEL PACIFICO SPA;LEASING;;;1;;1;1;01-01-1900;01-01-1900;01-01-1900;01-01-1900;01-01-1900;04-09-2024;;;25-09-2024;01-01-1900;;;;23-10-2024
45421-HFZC96;1282;09-05-2024;28;HFZC96;83450074824;ADJUDICADO;MERA;NO;TRANSFERIDO;ITAU CORPBANCA  ;LEASING DEL PACIFICO SPA;LEASING;;;1;;1;1;01-01-1900;09-09-2024;01-01-1900;02-10-2024;01-01-1900;01-01-1900;;;15-10-2024;18-10-2024;;;;13-11-2024
45421-LYFF78;1282;09-05-2024;30;LYFF78;83290061981;ADJUDICADO;GENERICO;NO;TRANSFERIDO;Vehículos de Renta Ltda.;Vehículos de Renta Ltda.;LEASING;;;1;;1;;;;;;;;;;10-09-2024;23-09-2024;;;;13-10-2024
45421-KHJX67;1282;09-05-2024;33;KHJX67;;ADJUDICADO;MERA;NO;TRANSFERIDO;SCOTIABANK CHILE  ;LEASING DEL PACIFICO SPA;LEASING;;;1;;1;1;01-01-1900;01-01-1900;01-01-1900;01-01-1900;01-01-1900;04-09-2024;;;25-09-2024;01-01-1900;;;;23-10-2024
45421-KRYP64;1282;09-05-2024;38;KRYP64;83450074741;ADJUDICADO;MERA;NO;TRANSFERIDO;BANCO BICE  ;LEASING DEL PACIFICO SPA;LEASING;;;1;;1;1;01-01-1900;01-01-1900;01-01-1900;01-01-1900;01-01-1900;02-09-2024;;;06-09-2024;16-09-2024;;;;05-10-2024
45428-PDPX16;1284;16-05-2024;2;PDPX16;;ADJUDICADO;MERA;NO;TRANSFERIDO;BANCO DE CRÉDITO E INVERSIONES;LEASING DEL PACIFICO SPA;LEASING;;;1;;1;1;01-01-1900;24-10-2024;24-10-2024;24-10-2024;01-01-1900;13-09-2024;;;25-09-2024;01-10-2024;02-12-2024;;;23-10-2024
45428-PBDB91;1284;16-05-2024;3;PBDB91;83450097437;ADJUDICADO;MERA;NO;TRANSFERIDO;BANCO SANTANDER CHILE  ;LEASING DEL PACIFICO SPA;LEASING;;;1;;1;1;01-01-1900;01-01-1900;01-01-1900;01-01-1900;01-01-1900;04-09-2024;;;12-09-2024;16-09-2024;;;;10-10-2024
45428-KXRT20;1284;16-05-2024;4;KXRT20;83450097148;ADJUDICADO;GENERICO;NO;TRANSFERIDO;Vehículos de Renta Ltda.;Vehículos de Renta Ltda.;LEASING;;;1;;1;;;;;;;;;;24-09-2024;07-10-2024;;01-01-1900;01-01-1900;30-10-2024
45428-KBLX76;1284;16-05-2024;17;KBLX76;83450097452;ADJUDICADO;MERA;NO;TRANSFERIDO;BANCO SANTANDER CHILE  ;LEASING DEL PACIFICO SPA;LEASING;;;1;;1;1;01-01-1900;01-01-1900;01-01-1900;01-01-1900;01-01-1900;04-09-2024;;;12-09-2024;16-09-2024;;;;10-10-2024
45428-LPRW89;1284;16-05-2024;19;LPRW89;83450097189;ADJUDICADO;GENERICO;NO;TRANSFERIDO;Vehículos de Renta Ltda.;Vehículos de Renta Ltda.;LEASING;;;1;;1;;;;;;;;;;10-09-2024;23-09-2024;;;;13-10-2024
45428-LPGJ25;1284;16-05-2024;20;LPGJ25;83450097445;ADJUDICADO;MERA;NO;TRANSFERIDO;BANCO SANTANDER CHILE  ;LEASING DEL PACIFICO SPA;LEASING;;;1;;1;1;01-01-1900;01-01-1900;01-01-1900;01-01-1900;01-01-1900;04-09-2024;;;12-09-2024;16-09-2024;;;;10-10-2024
45428-KHJX39;1284;16-05-2024;21;KHJX39;;ADJUDICADO;MERA;NO;TRANSFERIDO;SCOTIABANK CHILE  ;LEASING DEL PACIFICO SPA;LEASING;;;1;;1;1;01-01-1900;01-01-1900;01-01-1900;01-01-1900;01-01-1900;01-01-1900;;;30-10-2024;11-11-2024;;;;30-11-2024
45428-SDCT68;1284;16-05-2024;29;SDCT68;83450097304;ADJUDICADO;GENERICO;NO;TRANSFERIDO;SANTANDER CONSUMER FINANCE LIMITADA  ;SANTANDER CONSUMER;BFE;;;1;;1;;;;;;;;;;03-07-2024;12-08-2024;;;;04-09-2024
45428-GFVD25;1284;16-05-2024;36;GFVD25;83450097460;ADJUDICADO;GENERICO;NO;TRANSFERIDO;TANNER SERVICIOS FINANCIEROS S.A  ;Tanner Servicios Financieros S.A  ;BFE;;;1;;1;;;;;;;;;;03-07-2024;13-08-2024;;;;05-09-2024
45435-PTFF67;1285;23-05-2024;1;PTFF67;82420144873;ADJUDICADO;MERA;NO;TRANSFERIDO;BANCO BICE  ;LEASING DEL PACIFICO SPA;LEASING;;;1;;1;1;01-01-1900;01-01-1900;23-10-2024;23-10-2024;25-10-2024;28-10-2024;;;30-10-2024;30-10-2024;;;;25-11-2024
45435-PSVJ46;1285;23-05-2024;7;PSVJ46;82420144899;ADJUDICADO;MERA;NO;TRANSFERIDO;BANCO DEL ESTADO DE CHILE  ;LEASING DEL PACIFICO SPA;LEASING;;;1;;1;1;29-08-2024;28-11-2024;28-11-2024;04-12-2024;16-12-2024;18-12-2024;;;24-12-2024;30-12-2024;09-01-2025;;;21-01-2025
45435-KWJP29;1285;23-05-2024;10;KWJP29;82420144907;ADJUDICADO;MERA;NO;TRANSFERIDO;BANCO SANTANDER CHILE  ;LEASING DEL PACIFICO SPA;LEASING;;;1;;1;1;01-01-1900;01-01-1900;01-01-1900;04-09-2024;01-01-1900;13-09-2024;;;26-09-2024;01-01-1900;;01-01-1900;;23-10-2024
45435-LWZF18;1285;23-05-2024;11;LWZF18;82420144923;ADJUDICADO;MERA;NO;TRANSFERIDO;BANCO SANTANDER CHILE  ;LEASING DEL PACIFICO SPA;LEASING;;;1;06-09-2024;06-sept;06-sept;28-10-2024;05-11-2024;07-11-2024;29-11-2024;29-11-2024;02-12-2024;;;04-12-2024;05-12-2024;;;;05-01-2025
45435-PXXR15;1285;23-05-2024;12;PXXR15;;ADJUDICADO;MERA;NO;TRANSFERIDO;BANCO DE CRÉDITO E INVERSIONES;LEASING DEL PACIFICO SPA;LEASING;;;1;;1;1;01-01-1900;24-10-2024;24-10-2024;24-10-2024;01-01-1900;13-09-2024;;;25-09-2024;01-10-2024;02-12-2024;;;23-10-2024
45435-LZDF32;1285;23-05-2024;14;LZDF32;83330011830;ADJUDICADO;GENERICO;NO;TRANSFERIDO;SANTANDER CONSUMER FINANCE LIMITADA  ;SANTANDER CONSUMER;BFE;;;1;;1;;;;;;;;;;03-07-2024;22-01-2025;;;;17-02-2025
45435-PBXK85;1285;23-05-2024;15;PBXK85;83330011848;ADJUDICADO;GENERICO;NO;TRANSFERIDO;SANTANDER CONSUMER FINANCE LIMITADA  ;SANTANDER CONSUMER;BFE;;;1;;1;;;;;;;;;;03-07-2024;12-08-2024;;;;04-09-2024
45435-PKYR98;1285;23-05-2024;18;PKYR98;83450097353;ADJUDICADO;GENERICO;NO;TRANSFERIDO;SANTANDER CONSUMER FINANCE LIMITADA  ;SANTANDER CONSUMER;BFE;;;1;;1;;;;;;;;;;03-07-2024;12-08-2024;;;;04-09-2024
45435-PSHF75;1285;23-05-2024;20;PSHF75;83330021706;ADJUDICADO;GENERICO;NO;TRANSFERIDO;SANTANDER CONSUMER FINANCE LIMITADA  ;SANTANDER CONSUMER;BFE;;;1;;1;;;;;;;;;;03-07-2024;12-08-2024;;;;04-09-2024
45435-LPRT43;1285;23-05-2024;21;LPRT43;83450065871;ADJUDICADO;GENERICO;NO;TRANSFERIDO;Vehículos de Renta Ltda.;Vehículos de Renta Ltda.;LEASING;;;1;;1;;;;;;;;;;10-09-2024;23-09-2024;;;;13-10-2024
45435-LVJK74;1285;23-05-2024;22;LVJK74;82420144915;ADJUDICADO;MERA;NO;TRANSFERIDO;BANCO SANTANDER CHILE  ;LEASING DEL PACIFICO SPA;LEASING;;;1;;1;1;01-01-1900;01-01-1900;01-01-1900;04-09-2024;01-01-1900;13-09-2024;;;25-10-2024;25-10-2024;09-10-2025;23-10-2024;24-10-2024;03-03-2025
45435-LPRS45;1285;23-05-2024;27;LPRS45;82420145003;ADJUDICADO;GENERICO;NO;TRANSFERIDO;Vehículos de Renta Ltda.;Vehículos de Renta Ltda.;LEASING;;;1;;1;;;;;;;;;;10-09-2024;23-09-2024;;;;13-10-2024
45435-KHJX46;1285;23-05-2024;29;KHJX46;;ADJUDICADO;MERA;NO;TRANSFERIDO;SCOTIABANK CHILE  ;LEASING DEL PACIFICO SPA;LEASING;;;1;;1;1;01-01-1900;29-08-2024;01-01-1900;04-09-2024;01-01-1900;01-01-1900;;;25-09-2024;01-01-1900;;;;23-10-2024
45435-KDSR74;1285;23-05-2024;34;KDSR74;82420144881;ADJUDICADO;MERA;NO;TRANSFERIDO;BANCO DE CHILE  ;LEASING DEL PACIFICO SPA;LEASING;;;1;;1;1;12-09-2024;18-12-2024;18-12-2024;19-12-2024;19-12-2024;19-12-2024;;;26-12-2024;30-12-2024;09-01-2025;;;18-01-2025
45449-KBJD13;1289;06-06-2024;1;KBJD13;8329006153;ADJUDICADO;MERA;NO;TRANSFERIDO;BANCO DE CHILE  ;LEASING DEL PACIFICO SPA;LEASING;;;1;;1;1;12-09-2024;18-12-2024;18-12-2024;19-12-2024;19-12-2024;19-12-2024;;;26-12-2024;30-12-2024;09-01-2025;;;18-01-2025
45449-RGWS21;1289;06-06-2024;2;RGWS21;;ADJUDICADO;MERA;NO;TRANSFERIDO;SCOTIABANK CHILE  ;Vehículos de Renta Ltda.;LEASING;;;1;;1;1;01-01-1900;01-01-1900;23-10-2024;07-11-2024;08-11-2024;12-11-2024;;;12-11-2024;20-11-2024;;;;08-05-2025
45449-LZYY43;1289;06-06-2024;3;LZYY43;5718031356;ADJUDICADO;MERA;NO;TRANSFERIDO;SCOTIABANK CHILE  ;Vehículos de Renta Ltda.;LEASING;;;1;;1;1;01-01-1900;29-08-2024;01-01-1900;04-09-2024;01-01-1900;13-09-2024;;;25-09-2024;01-01-1900;;;;23-10-2024
45449-LZYY26;1289;06-06-2024;4;LZYY26;;ADJUDICADO;MERA;NO;TRANSFERIDO;SCOTIABANK CHILE  ;Vehículos de Renta Ltda.;LEASING;;;1;;1;1;01-01-1900;29-08-2024;01-01-1900;04-09-2024;01-01-1900;13-09-2024;;;25-09-2024;01-10-2024;;;;23-10-2024
45449-LZYY28;1289;06-06-2024;5;LZYY28;;ADJUDICADO;MERA;NO;TRANSFERIDO;SCOTIABANK CHILE  ;Vehículos de Renta Ltda.;LEASING;;;1;;1;1;01-01-1900;29-08-2024;01-01-1900;04-09-2024;01-01-1900;13-09-2024;;;25-09-2024;01-01-1900;;;;23-10-2024
45449-PRLG69;1289;06-06-2024;6;PRLG69;;ADJUDICADO;MERA;NO;TRANSFERIDO;SCOTIABANK CHILE  ;Vehículos de Renta Ltda.;LEASING;;;1;;1;1;01-01-1900;29-08-2024;01-01-1900;04-09-2024;01-01-1900;13-09-2024;;;25-09-2024;01-01-1900;;;;23-10-2024
45449-PDHG91;1289;06-06-2024;7;PDHG91;82420147082;ADJUDICADO;MERA;NO;TRANSFERIDO;ITAU CORPBANCA  ;Vehículos de Renta Ltda.;LEASING;;;1;;1;1;01-01-1900;09-09-2024;01-01-1900;02-10-2024;01-01-1900;01-01-1900;;;15-10-2024;18-10-2024;;;;13-11-2024
45449-PRFH76;1289;06-06-2024;8;PRFH76;;ADJUDICADO;MERA;NO;TRANSFERIDO;SCOTIABANK CHILE  ;LEASING DEL PACIFICO SPA;LEASING;;;1;01-01-1900;;;08-11-2024;18-11-2024;19-11-2024;25-11-2024;26-11-2024;26-11-2024;;;28-11-2024;05-12-2024;;;;05-01-2025
45449-PRFH21;1289;06-06-2024;9;PRFH21;;ADJUDICADO;MERA;NO;TRANSFERIDO;SCOTIABANK CHILE  ;Vehículos de Renta Ltda.;LEASING;;;1;;1;1;01-01-1900;29-08-2024;01-01-1900;04-09-2024;01-01-1900;13-09-2024;;;25-09-2024;01-01-1900;;;;23-10-2024
45449-PRFH11;1289;06-06-2024;10;PRFH11;;ADJUDICADO;MERA;NO;TRANSFERIDO;SCOTIABANK CHILE  ;Vehículos de Renta Ltda.;LEASING;;;1;;1;1;01-01-1900;29-08-2024;01-01-1900;04-09-2024;01-01-1900;13-09-2024;;;25-09-2024;01-01-1900;;;;23-10-2024
45449-PRFJ28;1289;06-06-2024;11;PRFJ28;;ADJUDICADO;MERA;NO;TRANSFERIDO;SCOTIABANK CHILE  ;Vehículos de Renta Ltda.;LEASING;;;1;;1;1;01-01-1900;29-08-2024;01-01-1900;04-09-2024;01-01-1900;13-09-2024;;;25-09-2024;01-01-1900;;;;23-10-2024
45449-PSSH72;1289;06-06-2024;12;PSSH72;;ADJUDICADO;MERA;NO;TRANSFERIDO;SCOTIABANK CHILE  ;Vehículos de Renta Ltda.;LEASING;;;1;;1;1;01-01-1900;29-08-2024;01-01-1900;04-09-2024;01-01-1900;13-09-2024;;;25-09-2024;01-01-1900;;;;23-10-2024
45449-PSSV12;1289;06-06-2024;13;PSSV12;;ADJUDICADO;MERA;NO;TRANSFERIDO;SCOTIABANK CHILE  ;Vehículos de Renta Ltda.;LEASING;;;1;;1;1;01-01-1900;25-10-2024;01-01-1900;01-01-1900;01-01-1900;13-09-2024;;;25-09-2024;16-09-2024;;;;09-11-2024
45449-RDFY25;1289;06-06-2024;14;RDFY25;;ADJUDICADO;MERA;NO;TRANSFERIDO;BANCO DE CRÉDITO E INVERSIONES;Vehículos de Renta Ltda.;LEASING;;;1;;1;1;01-01-1900;24-10-2024;24-10-2024;24-10-2024;01-01-1900;13-09-2024;;;25-09-2024;01-10-2024;02-12-2024;;;23-10-2024
45449-PXTP73;1289;06-06-2024;15;PXTP73;;ADJUDICADO;MERA;NO;TRANSFERIDO;SCOTIABANK CHILE  ;Vehículos de Renta Ltda.;LEASING;;;1;;1;1;01-01-1900;29-08-2024;01-01-1900;04-09-2024;01-01-1900;13-09-2024;;;25-09-2024;01-01-1900;;;;23-10-2024
45449-PLKW91;1289;06-06-2024;16;PLKW91;82420147017;ADJUDICADO;MERA;NO;TRANSFERIDO;ITAU CORPBANCA  ;Vehículos de Renta Ltda.;LEASING;;;1;;1;1;01-01-1900;09-09-2024;01-01-1900;02-10-2024;01-01-1900;01-01-1900;;;15-10-2024;18-10-2024;;;;13-11-2024
45449-PLKW89;1289;06-06-2024;17;PLKW89;82420147074;ADJUDICADO;MERA;NO;TRANSFERIDO;ITAU CORPBANCA  ;Vehículos de Renta Ltda.;LEASING;;;1;;1;1;01-01-1900;09-09-2024;01-01-1900;02-10-2024;01-01-1900;01-01-1900;;;15-10-2024;18-10-2024;;;;13-11-2024
45449-PLKW86;1289;06-06-2024;18;PLKW86;82420147041;ADJUDICADO;MERA;NO;TRANSFERIDO;ITAU CORPBANCA  ;Vehículos de Renta Ltda.;LEASING;;;1;;1;1;01-01-1900;09-09-2024;01-01-1900;02-10-2024;01-01-1900;01-01-1900;;;15-10-2024;18-10-2024;;;;13-11-2024
45449-PLKW88;1289;06-06-2024;19;PLKW88;82420147066;ADJUDICADO;MERA;NO;TRANSFERIDO;ITAU CORPBANCA  ;Vehículos de Renta Ltda.;LEASING;;;1;;1;1;01-01-1900;09-09-2024;01-01-1900;02-10-2024;01-01-1900;01-01-1900;;;15-10-2024;18-10-2024;;;;13-11-2024
45449-PLKW85;1289;06-06-2024;20;PLKW85;82420147058;ADJUDICADO;MERA;NO;TRANSFERIDO;ITAU CORPBANCA  ;Vehículos de Renta Ltda.;LEASING;;;1;;1;1;01-01-1900;09-09-2024;01-01-1900;02-10-2024;01-01-1900;01-01-1900;;;15-10-2024;25-10-2024;;;;18-11-2024
45449-PLKW87;1289;06-06-2024;21;PLKW87;82420147033;ADJUDICADO;MERA;NO;TRANSFERIDO;ITAU CORPBANCA  ;Vehículos de Renta Ltda.;LEASING;;;1;;1;1;01-01-1900;09-09-2024;01-01-1900;02-10-2024;01-01-1900;01-01-1900;;;15-10-2024;18-10-2024;;;;13-11-2024
45449-PCXF86;1289;06-06-2024;22;PCXF86;83290262845;ADJUDICADO;GENERICO;NO;TRANSFERIDO;LEASING DEL PACIFICO SPA;LEASING DEL PACIFICO SPA;LEASING;;;1;;1;;;;;;;;;;05-07-2024;09-07-2024;;;;03-08-2024
45449-PCYD45;1289;06-06-2024;23;PCYD45;83290262803;ADJUDICADO;MERA;NO;TRANSFERIDO;ITAU CORPBANCA  ;LEASING DEL PACIFICO SPA;LEASING;;;1;;1;1;01-01-1900;09-09-2024;01-01-1900;02-10-2024;01-01-1900;01-01-1900;;;15-10-2024;18-10-2024;;;;13-11-2024
45449-PBDB89;1289;06-06-2024;24;PBDB89;83290262787;ADJUDICADO;MERA;NO;TRANSFERIDO;BANCO SANTANDER CHILE  ;LEASING DEL PACIFICO SPA;LEASING;;;1;;1;1;01-01-1900;01-01-1900;01-01-1900;04-09-2024;01-01-1900;13-09-2024;;;26-09-2024;01-01-1900;;;;23-10-2024
45449-LTYS93;1289;06-06-2024;26;LTYS93;83290262761;ADJUDICADO;MERA;NO;TRANSFERIDO;BANCO SANTANDER CHILE  ;LEASING DEL PACIFICO SPA;LEASING;;;1;;1;1;01-01-1900;01-01-1900;01-01-1900;04-09-2024;01-01-1900;13-09-2024;;;26-09-2024;01-01-1900;;;;23-10-2024
45449-LTZX41;1289;06-06-2024;28;LTZX41;83290262779;ADJUDICADO;MERA;NO;TRANSFERIDO;BANCO SANTANDER CHILE  ;LEASING DEL PACIFICO SPA;LEASING;;;1;;1;1;01-01-1900;01-01-1900;01-01-1900;04-09-2024;01-01-1900;13-09-2024;;;26-09-2024;01-01-1900;;;;23-10-2024
45449-RLHB22;1289;06-06-2024;30;RLHB22;83290262795;ADJUDICADO;MERA;NO;TRANSFERIDO;BANCO BICE  ;LEASING DEL PACIFICO SPA;LEASING;;;1;;1;1;01-01-1900;01-01-1900;23-10-2024;23-10-2024;25-10-2024;28-10-2024;;;28-10-2024;30-10-2024;;;;25-11-2024
45449-RBHS74;1289;06-06-2024;33;RBHS74;83290262852;ADJUDICADO;GENERICO;NO;TRANSFERIDO;SANTANDER CONSUMER FINANCE LIMITADA  ;SANTANDER CONSUMER;BFE;;;1;;1;;;;;;;;;;31-01-2025;31-01-2025;;;;25-02-2025
45449-KWSX20;1289;06-06-2024;36;KWSX20;83290262746;ADJUDICADO;MERA;NO;TRANSFERIDO;BANCO DE CHILE  ;LEASING DEL PACIFICO SPA;LEASING;;;1;;1;1;12-09-2024;18-12-2024;18-12-2024;19-12-2024;19-12-2024;19-12-2024;;;26-12-2024;30-12-2024;09-01-2025;;;18-01-2025
45449-RPZT99;1289;06-06-2024;40;RPZT99;83330011863;ADJUDICADO;GENERICO;NO;TRANSFERIDO;SANTANDER CONSUMER FINANCE LIMITADA  ;SANTANDER CONSUMER;BFE;;;1;;1;;;;;;;;;;05-07-2024;12-08-2024;;;;04-09-2024
45449-RSHC71;1289;06-06-2024;41;RSHC71;;ADJUDICADO;MERA;NO;TRANSFERIDO;SCOTIABANK CHILE  ;Vehículos de Renta Ltda.;LEASING;;;1;;1;1;01-01-1900;04-09-2024;23-10-2024;07-11-2024;08-11-2024;12-11-2024;;;12-11-2024;20-11-2024;;;;10-12-2024
45449-LTLK64;1289;06-06-2024;42;LTLK64;;ADJUDICADO;MERA;NO;TRANSFERIDO;BANCO DE CRÉDITO E INVERSIONES;Vehículos de Renta Ltda.;LEASING;;;1;;1;1;01-01-1900;24-10-2024;24-10-2024;01-01-1900;01-01-1900;13-09-2024;;;25-09-2024;01-10-2024;02-12-2024;;;07-11-2024
45449-LTLK75;1289;06-06-2024;43;LTLK75;;ADJUDICADO;MERA;NO;TRANSFERIDO;BANCO DE CRÉDITO E INVERSIONES;Vehículos de Renta Ltda.;LEASING;;;1;;1;1;01-01-1900;24-10-2024;24-10-2024;01-01-1900;01-01-1900;13-09-2024;;;25-09-2024;01-10-2024;02-12-2024;;;07-11-2024
45449-KVXT89;1289;06-06-2024;44;KVXT89;;ADJUDICADO;MERA;NO;TRANSFERIDO;SCOTIABANK CHILE  ;LEASING DEL PACIFICO SPA;LEASING;;;1;Seguimiento a Mitta;;;08-11-2024;18-11-2024;19-11-2024;25-11-2024;26-11-2024;26-11-2024;;;28-11-2024;05-12-2024;;;;05-01-2025
45449-KPZD78;1289;06-06-2024;45;KPZD78;;ADJUDICADO;MERA;NO;TRANSFERIDO;SCOTIABANK CHILE  ;LEASING DEL PACIFICO SPA;LEASING;;;1;Seguimiento a Mitta;;;08-11-2024;18-11-2024;19-11-2024;25-11-2024;26-11-2024;26-11-2024;;;28-11-2024;05-12-2024;;;;05-01-2025
45449-PZSD68;1289;06-06-2024;46;PZSD68;82420147025;ADJUDICADO;MERA;NO;TRANSFERIDO;ITAU CORPBANCA  ;Vehículos de Renta Ltda.;LEASING;;;1;;1;1;01-01-1900;09-09-2024;01-01-1900;02-10-2024;01-01-1900;01-01-1900;;;15-10-2024;18-10-2024;;;;13-11-2024
45449-JZHH52;1289;06-06-2024;49;JZHH52;8329001076;ADJUDICADO;GENERICO;NO;TRANSFERIDO;Vehículos de Renta Ltda.;Vehículos de Renta Ltda.;LEASING;;;1;;1;;;;;;;;;;05-07-2024;09-07-2024;;;;09-07-2024
45449-PRGJ31;1289;06-06-2024;50;PRGJ31;;ADJUDICADO;MERA;NO;TRANSFERIDO;SCOTIABANK CHILE  ;Vehículos de Renta Ltda.;LEASING;;;1;;1;1;01-01-1900;29-08-2024;01-01-1900;04-09-2024;01-01-1900;13-09-2024;;;25-09-2024;01-01-1900;;;;23-10-2024
45449-RXHZ88;1289;06-06-2024;52;RXHZ88;83330051711;ADJUDICADO;GENERICO;NO;TRANSFERIDO;SANTANDER CONSUMER FINANCE LIMITADA  ;SANTANDER CONSUMER;BFE;;;1;;1;;;;;;;;;;05-07-2024;12-08-2024;;;;12-08-2024
45449-LPRS23;1289;06-06-2024;53;LPRS23;;ADJUDICADO;GENERICO;NO;TRANSFERIDO;Vehículos de Renta Ltda.;Vehículos de Renta Ltda.;LEASING;;;1;;1;;;;;;;;;;10-09-2024;23-09-2024;;;;13-10-2024
45449-JJPT58;1289;06-06-2024;55;JJPT58;83290262902;ADJUDICADO;GENERICO;NO;TRANSFERIDO;TRAZA RENT A CAR VEHICULOS Y MAQUINARIAS LIMITADA  ;TRAZA RENT A CAR VEHICULOS Y MAQUINARIAS LIMITADA  ;BFE;;;1;;;;;;;;;;;;05-07-2024;14-08-2024;;;;05-09-2024
45449-LVPL19;1289;06-06-2024;56;LVPL19;;ADJUDICADO;MERA;NO;TRANSFERIDO;BANCO DE CRÉDITO E INVERSIONES;Vehículos de Renta Ltda.;LEASING;;;1;;1;1;01-01-1900;24-10-2024;24-10-2024;01-01-1900;01-01-1900;13-09-2024;;;25-09-2024;01-10-2024;02-12-2024;;;12-11-2024
45449-LVPK96;1289;06-06-2024;57;LVPK96;;ADJUDICADO;MERA;NO;TRANSFERIDO;BANCO DE CRÉDITO E INVERSIONES;Vehículos de Renta Ltda.;LEASING;;;1;;1;1;01-01-1900;24-10-2024;24-10-2024;24-10-2024;01-01-1900;13-09-2024;;;25-09-2024;01-10-2024;02-12-2024;;;23-10-2024
45449-LVPL29;1289;06-06-2024;58;LVPL29;;ADJUDICADO;MERA;NO;TRANSFERIDO;BANCO DE CRÉDITO E INVERSIONES;Vehículos de Renta Ltda.;LEASING;;;1;;1;1;01-01-1900;24-10-2024;24-10-2024;24-10-2024;01-01-1900;13-09-2024;;;25-09-2024;01-10-2024;02-12-2024;;;23-10-2024
45449-LVPL56;1289;06-06-2024;59;LVPL56;;ADJUDICADO;MERA;NO;TRANSFERIDO;BANCO DE CRÉDITO E INVERSIONES;Vehículos de Renta Ltda.;LEASING;;;1;;1;1;01-01-1900;24-10-2024;01-01-1900;01-01-1900;01-01-1900;13-09-2024;;;25-09-2024;01-10-2024;02-12-2024;;;09-11-2024
45449-LTLK85;1289;06-06-2024;60;LTLK85;;ADJUDICADO;MERA;NO;TRANSFERIDO;BANCO DE CRÉDITO E INVERSIONES;Vehículos de Renta Ltda.;LEASING;;;1;;1;1;01-01-1900;24-10-2024;01-01-1900;01-01-1900;01-01-1900;13-09-2024;;;25-09-2024;01-10-2024;02-12-2024;;;09-11-2024
45449-LVPL10;1289;06-06-2024;61;LVPL10;;ADJUDICADO;MERA;NO;TRANSFERIDO;BANCO DE CRÉDITO E INVERSIONES;Vehículos de Renta Ltda.;LEASING;;;1;;1;1;01-01-1900;24-10-2024;24-10-2024;24-10-2024;01-01-1900;13-09-2024;;;25-09-2024;01-10-2024;25-11-2024;;;23-10-2024
45449-LVPK99;1289;06-06-2024;62;LVPK99;;ADJUDICADO;MERA;NO;TRANSFERIDO;BANCO DE CRÉDITO E INVERSIONES;Vehículos de Renta Ltda.;LEASING;;;1;;1;1;01-01-1900;24-10-2024;24-10-2024;24-10-2024;01-01-1900;13-09-2024;;;25-09-2024;01-10-2024;25-11-2024;;;23-10-2024
45449-LVPL22;1289;06-06-2024;63;LVPL22;;ADJUDICADO;MERA;NO;TRANSFERIDO;BANCO DE CRÉDITO E INVERSIONES;Vehículos de Renta Ltda.;LEASING;;;1;;1;1;01-01-1900;24-10-2024;01-01-1900;01-01-1900;01-01-1900;13-09-2024;;;25-09-2024;01-10-2024;25-11-2024;;;09-11-2024
45449-KJBV79;1289;06-06-2024;64;KJBV79;;ANULACION;MERA;NO;NO APLICA;SCOTIABANK CHILE  ;Vehículos de Renta Ltda.;LEASING;;;;;1;1;30-10-2024;18-11-2024;19-11-2024;25-11-2024;26-11-2024;26-11-2024;;;;;;;;
45449-KSLW19;1289;06-06-2024;66;KSLW19;;ADJUDICADO;MERA;NO;TRANSFERIDO;SCOTIABANK CHILE  ;Vehículos de Renta Ltda.;LEASING;;;1;;1;1;01-01-1900;29-08-2024;01-01-1900;04-09-2024;01-01-1900;13-09-2024;;;25-09-2024;01-01-1900;;;;23-10-2024
45449-LTLL11;1289;06-06-2024;67;LTLL11;;ADJUDICADO;MERA;NO;TRANSFERIDO;BANCO DE CRÉDITO E INVERSIONES;Vehículos de Renta Ltda.;LEASING;;;1;;1;1;01-01-1900;24-10-2024;24-10-2024;24-10-2024;01-01-1900;13-09-2024;;;25-09-2024;01-10-2024;25-11-2024;;;23-10-2024
45449-GDBB40;1289;06-06-2024;70;GDBB40;83290262753;ADJUDICADO;MERA;NO;TRANSFERIDO;BANCO DE CHILE  ;LEASING DEL PACIFICO SPA;LEASING;;;1;;1;1;12-09-2024;18-12-2024;18-12-2024;19-12-2024;19-12-2024;19-12-2024;;;26-12-2024;30-12-2024;09-01-2025;;;18-01-2025
45456-KHWP12;1292;13-06-2024;1;KHWP12;83290271036;ADJUDICADO;MERA;NO;TRANSFERIDO;BANCO DE CHILE  ;Vehículos de Renta Ltda.;LEASING;;;1;;1;1;12-09-2024;18-12-2024;18-12-2024;19-12-2024;19-12-2024;19-12-2024;;;26-12-2024;30-12-2024;09-01-2025;;;21-01-2025
45456-PXTP72;1292;13-06-2024;2;PXTP72;8150035185;ADJUDICADO;MERA;NO;TRANSFERIDO;SCOTIABANK CHILE  ;Vehículos de Renta Ltda.;LEASING;;;1;02-09-2024;02-09-2024;02-09-2024;01-01-1900;12-09-2024;01-01-1900;01-01-1900;01-01-1900;01-01-1900;;;21-10-2024;24-10-2024;;;;19-11-2024
45456-PCLH95;1292;13-06-2024;3;PCLH95;83290271051;ADJUDICADO;MERA;NO;TRANSFERIDO;ITAU CORPBANCA  ;Vehículos de Renta Ltda.;LEASING;;;1;;1;1;29-10-2024;13-11-2024;13-11-2024;25-11-2024;26-11-2024;26-11-2024;;;28-11-2024;05-12-2024;;;;05-01-2025
45456-HZG085;1292;13-06-2024;7;HZG085;57500553730;ADJUDICADO;GENERICO;NO;TRANSFERIDO;SOCIEDAD MOTOAVENTURA LTDA  ;Sociedad Motoaventura Ltda  ;BFE;;;1;;;;;;;;;;;;09-08-2024;09-08-2024;;01-01-1900;09-08-2024;04-09-2024
45456-HZG084;1292;13-06-2024;8;HZG084;57500553060;ADJUDICADO;GENERICO;NO;TRANSFERIDO;SOCIEDAD MOTOAVENTURA LTDA  ;Sociedad Motoaventura Ltda  ;BFE;;;1;;;;;;;;;;;;09-08-2024;09-08-2024;;01-01-1900;09-08-2024;04-09-2024
45456-SRCT16;1292;13-06-2024;9;SRCT16;83290271143;ADJUDICADO;LIQ;NO;TRANSFERIDO;Liquidacion Concursal;LIQUIDACION;LIQUIDACIONES;;;1;;1;;;;;;;;;;08-10-2024;10-10-2024;;;;04-11-2024
45456-SGSK23;1292;13-06-2024;10;SGSK23;82420147124;ADJUDICADO;LIQ;NO;TRANSFERIDO;Liquidacion Concursal;LIQUIDACION;LIQUIDACIONES;;;1;;1;;;;;;;;;;07-10-2024;10-10-2024;;;;04-11-2024
45456-PYJV81;1292;13-06-2024;11;PYJV81;83290271044;ADJUDICADO;MERA;NO;TRANSFERIDO;ITAU CORPBANCA  ;Vehículos de Renta Ltda.;LEASING;;;1;Pagado;;;26-12-2024;03-01-2025;15-01-2025;23-01-2025;23-01-2025;28-01-2025;;;28-01-2025;31-01-2025;17-02-2025;;;25-02-2025
45456-LHCG80;1292;13-06-2024;12;LHCG80;83290271077;ADJUDICADO;GENERICO;NO;TRANSFERIDO;LEASING DEL PACIFICO SPA;LEASING DEL PACIFICO SPA;LEASING;;;1;;1;;;;;;;;;;11-07-2024;06-08-2024;;;;28-08-2024
45456-KPZH16;1292;13-06-2024;13;KPZH16;;ADJUDICADO;MERA;NO;TRANSFERIDO;SCOTIABANK CHILE  ;Vehículos de Renta Ltda.;LEASING;;;1;;1;1;01-01-1900;02-09-2024;01-01-1900;01-01-1900;01-01-1900;13-09-2024;;;15-10-2024;16-10-2024;;;;09-11-2024
45456-LSPX66;1292;13-06-2024;14;LSPX66;8329027150;ADJUDICADO;MERA;NO;TRANSFERIDO;BANCO INTERNACIONAL  ;Vehículos de Renta Ltda.;LEASING;;;1;;1;1;;04-07-2025;04-07-2025;09-07-2025;10-07-2025;11-07-2025;;;11-07-2025;15-07-2025;28-07-2025;;;05-08-2025
45456-LXBF50;1292;13-06-2024;15;LXBF50;83290271101;ADJUDICADO;GENERICO;NO;TRANSFERIDO;LEASING DEL PACIFICO SPA;LEASING DEL PACIFICO SPA;LEASING;;;1;;1;;;;;;;;;;11-07-2024;06-08-2024;;;;29-08-2024
45456-KVVH16;1292;13-06-2024;16;KVVH16;83290271069;ADJUDICADO;GENERICO;NO;TRANSFERIDO;Vehículos de Renta Ltda.;Vehículos de Renta Ltda.;LEASING;;;1;;1;;;;;;;;;;11-07-2024;06-08-2024;;;;28-08-2024
45456-RPCS17;1292;13-06-2024;17;RPCS17;82420147116;ADJUDICADO;LIQ;NO;TRANSFERIDO;Liquidacion Concursal;LIQUIDACION;LIQUIDACIONES;;;1;;;;;;;;;;;;24-01-2025;28-01-2025;;;;19-03-2025
45456-RHGD41;1292;13-06-2024;18;RHGD41;82420147108;ADJUDICADO;LIQ;NO;TRANSFERIDO;Liquidacion Concursal;LIQUIDACION;LIQUIDACIONES;;;1;;1;;;;;;;;;;08-10-2024;10-10-2024;;;;04-11-2024
45456-LHWG39;1292;13-06-2024;19;LHWG39;8329027147;ADJUDICADO;MERA;NO;TRANSFERIDO;SCOTIABANK CHILE  ;Vehículos de Renta Ltda.;LEASING;;;1;;1;1;01-01-1900;02-09-2024;01-01-1900;01-01-1900;01-01-1900;13-09-2024;;;15-10-2024;16-10-2024;;;;09-11-2024
45456-JYVF16;1292;13-06-2024;20;JYVF16;83330021664;ADJUDICADO;LIQ;NO;TRANSFERIDO;FELIPE GREGORIO SALAS SERRANO EN LIQUIDACIÓN  ;LIQUIDACION;LIQUIDACIONES;;;1;;1;;;;;;;;;;02-09-2024;10-09-2024;;;;08-10-2024
45456-JDPJ23;1292;13-06-2024;21;JDPJ23;83290271135;ADJUDICADO;GENERICO;NO;TRANSFERIDO;TANNER SERVICIOS FINANCIEROS S.A  ;Tanner Servicios Financieros S.A  ;BFE;;;1;;1;;;;;;;;;;11-07-2024;06-08-2024;;;;28-08-2024
45456-GWJG29;1292;13-06-2024;22;GWJG29;83290271127;ADJUDICADO;GENERICO;NO;TRANSFERIDO;TANNER SERVICIOS FINANCIEROS S.A  ;Tanner Servicios Financieros S.A  ;BFE;;;1;;1;;;;;;;;;;11-07-2024;06-08-2024;;;;28-08-2024
45456-LHCG84;1292;13-06-2024;23;LHCG84;83290271093;ADJUDICADO;GENERICO;NO;TRANSFERIDO;LEASING DEL PACIFICO SPA;LEASING DEL PACIFICO SPA;LEASING;;;1;;1;;;;;;;;;;11-07-2024;06-08-2024;;;;28-08-2024
45456-JJRZ86;1292;13-06-2024;24;JJRZ86;83290271010;ADJUDICADO;MERA;NO;TRANSFERIDO;BANCO DE CHILE  ;Vehículos de Renta Ltda.;LEASING;;;1;;1;1;12-09-2024;18-12-2024;18-12-2024;19-12-2024;19-12-2024;19-12-2024;;;26-12-2024;30-12-2024;09-01-2025;;;18-01-2025
45456-PSZB49;1292;13-06-2024;25;PSZB49;82220342362;ADJUDICADO;LIQ;NO;TRANSFERIDO;ESTANCO SPA  ;LIQUIDACION;LIQUIDACIONES;;;1;;1;;;;;;;;;;08-10-2024;10-10-2024;;;;04-11-2024
45456-KCWG83;1292;13-06-2024;26;KCWG83;83290271085;ADJUDICADO;GENERICO;NO;TRANSFERIDO;LEASING DEL PACIFICO SPA;LEASING DEL PACIFICO SPA;LEASING;;;1;;1;;;;;;;;;;11-07-2024;06-08-2024;;;;28-08-2024
45456-KHJX62;1292;13-06-2024;27;KHJX62;;ADJUDICADO;MERA;NO;TRANSFERIDO;SCOTIABANK CHILE  ;Vehículos de Renta Ltda.;LEASING;;;1;;1;1;01-01-1900;02-09-2024;01-01-1900;01-01-1900;01-01-1900;13-09-2024;;;15-10-2024;18-10-2024;;;;13-11-2024
45456-KHJX65;1292;13-06-2024;28;KHJX65;7940006126;ADJUDICADO;MERA;NO;TRANSFERIDO;SCOTIABANK CHILE  ;Vehículos de Renta Ltda.;LEASING;;;1;;1;1;01-01-1900;02-09-2024;01-01-1900;01-01-1900;01-01-1900;13-09-2024;;;15-10-2024;16-10-2024;;;;09-11-2024
45470-KZWL94;1293;27-06-2024;1;KZWL94;;ADJUDICADO;MERA;NO;TRANSFERIDO;SCOTIABANK CHILE  ;LEASING DEL PACIFICO SPA;LEASING;;;1;;1;1;01-01-1900;01-01-1900;01-01-1900;04-09-2024;01-01-1900;13-09-2024;;;25-09-2024;01-01-1900;;;;23-10-2024
45470-LWZZ91;1293;27-06-2024;2;LWZZ91;57180246043;ADJUDICADO;GENERICO;NO;TRANSFERIDO;Vehículos de Renta Ltda.;Vehículos de Renta Ltda.;LEASING;;;1;;1;;;;;;;;;;10-09-2024;23-09-2024;;;;13-10-2024
45470-RZKP54;1293;27-06-2024;3;RZKP54;;ADJUDICADO;MERA;NO;TRANSFERIDO;SCOTIABANK CHILE  ;LEASING DEL PACIFICO SPA;LEASING;;;1;06-09-2024;06-09-2024;06-09-2024;08-11-2024;18-11-2024;19-11-2024;25-11-2024;26-11-2024;26-11-2024;;;28-11-2024;05-12-2024;;;;05-01-2025
45470-RLCP21;1293;27-06-2024;4;RLCP21;56010071779;ADJUDICADO;MERA;NO;TRANSFERIDO;BANCO SECURITY  ;Vehículos de Renta Ltda.;LEASING;;;1;;1;1;28-10-2024;10-12-2024;16-12-2024;19-12-2024;20-12-2024;20-12-2024;;;13-01-2025;14-01-2025;22-01-2025;;;09-05-2025
45470-PCLH32;1293;27-06-2024;5;PCLH32;81080123482;ADJUDICADO;MERA;NO;TRANSFERIDO;ITAU CORPBANCA  ;LEASING DEL PACIFICO SPA;LEASING;;;1;;1;1;29-10-2024;13-11-2024;13-11-2024;25-11-2024;26-11-2024;26-11-2024;;;28-11-2024;16-12-2024;18-12-2024;;;08-01-2025
45470-PSXK49;1293;27-06-2024;7;PSXK49;81070150537;ADJUDICADO;MERA;NO;TRANSFERIDO;BANCO BICE  ;Vehículos de Renta Ltda.;LEASING;;;1;;1;1;01-01-1900;01-01-1900;23-10-2024;07-11-2024;07-11-2024;08-11-2024;;;12-11-2024;15-11-2024;;;;06-12-2024
45470-PPBF11;1293;27-06-2024;8;PPBF11;80020161651;DESISTIMIENTO;MERA;NO;NO APLICA;BANCO BICE  ;Vehículos de Renta Ltda.;LEASING;;;;;;;;;;;;;;;;;;;;
45470-PCLL51;1293;27-06-2024;9;PCLL51;;ADJUDICADO;MERA;NO;TRANSFERIDO;BANCO DE CRÉDITO E INVERSIONES;LEASING DEL PACIFICO SPA;LEASING;;;1;;1;1;01-01-1900;24-10-2024;24-10-2024;24-10-2024;01-01-1900;13-09-2024;;;25-09-2024;01-10-2024;25-11-2024;;;23-10-2024
45470-PSVJ41;1293;27-06-2024;11;PSVJ41;56110060847;ADJUDICADO;MERA;NO;TRANSFERIDO;BANCO DEL ESTADO DE CHILE  ;Vehículos de Renta Ltda.;LEASING;;;1;;1;1;29-08-2024;28-11-2024;28-11-2024;04-12-2024;16-12-2024;18-12-2024;;;24-12-2024;30-12-2024;09-01-2025;;;21-01-2025
45470-PSXK64;1293;27-06-2024;12;PSXK64;56430053951;ADJUDICADO;MERA;NO;TRANSFERIDO;BANCO BICE  ;Vehículos de Renta Ltda.;LEASING;;;1;;1;1;01-01-1900;01-01-1900;23-10-2024;07-11-2024;07-11-2024;08-11-2024;;;12-11-2024;15-11-2024;;;;06-12-2024
45470-PSVR39;1293;27-06-2024;13;PSVR39;56230020663;ADJUDICADO;MERA;NO;TRANSFERIDO;BANCO DEL ESTADO DE CHILE  ;Vehículos de Renta Ltda.;LEASING;;;1;;1;1;29-08-2024;28-11-2024;28-11-2024;04-12-2024;16-12-2024;18-12-2024;;;24-12-2024;30-12-2024;09-01-2025;;;21-01-2025
45470-PPBF29;1293;27-06-2024;14;PPBF29;79410231546;ADJUDICADO;MERA;NO;TRANSFERIDO;BANCO BICE  ;Vehículos de Renta Ltda.;LEASING;;;1;;1;1;01-01-1900;01-01-1900;23-10-2024;07-11-2024;07-11-2024;08-11-2024;;;12-11-2024;15-11-2024;;;;06-12-2024
45470-PDPW99;1293;27-06-2024;15;PDPW99;;ADJUDICADO;MERA;NO;TRANSFERIDO;BANCO DE CRÉDITO E INVERSIONES;LEASING DEL PACIFICO SPA;LEASING;;;1;;1;1;01-01-1900;24-10-2024;24-10-2024;24-10-2024;01-01-1900;13-09-2024;;;25-09-2024;01-10-2024;25-11-2024;;;23-10-2024
45470-RCHG20;1293;27-06-2024;16;RCHG20;83290271119;ADJUDICADO;GENERICO;NO;TRANSFERIDO;LEASING PIE ANDINO SA;LEASING PIE ANDINO SA;LEASING;;;1;;;;;;;;;;;;27-08-2024;27-08-2024;;;;25-09-2024
45470-JGRG71;1293;27-06-2024;17;JGRG71;82420144782;ADJUDICADO;GENERICO;NO;TRANSFERIDO;SANTANDER CONSUMER FINANCE LIMITADA  ;SANTANDER CONSUMER;BFE;;;1;;1;;;;;;;;;;12-08-2024;19-08-2024;;;;10-09-2024
45470-SFKL61;1293;27-06-2024;18;SFKL61;83330051836;ADJUDICADO;GENERICO;NO;TRANSFERIDO;SANTANDER CONSUMER FINANCE LIMITADA  ;SANTANDER CONSUMER;BFE;;;1;;1;;;;;;;;;;12-08-2024;19-08-2024;;;;10-09-2024
45470-SKFR81;1293;27-06-2024;19;SKFR81;81160060869;ADJUDICADO;GENERICO;NO;TRANSFERIDO;SANTANDER CONSUMER FINANCE LIMITADA  ;SANTANDER CONSUMER;BFE;;;1;;1;;;;;;;;;;12-08-2024;19-08-2024;;;;10-09-2024
45470-KGGK84;1293;27-06-2024;20;KGGK84;79110233651;ADJUDICADO;GENERICO;NO;TRANSFERIDO;TANNER SERVICIOS FINANCIEROS S.A  ;Tanner Servicios Financieros S.A  ;BFE;;;1;;1;;;;;;;;;;12-08-2024;19-08-2024;;;;10-09-2024
45470-KFRG12;1293;27-06-2024;21;KFRG12;;ADJUDICADO;DERIVACION;NO;TRANSFERIDO;KIMBERLI TRACY SCARLETT CONTRERAS  ;Pompeyo Carrasco Automóviles SPA  ;AUTOMOTORAS;;;1;;;;;;;;;;;;30-07-2024;31-07-2024;;;;28-08-2024
45470-RVDZ98;1293;27-06-2024;22;RVDZ98;78520090255;ADJUDICADO;LIQ;NO;TRANSFERIDO;Liquidacion Concursal;LIQUIDACION;LIQUIDACIONES;;;1;;;;;;;;;;;;30-06-2025;30-06-2025;;;;22-07-2025
45470-RLSB52;1293;27-06-2024;23;RLSB52;82420144774;ADJUDICADO;GENERICO;NO;TRANSFERIDO;SANTANDER CONSUMER FINANCE LIMITADA  ;SANTANDER CONSUMER;BFE;;;1;;1;;;;;;;;;;12-08-2024;19-08-2024;;;;10-09-2024
45470-SFHZ27;1293;27-06-2024;24;SFHZ27;83330051760;ADJUDICADO;GENERICO;NO;TRANSFERIDO;SANTANDER CONSUMER FINANCE LIMITADA  ;SANTANDER CONSUMER;BFE;;;1;;1;;;;;;;;;;12-08-2024;19-08-2024;;;;10-09-2024
45470-RRZF38;1293;27-06-2024;25;RRZF38;82420144816;ADJUDICADO;GENERICO;NO;TRANSFERIDO;SANTANDER CONSUMER FINANCE LIMITADA  ;SANTANDER CONSUMER;BFE;;;1;;1;;;;;;;;;;12-08-2024;19-08-2024;;;;10-09-2024
45470-RLXZ56;1293;27-06-2024;26;RLXZ56;82420144808;ADJUDICADO;GENERICO;NO;TRANSFERIDO;SANTANDER CONSUMER FINANCE LIMITADA  ;SANTANDER CONSUMER;BFE;;;1;;1;;;;;;;;;;12-08-2024;19-08-2024;;;;10-09-2024
45470-RCDW35;1293;27-06-2024;27;RCDW35;;ADJUDICADO;GENERICO;NO;TRANSFERIDO;SANTANDER CONSUMER FINANCE LIMITADA  ;SANTANDER CONSUMER;BFE;;;1;;1;;;;;;;;;;12-08-2024;19-08-2024;;;;10-09-2024
45470-JBDF27;1293;27-06-2024;28;JBDF27;79390163156;ADJUDICADO;GENERICO;NO;TRANSFERIDO;TANNER SERVICIOS FINANCIEROS S.A  ;Tanner Servicios Financieros S.A  ;BFE;;;1;;1;;;;;;;;;;12-08-2024;19-08-2024;;;;10-09-2024
45470-RBB080;1293;27-06-2024;31;RBB080;57500553391;ADJUDICADO;LIQ;NO;TRANSFERIDO;Liquidacion Concursal;LIQUIDACION;LIQUIDACIONES;;;1;;;;;;;;;;;;19-07-2024;05-08-2024;;;;28-08-2024
45470-JZYB61;1293;27-06-2024;32;JZYB61;83290271028;ADJUDICADO;MERA;NO;TRANSFERIDO;BANCO DE CHILE  ;Vehículos de Renta Ltda.;LEASING;;;1;;1;1;12-09-2024;18-12-2024;18-12-2024;19-12-2024;19-12-2024;19-12-2024;;;26-12-2024;30-12-2024;09-01-2025;;;18-01-2025
45470-RSPW30;1293;27-06-2024;33;RSPW30;83330051851;ADJUDICADO;GENERICO;NO;TRANSFERIDO;SANTANDER CONSUMER FINANCE LIMITADA  ;SANTANDER CONSUMER;BFE;;;1;;1;;;;;;;;;;12-08-2024;19-08-2024;;;;10-09-2024
45470-LFHT52;1293;27-06-2024;35;LFHT52;79220192003;ADJUDICADO;GENERICO;NO;TRANSFERIDO;LEASING DEL PACIFICO SPA;LEASING DEL PACIFICO SPA;LEASING;;;1;;1;;;;;;;;;;10-09-2024;13-09-2024;;;;10-10-2024
45470-KWJP57;1293;27-06-2024;36;KWJP57;;ADJUDICADO;MERA;NO;TRANSFERIDO;SCOTIABANK CHILE  ;LEASING DEL PACIFICO SPA;LEASING;;;1;;1;1;01-01-1900;01-01-1900;01-01-1900;04-09-2024;01-01-1900;13-09-2024;;;25-09-2024;16-10-2024;;;;09-11-2024
45470-LTLL54;1293;27-06-2024;37;LTLL54;82160447783;ADJUDICADO;GENERICO;NO;TRANSFERIDO;Vehículos de Renta Ltda.;Vehículos de Renta Ltda.;LEASING;;;1;;1;;;;;;;;;;10-09-2024;23-09-2024;;;;13-10-2024
45470-SCBR15;1293;27-06-2024;38;SCBR15;83330051844;ADJUDICADO;GENERICO;NO;TRANSFERIDO;SANTANDER CONSUMER FINANCE LIMITADA  ;SANTANDER CONSUMER;BFE;;;1;;1;;;;;;;;;;12-08-2024;22-08-2024;;;;13-09-2024
45470-LSVH71;1293;27-06-2024;39;LSVH71;;ADJUDICADO;MERA;NO;TRANSFERIDO;SCOTIABANK CHILE  ;LEASING DEL PACIFICO SPA;LEASING;;;1;;1;1;01-01-1900;01-01-1900;01-01-1900;04-09-2024;01-01-1900;13-09-2024;;;25-09-2024;01-01-1900;;;;23-10-2024
45470-KYZP22;1293;27-06-2024;40;KYZP22;78520195047;ADJUDICADO;GENERICO;NO;TRANSFERIDO;LEASING DEL PACIFICO SPA;LEASING DEL PACIFICO SPA;LEASING;;;1;;1;;;;;;;;;;10-09-2024;13-09-2024;;;;10-10-2024
45470-JGPX84;1293;27-06-2024;41;JGPX84;57180208167;ADJUDICADO;LIQ;NO;TRANSFERIDO;CONSTANTINO SIMÓN ANDRÉS BUSQUES VIVANCO  ;LIQUIDACION;LIQUIDACIONES;;;1;;;;;;;;;;;;24-02-2025;24-02-2025;;;;20-03-2025
45470-LPSF15;1293;27-06-2024;42;LPSF15;79380046346;ADJUDICADO;GENERICO;NO;TRANSFERIDO;LEASING DEL PACIFICO SPA;LEASING DEL PACIFICO SPA;LEASING;;;1;;1;;;;;;;;;;10-09-2024;13-09-2024;;;;10-10-2024
45470-RXRY84;1293;27-06-2024;43;RXRY84;56080122122;ADJUDICADO;LIQ;NO;TRANSFERIDO;Liquidacion Concursal;LIQUIDACION;LIQUIDACIONES;;;1;;;;;;;;;;;;24-01-2025;28-01-2025;;;;19-03-2025
45470-PKSG67;1293;27-06-2024;44;PKSG67;58140530971;ADJUDICADO;MERA;NO;TRANSFERIDO;BANCO SECURITY  ;Vehículos de Renta Ltda.;LEASING;;;1;;1;1;28-10-2024;10-12-2024;16-12-2024;19-12-2024;20-12-2024;20-12-2024;;;13-01-2025;14-01-2025;22-01-2025;;;06-02-2025
45470-KCLJ57;1293;27-06-2024;45;KCLJ57;82030352007;ADJUDICADO;GENERICO;NO;TRANSFERIDO;LEASING DEL PACIFICO SPA;LEASING DEL PACIFICO SPA;LEASING;;;1;;1;;;;;;;;;;10-09-2024;13-09-2024;;;;10-10-2024
45470-JJPV13;1293;27-06-2024;46;JJPV13;79390182479;ADJUDICADO;GENERICO;NO;TRANSFERIDO;TRAZA RENT A CAR VEHICULOS Y MAQUINARIAS LIMITADA  ;TRAZA RENT A CAR VEHICULOS Y MAQUINARIAS LIMITADA  ;BFE;;;1;;;;;;;;;;;;12-08-2024;19-08-2024;;;;10-09-2024
45470-KSJS60;1293;27-06-2024;47;KSJS60;57500496658;ADJUDICADO;GENERICO;NO;TRANSFERIDO;LEASING DEL PACIFICO SPA;LEASING DEL PACIFICO SPA;LEASING;;;1;;1;;;;;;;;;;10-09-2024;13-09-2024;;;;10-10-2024
45470-JZPD93;1293;27-06-2024;48;JZPD93;56160032902;ADJUDICADO;GENERICO;NO;TRANSFERIDO;Vehículos de Renta Ltda.;Vehículos de Renta Ltda.;LEASING;;;1;;1;;;;;;;;;;10-09-2024;23-09-2024;;;;13-10-2024
45470-LDPR83;1293;27-06-2024;49;LDPR83;79380224778;ADJUDICADO;GENERICO;NO;TRANSFERIDO;LEASING DEL PACIFICO SPA;LEASING DEL PACIFICO SPA;LEASING;;;1;;1;;;;;;;;;;10-09-2024;02-10-2024;;;;24-10-2024
45470-LDPR85;1293;27-06-2024;50;LDPR85;79390066219;ADJUDICADO;GENERICO;NO;TRANSFERIDO;LEASING DEL PACIFICO SPA;LEASING DEL PACIFICO SPA;LEASING;;;1;;1;;;;;;;;;;10-09-2024;13-09-2024;;;;10-10-2024
45470-HYTJ93;1293;27-06-2024;51;HYTJ93;56160048130;ADJUDICADO;GENERICO;NO;TRANSFERIDO;LEASING DEL PACIFICO SPA;LEASING DEL PACIFICO SPA;LEASING;;;1;;1;;;;;;;;;;10-09-2024;13-09-2024;;;;10-10-2024
45470-HZTW66;1293;27-06-2024;52;HZTW66;79380002703;ADJUDICADO;GENERICO;NO;TRANSFERIDO;LEASING DEL PACIFICO SPA;LEASING DEL PACIFICO SPA;LEASING;;;1;;1;;;;;;;;;;10-09-2024;13-09-2024;;;;10-10-2024
45470-KRGV40;1293;27-06-2024;53;KRGV40;56030056503;ADJUDICADO;GENERICO;NO;TRANSFERIDO;LEASING DEL PACIFICO SPA;LEASING DEL PACIFICO SPA;LEASING;;;1;;1;;;;;;;;;;10-09-2024;13-09-2024;;;;10-10-2024
45470-KSLW13;1293;27-06-2024;54;KSLW13;;ADJUDICADO;MERA;NO;TRANSFERIDO;SCOTIABANK CHILE  ;LEASING DEL PACIFICO SPA;LEASING;;;1;;1;1;01-01-1900;01-01-1900;01-01-1900;04-09-2024;01-01-1900;13-09-2024;;;25-09-2024;01-01-1900;;;;23-10-2024
45470-JRLZ37;1293;27-06-2024;55;JRLZ37;79220077832;ADJUDICADO;GENERICO;NO;TRANSFERIDO;LEASING DEL PACIFICO SPA;LEASING DEL PACIFICO SPA;LEASING;;;1;;1;;;;;;;;;;10-09-2024;13-09-2024;;;;10-10-2024
45474-PGCB69;1295;01-07-2024;VD;PGCB69;;ADJUDICADO;GENERICO;NO;TRANSFERIDO;TRAZA RENT A CAR VEHICULOS Y MAQUINARIAS LIMITADA  ;TRAZA RENT A CAR VEHICULOS Y MAQUINARIAS LIMITADA  ;BFE;;;1;;;;;;;;;;;;22-08-2024;23-08-2024;;;;14-09-2024
45477-JZWD36;1297;04-07-2024;1;JZWD36;;ADJUDICADO;GENERICO;NO;TRANSFERIDO;SANTANDER CONSUMER FINANCE LIMITADA  ;SANTANDER CONSUMER;BFE;;;1;;1;;;;;;;;;;12-08-2024;19-08-2024;;;;10-09-2024
45477-RCHG49;1297;04-07-2024;2;RCHG49;83330021581;ADJUDICADO;GENERICO;NO;TRANSFERIDO;LEASING PIE ANDINO SA;LEASING PIE ANDINO SA;LEASING;;;1;;;;;;;;;;;;27-08-2024;27-08-2024;;;;25-09-2024
45477-RYBH45;1297;04-07-2024;3;RYBH45;83220246926;ADJUDICADO;MERA;NO;TRANSFERIDO;BANCO SANTANDER CHILE  ;LEASING DEL PACIFICO SPA;LEASING;;;1;;1;1;01-01-1900;30-08-2024;01-01-1900;04-09-2024;01-01-1900;13-09-2024;;;26-09-2024;01-01-1900;;;;23-10-2024
45477-PBFX18;1297;04-07-2024;4;PBFX18;;ADJUDICADO;MERA;NO;TRANSFERIDO;BANCO DE CRÉDITO E INVERSIONES;LEASING DEL PACIFICO SPA;LEASING;;;1;;1;1;01-01-1900;24-10-2024;24-10-2024;24-10-2024;01-01-1900;13-09-2024;;;25-09-2024;01-10-2024;25-11-2024;;;23-10-2024
45477-PBFX56;1297;04-07-2024;5;PBFX56;;ADJUDICADO;MERA;NO;TRANSFERIDO;BANCO DE CRÉDITO E INVERSIONES;LEASING DEL PACIFICO SPA;LEASING;;;1;;1;1;01-01-1900;24-10-2024;24-10-2024;24-10-2024;01-01-1900;13-09-2024;;;25-09-2024;01-10-2024;25-11-2024;;;23-10-2024
45477-PBFX13;1297;04-07-2024;6;PBFX13;;ADJUDICADO;MERA;NO;TRANSFERIDO;BANCO DE CRÉDITO E INVERSIONES;LEASING DEL PACIFICO SPA;LEASING;;;1;;1;1;01-01-1900;24-10-2024;24-10-2024;24-10-2024;01-01-1900;13-09-2024;;;25-09-2024;01-10-2024;25-11-2024;;;23-10-2024
45477-PBFX19;1297;04-07-2024;7;PBFX19;;ADJUDICADO;MERA;NO;TRANSFERIDO;BANCO DE CRÉDITO E INVERSIONES;LEASING DEL PACIFICO SPA;LEASING;;;1;;1;1;01-01-1900;24-10-2024;24-10-2024;24-10-2024;01-01-1900;13-09-2024;;;25-09-2024;01-10-2024;25-11-2024;;;23-10-2024
45477-RCHG23;1297;04-07-2024;8;RCHG23;83220246991;ADJUDICADO;GENERICO;NO;TRANSFERIDO;LEASING PIE ANDINO SA;LEASING PIE ANDINO SA;LEASING;;;1;;;;;;;;;;;;27-08-2024;27-08-2024;;;;25-09-2024
45477-SCDT11;1297;04-07-2024;9;SCDT11;82420144824;ADJUDICADO;GENERICO;NO;TRANSFERIDO;SANTANDER CONSUMER FINANCE LIMITADA  ;SANTANDER CONSUMER;BFE;;;1;;1;;;;;;;;;;12-08-2024;19-08-2024;;;;08-09-2024
45477-RPXJ30;1297;04-07-2024;10;RPXJ30;56360011920;ADJUDICADO;GENERICO;NO;TRANSFERIDO;SANTANDER CONSUMER FINANCE LIMITADA  ;SANTANDER CONSUMER;BFE;;;1;;1;;;;;;;;;;12-08-2024;19-08-2024;;;;10-09-2024
45477-PTLF79;1297;04-07-2024;11;PTLF79;82420144832;ADJUDICADO;GENERICO;NO;TRANSFERIDO;SANTANDER CONSUMER FINANCE LIMITADA  ;SANTANDER CONSUMER;BFE;;;1;;1;;;;;;;;;;12-08-2024;19-08-2024;;;;10-09-2024
45477-KGZP66;1297;04-07-2024;12;KGZP66;83330051778;ADJUDICADO;GENERICO;NO;TRANSFERIDO;SANTANDER CONSUMER FINANCE LIMITADA  ;SANTANDER CONSUMER;BFE;;;1;;1;;;;;;;;;;12-08-2024;19-08-2024;;;;10-09-2024
45477-JZYX37;1297;04-07-2024;13;JZYX37;83220246959;ADJUDICADO;GENERICO;NO;TRANSFERIDO;LEASING DEL PACIFICO SPA;LEASING DEL PACIFICO SPA;LEASING;;;1;;1;;;;;;;;;;10-09-2024;13-09-2024;;;;10-10-2024
45477-LYCR24;1297;04-07-2024;14;LYCR24;83220246876;ADJUDICADO;MERA;NO;TRANSFERIDO;BANCO BICE  ;LEASING DEL PACIFICO SPA;LEASING;;;1;;1;1;01-01-1900;01-01-1900;23-10-2024;07-11-2024;07-11-2024;08-11-2024;;;12-11-2024;15-11-2024;;;;06-12-2024
45477-LJSB70;1297;04-07-2024;15;LJSB70;83290005780;ADJUDICADO;GENERICO;NO;TRANSFERIDO;Vehículos de Renta Ltda.;Vehículos de Renta Ltda.;LEASING;;;1;;1;;;;;;;;;;10-09-2024;13-09-2024;;;;10-10-2024
45477-LBXC13;1297;04-07-2024;16;LBXC13;83220246983;ADJUDICADO;GENERICO;NO;TRANSFERIDO;LEASING DEL PACIFICO SPA;LEASING DEL PACIFICO SPA;LEASING;;;1;;1;;;;;;;;;;10-09-2024;13-09-2024;;;;10-10-2024
45477-LCWR16;1297;04-07-2024;17;LCWR16;83220246975;ADJUDICADO;GENERICO;NO;TRANSFERIDO;LEASING DEL PACIFICO SPA;LEASING DEL PACIFICO SPA;LEASING;;;1;;1;;;;;;;;;;10-09-2024;13-09-2024;;;;10-10-2024
45477-LPGH87;1297;04-07-2024;18;LPGH87;83220246918;ADJUDICADO;MERA;NO;TRANSFERIDO;BANCO SANTANDER CHILE  ;LEASING DEL PACIFICO SPA;LEASING;;;1;;1;1;01-01-1900;30-08-2024;01-01-1900;04-09-2024;01-01-1900;13-09-2024;;;26-09-2024;01-01-1900;;;;23-10-2024
45477-PSCJ28;1297;04-07-2024;19;PSCJ28;83220246850;ADJUDICADO;MERA;NO;TRANSFERIDO;BANCO BICE  ;LEASING DEL PACIFICO SPA;LEASING;;;1;;1;1;01-01-1900;01-01-1900;23-10-2024;07-11-2024;07-11-2024;08-11-2024;;;12-11-2024;15-11-2024;;;;06-12-2024
45477-PSCJ33;1297;04-07-2024;20;PSCJ33;83220246835;ADJUDICADO;MERA;NO;TRANSFERIDO;BANCO BICE  ;LEASING DEL PACIFICO SPA;LEASING;;;1;;1;1;01-01-1900;01-01-1900;23-10-2024;07-11-2024;07-11-2024;08-11-2024;;;12-11-2024;15-11-2024;;;;06-12-2024
45477-PSCJ22;1297;04-07-2024;21;PSCJ22;83220246843;ADJUDICADO;MERA;NO;TRANSFERIDO;BANCO BICE  ;LEASING DEL PACIFICO SPA;LEASING;;;1;;1;1;01-01-1900;01-01-1900;23-10-2024;07-11-2024;07-11-2024;08-11-2024;;;12-11-2024;15-11-2024;;;;06-12-2024
45477-LVKD45;1297;04-07-2024;22;LVKD45;83220246884;ANULACION;MERA;NO;NO APLICA;BANCO DE CHILE  ;LEASING DEL PACIFICO SPA;LEASING;;;;;1;1;12-09-2024;;;;;;;;;;;;;
45477-LBXC17;1297;04-07-2024;23;LBXC17;83220246967;ADJUDICADO;GENERICO;NO;TRANSFERIDO;LEASING DEL PACIFICO SPA;LEASING DEL PACIFICO SPA;LEASING;;;1;;1;;;;;;;;;;10-09-2024;13-09-2024;;;;10-10-2024
45477-KRHF48;1297;04-07-2024;24;KRHF48;83220246942;ADJUDICADO;GENERICO;NO;TRANSFERIDO;LEASING DEL PACIFICO SPA;LEASING DEL PACIFICO SPA;LEASING;;;1;;1;;;;;;;;;;10-09-2024;13-09-2024;;;;10-10-2024
45477-KCKW23;1297;04-07-2024;25;KCKW23;;ADJUDICADO;MERA;NO;TRANSFERIDO;SCOTIABANK CHILE  ;LEASING DEL PACIFICO SPA;LEASING;;;1;;1;1;01-01-1900;01-01-1900;23-10-2024;07-11-2024;08-11-2024;12-11-2024;;;12-11-2024;20-11-2024;;;;10-12-2024
45477-KFKH93;1297;04-07-2024;26;KFKH93;83220246900;ADJUDICADO;MERA;NO;TRANSFERIDO;BANCO DE CHILE  ;LEASING DEL PACIFICO SPA;LEASING;;;1;;1;1;12-09-2024;18-12-2024;18-12-2024;19-12-2024;19-12-2024;19-12-2024;;;26-12-2024;30-12-2024;09-01-2025;;;18-01-2025
45477-PSCK94;1297;04-07-2024;28;PSCK94;83220246868;ADJUDICADO;MERA;NO;TRANSFERIDO;BANCO BICE  ;LEASING DEL PACIFICO SPA;LEASING;;;1;;1;1;01-01-1900;01-01-1900;23-10-2024;07-11-2024;07-11-2024;08-11-2024;;;12-11-2024;15-11-2024;;;;30-11-2024
45477-HPBH22;1297;04-07-2024;29;HPBH22;83220246934;ADJUDICADO;MERA;NO;TRANSFERIDO;ITAU CORPBANCA  ;LEASING DEL PACIFICO SPA;LEASING;;;1;;1;1;29-10-2024;13-11-2024;13-11-2024;25-11-2024;26-11-2024;26-11-2024;;;28-11-2024;05-12-2024;;;;05-01-2025
45484-LJRF72;1298;11-07-2024;1;LJRF72;83220226837;ANULACION;MERA;NO;NO APLICA;ITAU CORPBANCA  ;LEASING DEL PACIFICO SPA;LEASING;;;;;;;;;;;;;;;;;;;;
45484-PTRK94;1298;11-07-2024;2;PTRK94;83220226860;ADJUDICADO;GENERICO;NO;TRANSFERIDO;LEASING DEL PACIFICO SPA;LEASING DEL PACIFICO SPA;LEASING;;;1;;1;;;;;;;;;;10-09-2024;13-09-2024;;;;10-10-2024
45484-PZGP94;1298;11-07-2024;3;PZGP94;83220226951;ADJUDICADO;GENERICO;NO;TRANSFERIDO;LEASING DEL PACIFICO SPA;LEASING DEL PACIFICO SPA;LEASING;;;1;;1;;;;;;;;;;10-09-2024;13-09-2024;;;;10-10-2024
45484-LVJT11;1298;11-07-2024;4;LVJT11;83220226852;ADJUDICADO;GENERICO;NO;TRANSFERIDO;LEASING DEL PACIFICO SPA;LEASING DEL PACIFICO SPA;LEASING;;;1;;1;;;;;;;;;;10-09-2024;13-09-2024;;;;10-10-2024
45484-PSXK48;1298;11-07-2024;5;PSXK48;56110044643;ADJUDICADO;MERA;NO;TRANSFERIDO;BANCO BICE  ;Vehículos de Renta Ltda.;LEASING;;;1;;1;1;08-11-2024;13-11-2024;13-11-2024;25-11-2024;26-11-2024;26-11-2024;;;28-11-2024;05-12-2024;;;;05-01-2025
45484-PTTL97;1298;11-07-2024;6;PTTL97;82140611953;ADJUDICADO;GENERICO;NO;TRANSFERIDO;LEASING DEL PACIFICO SPA;LEASING DEL PACIFICO SPA;LEASING;;;1;;1;;;;;;;;;;10-09-2024;13-09-2024;;;;10-10-2024
45484-PTTL88;1298;11-07-2024;7;PTTL88;82160491591;ADJUDICADO;GENERICO;NO;TRANSFERIDO;LEASING DEL PACIFICO SPA;LEASING DEL PACIFICO SPA;LEASING;;;1;;1;;;;;;;;;;10-09-2024;13-09-2024;;;;10-10-2024
45484-PTTL56;1298;11-07-2024;8;PTTL56;83220226944;ADJUDICADO;GENERICO;NO;TRANSFERIDO;LEASING DEL PACIFICO SPA;LEASING DEL PACIFICO SPA;LEASING;;;1;;1;;;;;;;;;;10-09-2024;13-09-2024;;;;10-10-2024
45484-PTTP24;1298;11-07-2024;9;PTTP24;83220226936;ADJUDICADO;GENERICO;NO;TRANSFERIDO;LEASING DEL PACIFICO SPA;LEASING DEL PACIFICO SPA;LEASING;;;1;;1;;;;;;;;;;10-09-2024;13-09-2024;;;;10-10-2024
45484-PBFX25;1298;11-07-2024;10;PBFX25;;ADJUDICADO;MERA;NO;TRANSFERIDO;BANCO DE CRÉDITO E INVERSIONES;LEASING DEL PACIFICO SPA;LEASING;;;1;;1;1;01-01-1900;24-10-2024;24-10-2024;24-10-2024;01-01-1900;13-09-2024;;;25-09-2024;01-10-2024;25-11-2024;;;23-10-2024
45484-LVJL60;1298;11-07-2024;12;LVJL60;83220226985;ADJUDICADO;MERA;NO;TRANSFERIDO;BANCO SANTANDER CHILE  ;LEASING DEL PACIFICO SPA;LEASING;;;1;;1;1;01-01-1900;30-08-2024;01-01-1900;04-09-2024;01-01-1900;13-09-2024;;;01-01-1900;01-01-1900;;;;23-10-2024
45484-LVFJ71;1298;11-07-2024;13;LVFJ71;83220226845;ADJUDICADO;GENERICO;NO;TRANSFERIDO;LEASING DEL PACIFICO SPA;LEASING DEL PACIFICO SPA;LEASING;;;1;;1;;;;;;;;;;10-09-2024;13-09-2024;;;;10-10-2024
45484-KFBB78;1298;11-07-2024;14;KFBB78;83220226803;ADJUDICADO;MERA;NO;TRANSFERIDO;BANCO DE CHILE  ;LEASING DEL PACIFICO SPA;LEASING;;;1;;1;1;12-09-2024;18-12-2024;18-12-2024;19-12-2024;19-12-2024;19-12-2024;;;26-12-2024;30-12-2024;09-01-2025;;;18-01-2025
45484-JTSL38;1298;11-07-2024;15;JTSL38;83220226910;ADJUDICADO;GENERICO;NO;TRANSFERIDO;LEASING DEL PACIFICO SPA;LEASING DEL PACIFICO SPA;LEASING;;;1;;1;;;;;;;;;;10-09-2024;13-09-2024;;;;10-10-2024
45484-RCWK25;1298;11-07-2024;16;RCWK25;83220226993;ADJUDICADO;LIQ;NO;TRANSFERIDO;Liquidacion Concursal;LIQUIDACION;LIQUIDACIONES;;;1;;;;;;;;;;;;02-08-2024;05-08-2024;;;;28-08-2024
45484-LPRT46;1298;11-07-2024;18;LPRT46;83220226902;ADJUDICADO;GENERICO;NO;TRANSFERIDO;LEASING DEL PACIFICO SPA;LEASING DEL PACIFICO SPA;LEASING;;;1;;1;;;;;;;;;;10-09-2024;13-09-2024;;;;10-10-2024
45484-PSCJ27;1298;11-07-2024;19;PSCJ27;83220226829;ADJUDICADO;MERA;NO;TRANSFERIDO;BANCO BICE  ;LEASING DEL PACIFICO SPA;LEASING;;;1;;1;1;01-01-1900;01-01-1900;23-10-2024;07-11-2024;07-11-2024;08-11-2024;;;12-11-2024;15-11-2024;;;;06-12-2024
45484-PCYF17;1298;11-07-2024;20;PCYF17;83220226811;ADJUDICADO;MERA;NO;TRANSFERIDO;BANCO BICE  ;LEASING DEL PACIFICO SPA;LEASING;;;1;;1;1;01-01-1900;01-01-1900;23-10-2024;07-11-2024;07-11-2024;08-11-2024;;;12-11-2024;15-11-2024;;;;06-12-2024
45484-LYCR36;1298;11-07-2024;21;LYCR36;82220163404;ADJUDICADO;MERA;NO;TRANSFERIDO;BANCO BICE  ;LEASING DEL PACIFICO SPA;LEASING;;;1;;1;1;01-01-1900;01-01-1900;23-10-2024;07-11-2024;07-11-2024;08-11-2024;;;12-11-2024;15-11-2024;;;;06-12-2024
45484-KYZR23;1298;11-07-2024;22;KYZR23;83220226928;ADJUDICADO;GENERICO;NO;TRANSFERIDO;LEASING DEL PACIFICO SPA;LEASING DEL PACIFICO SPA;LEASING;;;1;;1;;;;;;;;;;10-09-2024;13-09-2024;;;;10-10-2024
45484-KWRY60;1298;11-07-2024;23;KWRY60;82220163545;ADJUDICADO;GENERICO;NO;TRANSFERIDO;LEASING DEL PACIFICO SPA;LEASING DEL PACIFICO SPA;LEASING;;;1;;1;;;;;;;;;;10-09-2024;13-09-2024;;;;10-10-2024
45484-KKXF25;1298;11-07-2024;24;KKXF25;83220226894;ADJUDICADO;GENERICO;NO;TRANSFERIDO;LEASING DEL PACIFICO SPA;LEASING DEL PACIFICO SPA;LEASING;;;1;;1;;;;;;;;;;10-09-2024;13-09-2024;;;;10-10-2024
45484-JYVT38;1298;11-07-2024;25;JYVT38;83220226878;ADJUDICADO;GENERICO;NO;TRANSFERIDO;LEASING DEL PACIFICO SPA;LEASING DEL PACIFICO SPA;LEASING;;;1;;1;;;;;;;;;;10-09-2024;13-09-2024;;;;10-10-2024
45484-LVJV71;1298;11-07-2024;26;LVJV71;83220226886;ADJUDICADO;GENERICO;NO;TRANSFERIDO;LEASING DEL PACIFICO SPA;LEASING DEL PACIFICO SPA;LEASING;;;1;;1;;;;;;;;;;10-09-2024;13-09-2024;;;;10-10-2024
45484-PBCZ37;1298;11-07-2024;27;PBCZ37;82220163396;ADJUDICADO;MERA;NO;TRANSFERIDO;BANCO BICE  ;LEASING DEL PACIFICO SPA;LEASING;;;1;;1;1;01-01-1900;01-01-1900;23-10-2024;07-11-2024;07-11-2024;08-11-2024;;;12-11-2024;15-11-2024;;;;06-12-2024
45484-KVVV57;1298;11-07-2024;28;KVVV57;83220226969;ADJUDICADO;GENERICO;NO;TRANSFERIDO;LEASING DEL PACIFICO SPA;LEASING DEL PACIFICO SPA;LEASING;;;1;;1;;;;;;;;;;10-09-2024;13-09-2024;;;;10-10-2024
45484-LRBH22;1298;11-07-2024;29;LRBH22;;ADJUDICADO;MERA;NO;TRANSFERIDO;SCOTIABANK CHILE  ;LEASING DEL PACIFICO SPA;LEASING;;;1;;1;1;01-01-1900;01-01-1900;23-10-2024;07-11-2024;08-11-2024;12-11-2024;;;12-11-2024;20-11-2024;;;;10-12-2024
45484-KLZY72;1298;11-07-2024;30;KLZY72;;ADJUDICADO;MERA;NO;TRANSFERIDO;SCOTIABANK CHILE  ;LEASING DEL PACIFICO SPA;LEASING;;;1;;1;1;01-01-1900;01-01-1900;23-10-2024;07-11-2024;08-11-2024;12-11-2024;;;12-11-2024;20-11-2024;;;;10-12-2024
45491-RTLF18;1300;18-07-2024;1;RTLF18;;ADJUDICADO;MERA;NO;TRANSFERIDO;SCOTIABANK CHILE  ;LEASING DEL PACIFICO SPA;LEASING;;;1;06-09-2024;06-09-2024;06-09-2024;08-11-2024;18-11-2024;19-11-2024;25-11-2024;26-11-2024;26-11-2024;;;28-11-2024;05-12-2024;;;;05-01-2025
45491-RSRX50;1300;18-07-2024;2;RSRX50;83220226589;ADJUDICADO;MERA;NO;TRANSFERIDO;BANCO SECURITY  ;LEASING DEL PACIFICO SPA;LEASING;;;1;01-01-1900;1;1;29-10-2024;10-12-2024;16-12-2024;19-12-2024;20-12-2024;20-12-2024;;;13-01-2025;14-01-2025;22-01-2025;;;06-02-2025
45491-PZGP82;1300;18-07-2024;3;PZGP82;83220226647;ADJUDICADO;GENERICO;NO;TRANSFERIDO;LEASING DEL PACIFICO SPA;LEASING DEL PACIFICO SPA;LEASING;;;1;;1;;;;;;;;;;10-09-2024;13-09-2024;;;;10-10-2024
45491-LYCF49;1300;18-07-2024;4;LYCF49;83220226654;ADJUDICADO;GENERICO;NO;TRANSFERIDO;LEASING DEL PACIFICO SPA;LEASING DEL PACIFICO SPA;LEASING;;;1;;1;;;;;;;;;;10-09-2024;13-09-2024;;;;10-10-2024
45491-PTJC76;1300;18-07-2024;5;PTJC76;83220226670;ADJUDICADO;GENERICO;NO;TRANSFERIDO;LEASING DEL PACIFICO SPA;LEASING DEL PACIFICO SPA;LEASING;;;1;;1;;;;;;;;;;10-09-2024;13-09-2024;;;;10-10-2024
45491-PDPX12;1300;18-07-2024;6;PDPX12;;ADJUDICADO;MERA;NO;TRANSFERIDO;BANCO DE CRÉDITO E INVERSIONES;LEASING DEL PACIFICO SPA;LEASING;;;1;;1;1;01-01-1900;24-10-2024;24-10-2024;24-10-2024;01-01-1900;13-09-2024;;;25-09-2024;01-10-2024;25-11-2024;;;23-10-2024
45491-PBFX43;1300;18-07-2024;7;PBFX43;;ADJUDICADO;MERA;NO;TRANSFERIDO;BANCO DE CRÉDITO E INVERSIONES;LEASING DEL PACIFICO SPA;LEASING;;;1;;1;1;01-01-1900;24-10-2024;24-10-2024;24-10-2024;01-01-1900;13-09-2024;;;25-09-2024;01-10-2024;25-11-2024;;;23-10-2024
45491-PBFX58;1300;18-07-2024;8;PBFX58;;ADJUDICADO;MERA;NO;TRANSFERIDO;BANCO DE CRÉDITO E INVERSIONES;LEASING DEL PACIFICO SPA;LEASING;;;1;;1;1;01-01-1900;24-10-2024;24-10-2024;24-10-2024;01-01-1900;13-09-2024;;;25-09-2024;01-10-2024;25-11-2024;;;23-10-2024
45491-PBFX31;1300;18-07-2024;9;PBFX31;83220226597;ADJUDICADO;MERA;NO;TRANSFERIDO;BANCO DE CRÉDITO E INVERSIONES;LEASING DEL PACIFICO SPA;LEASING;;;1;;1;1;01-01-1900;11-09-2024;07-11-2024;11-11-2024;11-11-2024;26-11-2024;;;26-11-2024;28-11-2024;05-12-2024;;;19-12-2024
45491-PBFX21;1300;18-07-2024;10;PBFX21;83220226605;ADJUDICADO;MERA;NO;TRANSFERIDO;BANCO DE CRÉDITO E INVERSIONES;LEASING DEL PACIFICO SPA;LEASING;;;1;;1;1;01-01-1900;11-09-2024;07-11-2024;11-11-2024;11-11-2024;26-11-2024;;;26-11-2024;28-11-2024;05-12-2024;;;19-12-2024
45491-PTJC71;1300;18-07-2024;11;PTJC71;83220226621;ADJUDICADO;GENERICO;NO;TRANSFERIDO;LEASING DEL PACIFICO SPA;LEASING DEL PACIFICO SPA;LEASING;;;1;;1;;;;;;;;;;10-09-2024;13-09-2024;;;;10-10-2024
45491-PBFX54;1300;18-07-2024;12;PBFX54;;ADJUDICADO;MERA;NO;TRANSFERIDO;BANCO DE CRÉDITO E INVERSIONES;LEASING DEL PACIFICO SPA;LEASING;;;1;;1;1;01-01-1900;24-10-2024;24-10-2024;01-01-1900;01-01-1900;13-09-2024;;;25-09-2024;05-03-2025;25-11-2024;28-02-2025;;08-05-2025
45491-SFHJ85;1300;18-07-2024;13;SFHJ85;;ADJUDICADO;GENERICO;NO;TRANSFERIDO;SANTANDER CONSUMER FINANCE LIMITADA  ;SANTANDER CONSUMER;BFE;;;1;;1;;;;;;;;;;12-08-2024;19-08-2024;;;;10-09-2024
45491-JPKF80;1300;18-07-2024;14;JPKF80;83450097296;ADJUDICADO;GENERICO;NO;TRANSFERIDO;SANTANDER CONSUMER FINANCE LIMITADA  ;SANTANDER CONSUMER;BFE;;;1;;1;;;;;;;;;;12-08-2024;19-08-2024;;;;10-09-2024
45491-LHWJ13;1300;18-07-2024;15;LHWJ13;83220226506;ADJUDICADO;MERA;NO;TRANSFERIDO;BANCO DE CHILE  ;LEASING DEL PACIFICO SPA;LEASING;;;1;06-09-2024;06-sept;06-sept;12-09-2024;18-12-2024;18-12-2024;19-12-2024;19-12-2024;19-12-2024;;;26-12-2024;30-12-2024;09-01-2025;;;21-01-2025
45491-LRBG97;1300;18-07-2024;16;LRBG97;83220226514;ADJUDICADO;MERA;NO;TRANSFERIDO;BANCO DE CHILE  ;LEASING DEL PACIFICO SPA;LEASING;;;1;06-09-2024;06-sept;06-sept;12-09-2024;18-12-2024;18-12-2024;19-12-2024;19-12-2024;19-12-2024;;;26-12-2024;30-12-2024;09-01-2025;;;15-01-2025
45491-LJJL50;1300;18-07-2024;17;LJJL50;83220226548;ADJUDICADO;MERA;NO;TRANSFERIDO;BANCO SANTANDER CHILE  ;LEASING DEL PACIFICO SPA;LEASING;;;1;;1;1;01-01-1900;30-08-2024;01-01-1900;04-09-2024;01-01-1900;13-09-2024;;;01-01-1900;01-01-1900;;;;23-10-2024
45491-LCLC33;1300;18-07-2024;18;LCLC33;;ADJUDICADO;MERA;NO;TRANSFERIDO;SCOTIABANK CHILE  ;LEASING DEL PACIFICO SPA;LEASING;;;1;;1;1;01-01-1900;01-01-1900;23-10-2024;07-11-2024;08-11-2024;12-11-2024;;;12-11-2024;20-11-2024;;;;10-12-2024
45491-LFYT89;1300;18-07-2024;19;LFYT89;83220226688;ADJUDICADO;GENERICO;NO;TRANSFERIDO;LEASING DEL PACIFICO SPA;LEASING DEL PACIFICO SPA;LEASING;;;1;;1;;;;;;;;;;10-09-2024;13-09-2024;;;;10-10-2024
45491-PBFX44;1300;18-07-2024;20;PBFX44;;ADJUDICADO;MERA;NO;TRANSFERIDO;BANCO DE CRÉDITO E INVERSIONES;LEASING DEL PACIFICO SPA;LEASING;;;1;;1;1;01-01-1900;24-10-2024;24-10-2024;24-10-2024;01-01-1900;13-09-2024;;;25-09-2024;01-10-2024;25-11-2024;;;23-10-2024
45491-PTJC86;1300;18-07-2024;21;PTJC86;83220226662;ADJUDICADO;GENERICO;NO;TRANSFERIDO;LEASING DEL PACIFICO SPA;LEASING DEL PACIFICO SPA;LEASING;;;1;;1;;;;;;;;;;10-09-2024;13-09-2024;;;;10-10-2024
45491-LVJL74;1300;18-07-2024;22;LVJL74;83220226563;ADJUDICADO;MERA;NO;TRANSFERIDO;BANCO SANTANDER CHILE  ;LEASING DEL PACIFICO SPA;LEASING;;;1;;1;1;01-01-1900;30-08-2024;01-01-1900;04-09-2024;01-01-1900;13-09-2024;;;01-01-1900;01-01-1900;;;;23-10-2024
45491-PSHT94;1300;18-07-2024;23;PSHT94;;ADJUDICADO;MERA;NO;TRANSFERIDO;BANCO DE CRÉDITO E INVERSIONES;LEASING DEL PACIFICO SPA;LEASING;;;1;;1;1;01-01-1900;24-10-2024;24-10-2024;01-01-1900;01-01-1900;13-09-2024;;;25-09-2024;25-10-2024;25-11-2024;23-10-2024;24-10-2024;18-11-2024
45491-PJRS23;1300;18-07-2024;24;PJRS23;83220226522;ADJUDICADO;MERA;NO;TRANSFERIDO;BANCO DE CHILE  ;LEASING DEL PACIFICO SPA;LEASING;;;1;;1;1;12-09-2024;18-12-2024;18-12-2024;19-12-2024;19-12-2024;19-12-2024;;;26-12-2024;30-12-2024;09-01-2025;;;21-01-2025
45491-LSVH52;1300;18-07-2024;25;LSVH52;;ADJUDICADO;MERA;NO;TRANSFERIDO;SCOTIABANK CHILE  ;LEASING DEL PACIFICO SPA;LEASING;;;1;;1;1;01-01-1900;01-01-1900;23-10-2024;07-11-2024;08-11-2024;12-11-2024;;;12-11-2024;20-11-2024;;;;10-12-2024
45491-PYVG30;1300;18-07-2024;26;PYVG30;83220226639;ADJUDICADO;GENERICO;NO;TRANSFERIDO;LEASING DEL PACIFICO SPA;LEASING DEL PACIFICO SPA;LEASING;;;1;;1;;;;;;;;;;10-09-2024;13-09-2024;;;;10-10-2024
45491-PKVZ31;1300;18-07-2024;27;PKVZ31;;ADJUDICADO;DERIVACION;NO;TRANSFERIDO;JUAN GUILLERMO VENEGAS PARRA  ;Pompeyo Carrasco Automóviles SPA  ;AUTOMOTORAS;;;1;;;;;;;;;;;;27-11-2024;29-11-2024;;;;21-12-2024
45491-JZYJ49;1300;18-07-2024;28;JZYJ49;83220226571;ADJUDICADO;MERA;NO;TRANSFERIDO;BANCO SANTANDER CHILE  ;LEASING DEL PACIFICO SPA;LEASING;;;1;;1;1;01-01-1900;30-08-2024;01-01-1900;04-09-2024;01-01-1900;13-09-2024;;;26-09-2024;01-01-1900;;;;23-10-2024
45491-JZXX37;1300;18-07-2024;29;JZXX37;83220226555;ADJUDICADO;MERA;NO;TRANSFERIDO;BANCO SANTANDER CHILE  ;LEASING DEL PACIFICO SPA;LEASING;;;1;;1;1;01-01-1900;30-08-2024;01-01-1900;04-09-2024;01-01-1900;13-09-2024;;;01-01-1900;01-01-1900;;;;23-10-2024
45491-KYSS36;1300;18-07-2024;30;KYSS36;83220226498;ADJUDICADO;MERA;NO;TRANSFERIDO;BANCO DE CHILE  ;LEASING DEL PACIFICO SPA;LEASING;;;1;;1;1;12-09-2024;18-12-2024;18-12-2024;19-12-2024;19-12-2024;19-12-2024;;;26-12-2024;30-12-2024;09-01-2025;;;18-01-2025
45491-KXVF80;1300;18-07-2024;31;KXVF80;83220226530;ADJUDICADO;MERA;NO;TRANSFERIDO;BANCO DE CHILE  ;LEASING DEL PACIFICO SPA;LEASING;;;1;;1;1;12-09-2024;18-12-2024;18-12-2024;19-12-2024;19-12-2024;19-12-2024;;;26-12-2024;30-12-2024;09-01-2025;;;22-01-2025
45491-JKRT79;1300;18-07-2024;32;JKRT79;83220226613;ADJUDICADO;GENERICO;NO;TRANSFERIDO;Vehículos de Renta Ltda.;Vehículos de Renta Ltda.;LEASING;;;1;;1;;;;;;;;;;10-09-2024;13-09-2024;;;;10-10-2024
45491-LVJZ72;1300;18-07-2024;33;LVJZ72;;ADJUDICADO;DERIVACION;NO;TRANSFERIDO;NANCY MARÍA HORMAZÁBAL QUEZADA  ;Pompeyo Carrasco Automóviles SPA  ;AUTOMOTORAS;;;1;;;;;;;;;;;;21-08-2024;01-01-1900;;;;12-09-2024
45491-KWKR50;1300;18-07-2024;34;KWKR50;;ADJUDICADO;MERA;NO;TRANSFERIDO;SCOTIABANK CHILE  ;LEASING DEL PACIFICO SPA;LEASING;;;1;;1;1;01-01-1900;01-01-1900;23-10-2024;07-11-2024;08-11-2024;12-11-2024;;;12-11-2024;20-11-2024;;;;10-12-2024
45491-KJBY35;1300;18-07-2024;35;KJBY35;;ADJUDICADO;MERA;NO;TRANSFERIDO;SCOTIABANK CHILE  ;LEASING DEL PACIFICO SPA;LEASING;;;1;;1;1;18-10-2024;18-10-2024;23-10-2024;07-11-2024;08-11-2024;12-11-2024;;;12-11-2024;20-11-2024;;;;10-12-2024
45491-KHWX89;1300;18-07-2024;36;KHWX89;;ADJUDICADO;MERA;NO;TRANSFERIDO;SCOTIABANK CHILE  ;LEASING DEL PACIFICO SPA;LEASING;;;1;;1;1;01-01-1900;01-01-1900;23-10-2024;07-11-2024;08-11-2024;12-11-2024;;;12-11-2024;20-11-2024;;;;10-12-2024
45491-KXTX73;1300;18-07-2024;37;KXTX73;;ADJUDICADO;MERA;NO;TRANSFERIDO;SCOTIABANK CHILE  ;LEASING DEL PACIFICO SPA;LEASING;;;1;;1;1;01-01-1900;01-01-1900;23-10-2024;07-11-2024;08-11-2024;12-11-2024;;;12-11-2024;20-11-2024;;;;12-12-2024
45491-LYBV16;1300;18-07-2024;38;LYBV16;83220226480;ADJUDICADO;MERA;NO;TRANSFERIDO;BANCO BICE  ;LEASING DEL PACIFICO SPA;LEASING;;;1;;1;1;01-01-1900;01-01-1900;23-10-2024;07-11-2024;07-11-2024;08-11-2024;;;12-11-2024;15-11-2024;;;;06-12-2024
45491-KXYH80;1300;18-07-2024;39;KXYH80;83220246892;ADJUDICADO;MERA;NO;TRANSFERIDO;BANCO DE CHILE  ;LEASING DEL PACIFICO SPA;LEASING;;;1;;1;1;12-09-2024;18-12-2024;18-12-2024;19-12-2024;19-12-2024;19-12-2024;;;26-12-2024;30-12-2024;09-01-2025;;;18-01-2025
45498-PBDP56;1301;25-07-2024;1;PBDP56;83220022566;DESISTIMIENTO;GENERICO;NO;NO APLICA;LEASING DEL PACIFICO SPA;LEASING DEL PACIFICO SPA;LEASING;;;;;;;;;;;;;;;;;;;;
45498-SHWS55;1301;25-07-2024;3;SHWS55;78490185184;ADJUDICADO;GENERICO;NO;TRANSFERIDO;SANTANDER CONSUMER FINANCE LIMITADA  ;SANTANDER CONSUMER;BFE;;;1;;1;;;;;;;;;;12-08-2024;19-08-2024;;;;10-09-2024
45498-RTLF15;1301;25-07-2024;4;RTLF15;;ADJUDICADO;MERA;NO;TRANSFERIDO;SCOTIABANK CHILE  ;LEASING DEL PACIFICO SPA;LEASING;;;1;26-08-2024;1;1;01-01-1900;01-01-1900;23-10-2024;07-11-2024;08-11-2024;12-11-2024;;;12-11-2024;20-11-2024;;;;10-12-2024
45498-PKKL41;1301;25-07-2024;5;PKKL41;83220022673;ADJUDICADO;MERA;NO;TRANSFERIDO;BANCO SANTANDER CHILE  ;LEASING DEL PACIFICO SPA;LEASING;;;1;;1;1;01-01-1900;30-08-2024;01-01-1900;04-09-2024;01-01-1900;13-09-2024;;;01-01-1900;01-01-1900;;;;23-10-2024
45498-PCLJ49;1301;25-07-2024;6;PCLJ49;83220022632;ADJUDICADO;MERA;NO;TRANSFERIDO;BANCO SANTANDER CHILE  ;LEASING DEL PACIFICO SPA;LEASING;;;1;;1;1;01-01-1900;30-08-2024;01-01-1900;04-09-2024;01-01-1900;13-09-2024;;;01-01-1900;01-01-1900;;;;23-10-2024
45498-RXZX69;1301;25-07-2024;8;RXZX69;;ADJUDICADO;MERA;NO;TRANSFERIDO;SCOTIABANK CHILE  ;LEASING DEL PACIFICO SPA;LEASING;;;1;26-08-2024;1;1;01-01-1900;01-01-1900;23-10-2024;07-11-2024;08-11-2024;12-11-2024;;;12-11-2024;20-11-2024;;;;10-12-2024
45498-SCVZ81;1301;25-07-2024;9;SCVZ81;;ADJUDICADO;MERA;NO;TRANSFERIDO;SCOTIABANK CHILE  ;LEASING DEL PACIFICO SPA;LEASING;;;1;;1;1;01-01-1900;01-01-1900;23-10-2024;07-11-2024;08-11-2024;12-11-2024;;;12-11-2024;20-11-2024;;;;10-12-2024
45498-PSHT96;1301;25-07-2024;10;PSHT96;;ADJUDICADO;MERA;NO;TRANSFERIDO;BANCO DE CRÉDITO E INVERSIONES;LEASING DEL PACIFICO SPA;LEASING;;;1;;1;1;01-01-1900;24-10-2024;24-10-2024;24-10-2024;01-01-1900;13-09-2024;;;25-09-2024;01-10-2024;25-11-2024;;;23-10-2024
45498-PSHT99;1301;25-07-2024;11;PSHT99;;ADJUDICADO;MERA;NO;TRANSFERIDO;BANCO DE CRÉDITO E INVERSIONES;LEASING DEL PACIFICO SPA;LEASING;;;1;;1;1;01-01-1900;24-10-2024;24-10-2024;24-10-2024;01-01-1900;13-09-2024;;;25-09-2024;01-10-2024;25-11-2024;;;23-10-2024
45498-PCYR20;1301;25-07-2024;12;PCYR20;83220022384;ADJUDICADO;MERA;NO;TRANSFERIDO;BANCO BICE  ;LEASING DEL PACIFICO SPA;LEASING;;;1;;1;1;01-01-1900;01-01-1900;23-10-2024;07-11-2024;07-11-2024;08-11-2024;;;12-11-2024;15-11-2024;;;;06-12-2024
45498-PCYR19;1301;25-07-2024;13;PCYR19;83220022376;ADJUDICADO;MERA;NO;TRANSFERIDO;BANCO BICE  ;LEASING DEL PACIFICO SPA;LEASING;;;1;;1;1;01-01-1900;01-01-1900;23-10-2024;07-11-2024;07-11-2024;08-11-2024;;;12-11-2024;15-11-2024;;;;06-12-2024
45498-LBCC10;1301;25-07-2024;14;LBCC10;;ADJUDICADO;MERA;NO;TRANSFERIDO;BANCO DE CRÉDITO E INVERSIONES;LEASING DEL PACIFICO SPA;LEASING;;;1;;1;1;01-01-1900;24-10-2024;24-10-2024;24-10-2024;01-01-1900;13-09-2024;;;25-09-2024;01-10-2024;25-11-2024;;;23-10-2024
45498-PCLL44;1301;25-07-2024;16;PCLL44;;ADJUDICADO;MERA;NO;TRANSFERIDO;BANCO DE CRÉDITO E INVERSIONES;LEASING DEL PACIFICO SPA;LEASING;;;1;;1;1;01-01-1900;24-10-2024;24-10-2024;24-10-2024;01-01-1900;13-09-2024;;;25-09-2024;01-10-2024;25-11-2024;;;23-10-2024
45498-PDPC63;1301;25-07-2024;17;PDPC63;83220022665;ADJUDICADO;MERA;NO;TRANSFERIDO;BANCO SANTANDER CHILE  ;LEASING DEL PACIFICO SPA;LEASING;;;1;;1;1;01-01-1900;30-08-2024;01-01-1900;04-09-2024;01-01-1900;13-09-2024;;;01-01-1900;01-01-1900;;;;23-10-2024
45498-BYWF60;1301;25-07-2024;19;BYWF60;83220022715;ADJUDICADO;LIQ;NO;TRANSFERIDO;SEBASTIÁN IGNACIO REYES SERÓN  ;LIQUIDACION;LIQUIDACIONES;;;1;;;;;;;;;;;;17-12-2024;;;;;16-01-2025
45498-PBRT71;1301;25-07-2024;20;PBRT71;83220022731;ADJUDICADO;LIQ;NO;TRANSFERIDO;Liquidacion Concursal;LIQUIDACION;LIQUIDACIONES;;;1;;;;;;;;;;;;14-03-2025;20-03-2025;;;;15-04-2025
45498-RGBL42;1301;25-07-2024;21;RGBL42;;ADJUDICADO;GENERICO;NO;TRANSFERIDO;TANNER SERVICIOS FINANCIEROS S.A  ;Tanner Servicios Financieros S.A  ;BFE;;;1;;1;;;;;;;;;;12-08-2024;19-08-2024;;;;10-09-2024
45498-PGLK30;1301;25-07-2024;22;PGLK30;;ADJUDICADO;GENERICO;NO;TRANSFERIDO;TANNER SERVICIOS FINANCIEROS S.A  ;Tanner Servicios Financieros S.A  ;BFE;;;1;;1;;;;;;;;;;12-08-2024;19-08-2024;;;;08-10-2024
45498-LRVT36;1301;25-07-2024;23;LRVT36;83220022723;ADJUDICADO;LIQ;NO;TRANSFERIDO;Liquidacion Concursal;LIQUIDACION;LIQUIDACIONES;;;1;;;;;;;;;;;;24-01-2025;28-01-2025;;;;13-03-2025
45498-BFBY27;1301;25-07-2024;25;BFBY27;83220022699;ADJUDICADO;LIQ;NO;TRANSFERIDO;Liquidacion Concursal;LIQUIDACION;LIQUIDACIONES;;;1;;;;;;;;;;;;24-02-2025;;;;;20-03-2025
45498-PJPY28;1301;25-07-2024;26;PJPY28;83290090642;ADJUDICADO;GENERICO;NO;TRANSFERIDO;SERVICIOS SALFA LTDA. ;SERVICIOS SALFA LTDA. ;LEASING;;;1;;1;;;;;;;;;;13-08-2024;19-08-2024;;;;10-09-2024
45498-LVJT96;1301;25-07-2024;27;LVJT96;83220022467;ADJUDICADO;MERA;NO;TRANSFERIDO;BANCO DE CHILE  ;LEASING DEL PACIFICO SPA;LEASING;;;1;;1;1;12-09-2024;18-12-2024;18-12-2024;19-12-2024;19-12-2024;19-12-2024;;;26-12-2024;30-12-2024;09-01-2025;;;18-01-2025
45498-PCZJ15;1301;25-07-2024;28;PCZJ15;;ADJUDICADO;MERA;NO;TRANSFERIDO;SCOTIABANK CHILE  ;LEASING DEL PACIFICO SPA;LEASING;;;1;;1;1;01-01-1900;01-01-1900;23-10-2024;07-11-2024;08-11-2024;12-11-2024;;;12-11-2024;20-11-2024;;;;10-12-2024
45498-PBDB59;1301;25-07-2024;29;PBDB59;83220022616;ADJUDICADO;MERA;NO;TRANSFERIDO;BANCO SANTANDER CHILE  ;LEASING DEL PACIFICO SPA;LEASING;;;1;;1;1;01-01-1900;30-08-2024;01-01-1900;04-09-2024;01-01-1900;13-09-2024;;;01-01-1900;01-01-1900;;;;23-10-2024
45498-PCYP29;1301;25-07-2024;30;PCYP29;83220022475;ADJUDICADO;MERA;NO;TRANSFERIDO;BANCO DE CHILE  ;LEASING DEL PACIFICO SPA;LEASING;;;1;;1;1;12-09-2024;18-12-2024;18-12-2024;19-12-2024;19-12-2024;19-12-2024;;;26-12-2024;30-12-2024;09-01-2025;;;18-01-2025
45498-LCKZ49;1301;25-07-2024;31;LCKZ49;83220022400;ADJUDICADO;MERA;NO;TRANSFERIDO;BANCO BICE  ;LEASING DEL PACIFICO SPA;LEASING;;;1;;1;1;01-01-1900;01-01-1900;23-10-2024;07-11-2024;07-11-2024;08-11-2024;;;12-11-2024;15-11-2024;;;;06-12-2024
45498-KYCR27;1301;25-07-2024;32;KYCR27;83220022392;ADJUDICADO;MERA;NO;TRANSFERIDO;BANCO BICE  ;LEASING DEL PACIFICO SPA;LEASING;;;1;;1;1;01-01-1900;01-01-1900;23-10-2024;07-11-2024;07-11-2024;08-11-2024;;;12-11-2024;15-11-2024;;;;06-12-2024
45498-LKJY71;1301;25-07-2024;33;LKJY71;83220022533;ADJUDICADO;MERA;NO;TRANSFERIDO;ITAU CORPBANCA  ;LEASING DEL PACIFICO SPA;LEASING;;;1;;1;1;29-10-2024;13-11-2024;13-11-2024;25-11-2024;26-11-2024;26-11-2024;;;28-11-2024;05-12-2024;;;;05-01-2025
45498-LPRX90;1301;25-07-2024;34;LPRX90;83220022640;ADJUDICADO;MERA;NO;TRANSFERIDO;BANCO SANTANDER CHILE  ;LEASING DEL PACIFICO SPA;LEASING;;;1;;1;1;01-01-1900;30-08-2024;01-01-1900;04-09-2024;01-01-1900;13-09-2024;;;01-01-1900;01-01-1900;;;;23-10-2024
45498-LHWJ23;1301;25-07-2024;35;LHWJ23;83220022491;ADJUDICADO;MERA;NO;TRANSFERIDO;BANCO DE CHILE  ;LEASING DEL PACIFICO SPA;LEASING;;;1;27-08-2024;1;1;12-09-2024;18-12-2024;18-12-2024;19-12-2024;19-12-2024;19-12-2024;;;26-12-2024;30-12-2024;09-01-2025;;;21-01-2025
45498-LSVD80;1301;25-07-2024;36;LSVD80;83220022434;ADJUDICADO;MERA;NO;TRANSFERIDO;BANCO DE CHILE  ;LEASING DEL PACIFICO SPA;LEASING;;;1;;1;1;12-09-2024;18-12-2024;18-12-2024;19-12-2024;19-12-2024;19-12-2024;;;26-12-2024;30-12-2024;09-01-2025;;;18-01-2025
45498-PGRJ17;1301;25-07-2024;37;PGRJ17;83220022525;ADJUDICADO;MERA;NO;TRANSFERIDO;BANCO SECURITY  ;LEASING DEL PACIFICO SPA;LEASING;;;1;;1;1;28-10-2024;10-12-2024;16-12-2024;19-12-2024;20-12-2024;20-12-2024;;;03-02-2025;04-02-2025;;;;03-03-2025
45498-JXWB56;1301;25-07-2024;38;JXWB56;83220022624;DESISTIMIENTO;MERA;NO;NO APLICA;BANCO SANTANDER CHILE  ;LEASING DEL PACIFICO SPA;LEASING;;;;;;;;;;;;;;;;;;;;
45498-KGJF70;1301;25-07-2024;39;KGJF70;83220022558;ADJUDICADO;GENERICO;NO;TRANSFERIDO;LEASING DEL PACIFICO SPA;LEASING DEL PACIFICO SPA;LEASING;;;1;;1;;;;;;;;;;10-09-2024;13-09-2024;;;;10-10-2024
45498-HYFF20;1301;25-07-2024;40;HYFF20;;ADJUDICADO;MERA;NO;TRANSFERIDO;SCOTIABANK CHILE  ;LEASING DEL PACIFICO SPA;LEASING;;;1;;1;1;01-01-1900;01-01-1900;23-10-2024;07-11-2024;08-11-2024;12-11-2024;;;12-11-2024;20-11-2024;;;;10-12-2024
45498-JFHR44;1301;25-07-2024;42;JFHR44;83220022509;ADJUDICADO;MERA;NO;TRANSFERIDO;BANCO DE CHILE  ;LEASING DEL PACIFICO SPA;LEASING;;;1;;1;1;12-09-2024;18-12-2024;18-12-2024;19-12-2024;19-12-2024;19-12-2024;;;26-12-2024;30-12-2024;09-01-2025;;;18-01-2025
45498-KHWL93;1301;25-07-2024;43;KHWL93;;ADJUDICADO;MERA;NO;TRANSFERIDO;SCOTIABANK CHILE  ;LEASING DEL PACIFICO SPA;LEASING;;;1;;1;1;01-01-1900;01-01-1900;23-10-2024;07-11-2024;08-11-2024;12-11-2024;;;12-11-2024;20-11-2024;;;;10-12-2024
45498-KFSP87;1301;25-07-2024;44;KFSP87;83220022541;ADJUDICADO;GENERICO;NO;TRANSFERIDO;LEASING DEL PACIFICO SPA;LEASING DEL PACIFICO SPA;LEASING;;;1;;1;;;;;;;;;;10-09-2024;13-09-2024;;;;10-10-2024
45498-PSGC88;1301;25-07-2024;45;PSGC88;83220022590;ADJUDICADO;MERA;NO;TRANSFERIDO;BANCO SANTANDER CHILE  ;LEASING DEL PACIFICO SPA;LEASING;;;1;06-09-2024;1;1;28-10-2024;05-11-2024;07-11-2024;29-11-2024;29-11-2024;02-12-2024;;;04-12-2024;05-12-2024;;;;27-12-2024
45498-LWZL14;1301;25-07-2024;46;LWZL14;83220022574;ADJUDICADO;GENERICO;NO;TRANSFERIDO;LEASING DEL PACIFICO SPA;LEASING DEL PACIFICO SPA;LEASING;;;1;;1;;;;;;;;;;10-09-2024;13-09-2024;;;;10-10-2024
45498-LPGJ18;1301;25-07-2024;47;LPGJ18;83220022608;ADJUDICADO;MERA;NO;TRANSFERIDO;BANCO SANTANDER CHILE  ;LEASING DEL PACIFICO SPA;LEASING;;;1;;1;1;01-01-1900;30-08-2024;01-01-1900;04-09-2024;01-01-1900;13-09-2024;;;01-01-1900;01-01-1900;;;;23-10-2024
45498-PRZX43;1301;25-07-2024;48;PRZX43;83220022368;ADJUDICADO;MERA;NO;TRANSFERIDO;BANCO BICE  ;LEASING DEL PACIFICO SPA;LEASING;;;1;;1;1;01-01-1900;01-01-1900;23-10-2024;07-11-2024;07-11-2024;08-11-2024;;;12-11-2024;15-11-2024;;;;06-12-2024
45498-KXSF14;1301;25-07-2024;49;KXSF14;83220022517;ADJUDICADO;MERA;NO;TRANSFERIDO;BANCO DE CHILE  ;LEASING DEL PACIFICO SPA;LEASING;;;1;;1;1;12-09-2024;18-12-2024;18-12-2024;19-12-2024;19-12-2024;19-12-2024;;;26-12-2024;30-12-2024;09-01-2025;;;18-01-2025
45498-KJLR92;1301;25-07-2024;50;KJLR92;83220022657;ADJUDICADO;MERA;NO;TRANSFERIDO;BANCO SANTANDER CHILE  ;LEASING DEL PACIFICO SPA;LEASING;;;1;;1;1;01-01-1900;30-08-2024;01-01-1900;04-09-2024;01-01-1900;13-09-2024;;;01-01-1900;01-01-1900;;;;23-10-2024
45498-KXSD94;1301;25-07-2024;51;KXSD94;83220022483;ADJUDICADO;MERA;NO;TRANSFERIDO;BANCO DE CHILE  ;LEASING DEL PACIFICO SPA;LEASING;;;1;;1;1;12-09-2024;18-12-2024;18-12-2024;19-12-2024;19-12-2024;19-12-2024;;;26-12-2024;30-12-2024;09-01-2025;;;18-01-2025
45498-KXVF74;1301;25-07-2024;52;KXVF74;83220022418;ADJUDICADO;MERA;NO;TRANSFERIDO;BANCO DE CHILE  ;LEASING DEL PACIFICO SPA;LEASING;;;1;;1;1;12-09-2024;18-12-2024;18-12-2024;19-12-2024;19-12-2024;19-12-2024;;;26-12-2024;30-12-2024;09-01-2025;;;21-01-2025
45498-PTVY63;1301;25-07-2024;53;PTVY63;83220022582;ADJUDICADO;GENERICO;NO;TRANSFERIDO;LEASING DEL PACIFICO SPA;LEASING DEL PACIFICO SPA;LEASING;;;1;;1;;;;;;;;;;10-09-2024;13-09-2024;;;;10-10-2024
45498-PTJC50;1301;25-07-2024;54;PTJC50;83220071092;ADJUDICADO;MERA;NO;TRANSFERIDO;BANCO DE CRÉDITO E INVERSIONES;LEASING DEL PACIFICO SPA;LEASING;;;1;;1;1;01-01-1900;24-10-2024;24-10-2024;24-10-2024;01-01-1900;13-09-2024;;;25-09-2024;01-10-2024;25-11-2024;;;23-10-2024
45498-JYZG97;1301;25-07-2024;55;JYZG97;;ADJUDICADO;MERA;NO;TRANSFERIDO;SCOTIABANK CHILE  ;LEASING DEL PACIFICO SPA;LEASING;;;1;;1;1;01-01-1900;01-01-1900;23-10-2024;07-11-2024;08-11-2024;12-11-2024;;;12-11-2024;20-11-2024;;;;10-12-2024
45498-KHWX88;1301;25-07-2024;56;KHWX88;;ADJUDICADO;MERA;NO;TRANSFERIDO;SCOTIABANK CHILE  ;LEASING DEL PACIFICO SPA;LEASING;;;1;;1;1;01-01-1900;01-01-1900;23-10-2024;07-11-2024;08-11-2024;12-11-2024;;;12-11-2024;20-11-2024;;;;10-12-2024
45498-KHWP11;1301;25-07-2024;57;KHWP11;;ADJUDICADO;MERA;NO;TRANSFERIDO;SCOTIABANK CHILE  ;LEASING DEL PACIFICO SPA;LEASING;;;1;;1;1;01-01-1900;01-01-1900;23-10-2024;07-11-2024;08-11-2024;12-11-2024;;;12-11-2024;20-11-2024;27-11-2025;;;10-12-2024
45498-KXYH83;1301;25-07-2024;58;KXYH83;83220022459;ADJUDICADO;MERA;NO;TRANSFERIDO;BANCO DE CHILE  ;LEASING DEL PACIFICO SPA;LEASING;;;1;;1;1;12-09-2024;18-12-2024;18-12-2024;19-12-2024;19-12-2024;19-12-2024;;;26-12-2024;30-12-2024;09-01-2025;;;18-01-2025
45498-KXYH89;1301;25-07-2024;59;KXYH89;83220022442;ADJUDICADO;MERA;NO;TRANSFERIDO;BANCO DE CHILE  ;LEASING DEL PACIFICO SPA;LEASING;;;1;;1;1;12-09-2024;18-12-2024;18-12-2024;19-12-2024;19-12-2024;19-12-2024;;;26-12-2024;30-12-2024;09-01-2025;;;21-01-2025
45498-KXYH99;1301;25-07-2024;60;KXYH99;83220022426;ADJUDICADO;MERA;NO;TRANSFERIDO;BANCO DE CHILE  ;LEASING DEL PACIFICO SPA;LEASING;;;1;;1;1;12-09-2024;18-12-2024;18-12-2024;19-12-2024;19-12-2024;19-12-2024;;;26-12-2024;30-12-2024;09-01-2025;;;18-01-2025
45505-KGPT52;1303;01-08-2024;1;KGPT52;8322010605;ADJUDICADO;MERA;NO;TRANSFERIDO;BANCO DE CHILE  ;LEASING DEL PACIFICO SPA;LEASING;;;1;;1;1;12-09-2024;18-12-2024;18-12-2024;19-12-2024;19-12-2024;19-12-2024;;;26-12-2024;30-12-2024;09-01-2025;;;21-01-2025
45505-RSYC72;1303;01-08-2024;2;RSYC72;83220106278;ADJUDICADO;GENERICO;NO;TRANSFERIDO;LEASING PIE ANDINO SA;LEASING PIE ANDINO SA;LEASING;;;1;;;;;;;;;;;;27-08-2024;27-08-2024;;;;25-09-2024
45505-PKDL88;1303;01-08-2024;3;PKDL88;83220106096;ADJUDICADO;MERA;NO;TRANSFERIDO;BANCO SANTANDER CHILE  ;LEASING DEL PACIFICO SPA;LEASING;;;1;;1;1;03-09-2024;16-09-2024;16-10-2024;25-10-2024;25-10-2024;28-10-2024;;;28-10-2024;30-10-2024;;;;22-11-2024
45505-LVJT51;1303;01-08-2024;4;LVJT51;8322010603;ADJUDICADO;MERA;NO;TRANSFERIDO;BANCO BICE  ;LEASING DEL PACIFICO SPA;LEASING;;;1;;1;1;01-01-1900;01-01-1900;23-10-2024;07-11-2024;07-11-2024;08-11-2024;;;12-11-2024;15-11-2024;;;;06-12-2024
45505-SBRG49;1303;01-08-2024;5;SBRG49;;ADJUDICADO;MERA;NO;TRANSFERIDO;BANCO DE CRÉDITO E INVERSIONES;LEASING DEL PACIFICO SPA;LEASING;;;1;Pagado;;;07-01-2025;24-01-2025;24-01-2025;29-01-2025;29-01-2025;31-01-2025;;;31-01-2025;06-02-2025;17-02-2025;;;05-03-2025
45505-RYBG97;1303;01-08-2024;6;RYBG97;;ADJUDICADO;MERA;NO;TRANSFERIDO;SCOTIABANK CHILE  ;LEASING DEL PACIFICO SPA;LEASING;;;1;;1;1;18-10-2024;25-10-2024;30-10-2024;11-11-2024;11-11-2024;12-11-2024;;;13-11-2024;20-11-2024;27-11-2025;;;10-12-2024
45505-RYBH46;1303;01-08-2024;7;RYBH46;83220106146;DESISTIMIENTO;MERA;NO;NO APLICA;BANCO SANTANDER CHILE  ;LEASING DEL PACIFICO SPA;LEASING;;;;;;;;;;;;;;;;;;;;
45505-KYTH20;1303;01-08-2024;8;KYTH20;;ADJUDICADO;MERA;NO;TRANSFERIDO;SCOTIABANK CHILE  ;LEASING DEL PACIFICO SPA;LEASING;;;1;;1;1;18-10-2024;25-10-2024;30-10-2024;11-11-2024;11-11-2024;12-11-2024;;;13-11-2024;20-11-2024;27-11-2025;;;07-12-2024
45505-LJRD50;1303;01-08-2024;9;LJRD50;;ADJUDICADO;MERA;NO;TRANSFERIDO;SCOTIABANK CHILE  ;LEASING DEL PACIFICO SPA;LEASING;;;1;;1;1;18-10-2024;25-10-2024;30-10-2024;11-11-2024;11-11-2024;12-11-2024;;;13-11-2024;20-11-2024;27-11-2025;;;10-12-2024
45505-PCLG15;1303;01-08-2024;10;PCLG15;83220106088;ADJUDICADO;MERA;NO;TRANSFERIDO;BANCO SANTANDER CHILE  ;LEASING DEL PACIFICO SPA;LEASING;;;1;;1;1;03-09-2024;16-09-2024;16-10-2024;25-10-2024;25-10-2024;28-10-2024;;;28-10-2024;30-10-2024;;;;22-11-2024
45505-RDDH53;1303;01-08-2024;11;RDDH53;83220106245;ADJUDICADO;GENERICO;NO;TRANSFERIDO;LEASING DEL PACIFICO SPA;LEASING DEL PACIFICO SPA;LEASING;;;1;;1;;;;;;;;;;10-09-2024;13-09-2024;;;;10-10-2024
45505-PKRP30;1303;01-08-2024;12;PKRP30;8322010610;ADJUDICADO;MERA;NO;TRANSFERIDO;BANCO SANTANDER CHILE  ;LEASING DEL PACIFICO SPA;LEASING;;;1;;1;1;03-09-2024;16-09-2024;16-10-2024;25-10-2024;25-10-2024;28-10-2024;;;28-10-2024;30-10-2024;;;;25-11-2024
45505-KXBR88;1303;01-08-2024;13;KXBR88;83220106252;ADJUDICADO;GENERICO;NO;TRANSFERIDO;LEASING DEL PACIFICO SPA;LEASING DEL PACIFICO SPA;LEASING;;;1;;1;;;;;;;;;;10-09-2024;13-09-2024;;;;10-10-2024
45505-LLVL60;1303;01-08-2024;14;LLVL60;8322010617;ADJUDICADO;GENERICO;NO;TRANSFERIDO;LEASING DEL PACIFICO SPA;LEASING DEL PACIFICO SPA;LEASING;;;1;;1;;;;;;;;;;10-09-2024;13-09-2024;;;;10-10-2024
45505-PYCP86;1303;01-08-2024;15;PYCP86;8322010626;ADJUDICADO;GENERICO;NO;TRANSFERIDO;LEASING PIE ANDINO SA;LEASING PIE ANDINO SA;LEASING;;;1;;;;;;;;;;;;27-08-2024;27-08-2024;;;;25-09-2024
45505-LFYR61;1303;01-08-2024;16;LFYR61;83220106211;ADJUDICADO;GENERICO;NO;TRANSFERIDO;LEASING DEL PACIFICO SPA;LEASING DEL PACIFICO SPA;LEASING;;;1;;1;;;;;;;;;;10-09-2024;13-09-2024;;;;10-10-2024
45505-LFYR68;1303;01-08-2024;17;LFYR68;8322010622;ADJUDICADO;GENERICO;NO;TRANSFERIDO;LEASING DEL PACIFICO SPA;LEASING DEL PACIFICO SPA;LEASING;;;1;;1;;;;;;;;;;10-09-2024;13-09-2024;;;;10-10-2024
45505-LGPZ76;1303;01-08-2024;18;LGPZ76;8322010618;ADJUDICADO;GENERICO;NO;TRANSFERIDO;LEASING DEL PACIFICO SPA;LEASING DEL PACIFICO SPA;LEASING;;;1;;1;;;;;;;;;;10-09-2024;13-09-2024;;;;10-10-2024
45505-KSWD16;1303;01-08-2024;19;KSWD16;8322010620;ADJUDICADO;GENERICO;NO;TRANSFERIDO;LEASING DEL PACIFICO SPA;LEASING DEL PACIFICO SPA;LEASING;;;1;;1;;;;;;;;;;10-09-2024;13-09-2024;;;;10-10-2024
45505-PTVY65;1303;01-08-2024;20;PTVY65;8322010623;ADJUDICADO;GENERICO;NO;TRANSFERIDO;LEASING DEL PACIFICO SPA;LEASING DEL PACIFICO SPA;LEASING;;;1;;1;;;;;;;;;;10-09-2024;13-09-2024;;;;10-10-2024
45505-PTVY77;1303;01-08-2024;21;PTVY77;8322010615;ADJUDICADO;GENERICO;NO;TRANSFERIDO;LEASING DEL PACIFICO SPA;LEASING DEL PACIFICO SPA;LEASING;;;1;;1;;;;;;;;;;10-09-2024;13-09-2024;;;;10-10-2024
45505-LSVP38;1303;01-08-2024;22;LSVP38;;ADJUDICADO;MERA;NO;TRANSFERIDO;SCOTIABANK CHILE  ;LEASING DEL PACIFICO SPA;LEASING;;;1;;1;1;18-10-2024;25-10-2024;30-10-2024;11-11-2024;11-11-2024;12-11-2024;;;13-11-2024;20-11-2024;27-11-2025;;;07-12-2024
45505-RXJS95;1303;01-08-2024;23;RXJS95;8322010607;ADJUDICADO;MERA;NO;TRANSFERIDO;BANCO DE CHILE  ;LEASING DEL PACIFICO SPA;LEASING;;;1;06-09-2024;06-sept;06-sept;12-09-2024;18-12-2024;18-12-2024;19-12-2024;19-12-2024;19-12-2024;;;26-12-2024;30-12-2024;09-01-2025;;;21-01-2025
45505-PCYH52;1303;01-08-2024;24;PCYH52;83220106138;ADJUDICADO;MERA;NO;TRANSFERIDO;BANCO SANTANDER CHILE  ;LEASING DEL PACIFICO SPA;LEASING;;;1;;1;1;03-09-2024;16-09-2024;16-10-2024;25-10-2024;25-10-2024;28-10-2024;;;28-10-2024;30-10-2024;;;;22-11-2024
45505-LYDC16;1303;01-08-2024;25;LYDC16;8322010612;ADJUDICADO;MERA;NO;TRANSFERIDO;BANCO SANTANDER CHILE  ;LEASING DEL PACIFICO SPA;LEASING;;;1;;1;1;03-09-2024;16-09-2024;16-10-2024;25-10-2024;25-10-2024;28-10-2024;;;28-10-2024;30-10-2024;;;;22-11-2024
45505-LJJZ27;1303;01-08-2024;26;LJJZ27;8322010616;ADJUDICADO;GENERICO;NO;TRANSFERIDO;LEASING DEL PACIFICO SPA;LEASING DEL PACIFICO SPA;LEASING;;;1;;1;;;;;;;;;;10-09-2024;13-09-2024;;;;10-10-2024
45505-LRBC42;1303;01-08-2024;27;LRBC42;;ADJUDICADO;MERA;NO;TRANSFERIDO;SCOTIABANK CHILE  ;LEASING DEL PACIFICO SPA;LEASING;;;1;;1;1;18-10-2024;25-10-2024;30-10-2024;11-11-2024;11-11-2024;12-11-2024;;;13-11-2024;20-11-2024;27-11-2025;;;07-12-2024
45505-KPZD93;1303;01-08-2024;28;KPZD93;;ADJUDICADO;MERA;NO;TRANSFERIDO;SCOTIABANK CHILE  ;LEASING DEL PACIFICO SPA;LEASING;;;1;;1;1;18-10-2024;25-10-2024;30-10-2024;11-11-2024;11-11-2024;12-11-2024;;;13-11-2024;20-11-2024;27-11-2025;;;07-12-2024
45505-KRXJ67;1303;01-08-2024;29;KRXJ67;83220106195;ADJUDICADO;GENERICO;NO;TRANSFERIDO;LEASING DEL PACIFICO SPA;LEASING DEL PACIFICO SPA;LEASING;;;1;;1;;;;;;;;;;10-09-2024;13-09-2024;;;;10-10-2024
45505-LHCB71;1303;01-08-2024;30;LHCB71;83220106062;ADJUDICADO;MERA;NO;TRANSFERIDO;BANCO DE CHILE  ;LEASING DEL PACIFICO SPA;LEASING;;;1;;1;1;12-09-2024;18-12-2024;18-12-2024;19-12-2024;19-12-2024;19-12-2024;;;26-12-2024;30-12-2024;09-01-2025;;;18-01-2025
45505-JLTD44;1303;01-08-2024;31;JLTD44;;ADJUDICADO;MERA;NO;TRANSFERIDO;SCOTIABANK CHILE  ;LEASING DEL PACIFICO SPA;LEASING;;;1;;1;1;18-10-2024;25-10-2024;30-10-2024;11-11-2024;11-11-2024;12-11-2024;;;13-11-2024;20-11-2024;27-11-2025;;;07-12-2024
45505-HYJW59;1303;01-08-2024;32;HYJW59;8322010604;ADJUDICADO;MERA;NO;TRANSFERIDO;BANCO DE CHILE  ;LEASING DEL PACIFICO SPA;LEASING;;;1;;1;1;12-09-2024;18-12-2024;18-12-2024;19-12-2024;19-12-2024;19-12-2024;;;26-12-2024;30-12-2024;09-01-2025;;;18-01-2025
45505-JYZS10;1303;01-08-2024;33;JYZS10;;ADJUDICADO;MERA;NO;TRANSFERIDO;SCOTIABANK CHILE  ;LEASING DEL PACIFICO SPA;LEASING;;;1;;1;1;18-10-2024;25-10-2024;30-10-2024;11-11-2024;11-11-2024;12-11-2024;;;13-11-2024;20-11-2024;27-11-2025;;;07-12-2024
45505-LPRX66;1303;01-08-2024;34;LPRX66;8322010611;ADJUDICADO;MERA;NO;TRANSFERIDO;BANCO SANTANDER CHILE  ;LEASING DEL PACIFICO SPA;LEASING;;;1;;1;1;03-09-2024;16-09-2024;16-10-2024;25-10-2024;25-10-2024;28-10-2024;;;28-10-2024;30-10-2024;;;;22-11-2024
45505-LTBT35;1303;01-08-2024;35;LTBT35;;ADJUDICADO;GENERICO;NO;TRANSFERIDO;SERVICIOS FINANCIEROS MUNDO CREDITO S.A;SERVICIOS FINANCIEROS MUNDO CREDITO S.A;BFE;;;1;;1;;;;;;;;;;26-08-2024;27-08-2024;;;;17-09-2024
45512-RVSX99;1304;08-08-2024;1;RVSX99;8322007137;ADJUDICADO;MERA;NO;TRANSFERIDO;BANCO DE CHILE  ;LEASING DEL PACIFICO SPA;LEASING;;;1;Pagado;19-nov;19-nov;20-01-2025;06-02-2025;07-02-2025;03-03-2025;04-03-2025;06-03-2025;;;10-03-2025;12-03-2025;24-03-2025;;;04-04-2025
45512-RVBG53;1304;08-08-2024;2;RVBG53;;ADJUDICADO;MERA;NO;TRANSFERIDO;SCOTIABANK CHILE  ;LEASING DEL PACIFICO SPA;LEASING;;;1;Pagado;;;28-01-2025;03-02-2025;04-02-2025;07-02-2025;07-02-2025;11-02-2025;;;11-02-2025;12-02-2025;28-02-2025;;;14-05-2025
45512-RYBG92;1304;08-08-2024;3;RYBG92;;ANULACION;MERA;NO;NO APLICA;SCOTIABANK CHILE  ;LEASING DEL PACIFICO SPA;LEASING;;;;;;;;;;;;12-11-2024;;;;;;;;
45512-RZKP61;1304;08-08-2024;4;RZKP61;;ADJUDICADO;MERA;NO;TRANSFERIDO;SCOTIABANK CHILE  ;LEASING DEL PACIFICO SPA;LEASING;;;1;Pagado;;;28-01-2025;03-02-2025;04-02-2025;07-02-2025;07-02-2025;11-02-2025;;;11-02-2025;12-02-2025;28-02-2025;;;09-04-2025
45512-PBFX39;1304;08-08-2024;5;PBFX39;;ADJUDICADO;MERA;NO;TRANSFERIDO;BANCO DE CRÉDITO E INVERSIONES;LEASING DEL PACIFICO SPA;LEASING;;;1;;1;1;01-01-1900;24-10-2024;24-10-2024;24-10-2024;01-01-1900;13-09-2024;;;25-09-2024;01-10-2024;25-11-2024;;;23-10-2024
45512-PBFX53;1304;08-08-2024;6;PBFX53;;ADJUDICADO;MERA;NO;TRANSFERIDO;BANCO DE CRÉDITO E INVERSIONES;LEASING DEL PACIFICO SPA;LEASING;;;1;;1;1;01-01-1900;24-10-2024;24-10-2024;24-10-2024;01-01-1900;13-09-2024;;;25-09-2024;01-10-2024;25-11-2024;;;23-10-2024
45512-PCLK11;1304;08-08-2024;7;PCLK11;83220071399;ADJUDICADO;MERA;NO;TRANSFERIDO;BANCO SANTANDER CHILE  ;LEASING DEL PACIFICO SPA;LEASING;;;1;;1;1;03-09-2024;16-09-2024;16-10-2024;25-10-2024;25-10-2024;28-10-2024;;;28-10-2024;30-10-2024;;;;22-11-2024
45512-RGJZ95;1304;08-08-2024;8;RGJZ95;83220071423;ADJUDICADO;MERA;NO;TRANSFERIDO;BANCO SANTANDER CHILE  ;LEASING DEL PACIFICO SPA;LEASING;;;1;;1;1;03-09-2024;16-09-2024;16-10-2024;25-10-2024;25-10-2024;28-10-2024;;;28-10-2024;30-10-2024;;;;22-11-2024
45512-KBJD30;1304;08-08-2024;9;KBJD30;8322007134;ADJUDICADO;MERA;NO;TRANSFERIDO;BANCO DE CHILE  ;LEASING DEL PACIFICO SPA;LEASING;;;1;;1;1;12-09-2024;18-12-2024;18-12-2024;19-12-2024;19-12-2024;19-12-2024;;;26-12-2024;30-12-2024;09-01-2025;;;18-01-2025
45512-PBFX10;1304;08-08-2024;10;PBFX10;;ADJUDICADO;MERA;NO;TRANSFERIDO;BANCO DE CRÉDITO E INVERSIONES;LEASING DEL PACIFICO SPA;LEASING;;;1;;1;1;01-01-1900;24-10-2024;24-10-2024;01-01-1900;01-01-1900;13-09-2024;;;25-09-2024;01-01-1900;25-11-2024;;;12-11-2024
45512-LVJL47;1304;08-08-2024;11;LVJL47;83220226977;ANULACION;MERA;NO;NO APLICA;BANCO SANTANDER CHILE  ;LEASING DEL PACIFICO SPA;LEASING;;;;;;;;;;;;;;;;;;;;
45512-PFZH87;1304;08-08-2024;12;PFZH87;83220071464;SUSPENDIDO;GENERICO;NO;NO APLICA;LEASING DEL PACIFICO SPA;LEASING DEL PACIFICO SPA;LEASING;;;;;;;;;;;;;;;;;;;;
45512-LSWD43;1304;08-08-2024;13;LSWD43;83220119768;ADJUDICADO;MERA;NO;TRANSFERIDO;SCOTIABANK CHILE  ;LEASING DEL PACIFICO SPA;LEASING;;;1;;1;1;18-10-2024;25-10-2024;30-10-2024;11-11-2024;11-11-2024;12-11-2024;;;13-11-2024;20-11-2024;27-11-2025;;;07-12-2024
45512-LTZX33;1304;08-08-2024;14;LTZX33;83220071332;ADJUDICADO;MERA;NO;TRANSFERIDO;BANCO DE CHILE  ;LEASING DEL PACIFICO SPA;LEASING;;;1;;1;1;12-09-2024;18-12-2024;18-12-2024;19-12-2024;19-12-2024;19-12-2024;;;26-12-2024;30-12-2024;09-01-2025;;;21-01-2025
45512-RPWS50;1304;08-08-2024;15;RPWS50;;ADJUDICADO;MERA;NO;TRANSFERIDO;BANCO DE CRÉDITO E INVERSIONES;LEASING DEL PACIFICO SPA;LEASING;;;1;;1;1;01-01-1900;24-10-2024;24-10-2024;24-10-2024;01-01-1900;13-09-2024;;;25-09-2024;01-10-2024;25-11-2024;;;23-10-2024
45512-SDGJ87;1304;08-08-2024;16;SDGJ87;82160661698;ADJUDICADO;GENERICO;NO;TRANSFERIDO;SANTANDER CONSUMER FINANCE LIMITADA  ;SANTANDER CONSUMER;BFE;;;1;;1;;;;;;;;;;23-10-2024;29-10-2024;;;;30-10-2024
45512-LJYZ44;1304;08-08-2024;17;LJYZ44;;ADJUDICADO;DERIVACION;NO;TRANSFERIDO;KAREN MACARENA SAAVEDRA GARRIDO  ;Pompeyo Carrasco Automóviles SPA  ;AUTOMOTORAS;;;1;;;;;;;;;;;;29-11-2024;02-12-2024;;;;24-12-2024
45512-SWRT15;1304;08-08-2024;18;SWRT15;83220071514;ADJUDICADO;GENERICO;NO;TRANSFERIDO;SANTANDER CONSUMER FINANCE LIMITADA  ;SANTANDER CONSUMER;BFE;;;1;;1;;;;;;;;;;23-10-2024;25-10-2024;;;;19-11-2024
45512-RWXD76;1304;08-08-2024;19;RWXD76;57020099768;ADJUDICADO;GENERICO;NO;TRANSFERIDO;SANTANDER CONSUMER FINANCE LIMITADA  ;SANTANDER CONSUMER;BFE;;;1;;1;;;;;;;;;;23-10-2024;25-10-2024;;;;19-11-2024
45512-RZHB69;1304;08-08-2024;20;RZHB69;8322010630;ADJUDICADO;GENERICO;NO;TRANSFERIDO;SANTANDER CONSUMER FINANCE LIMITADA  ;SANTANDER CONSUMER;BFE;;;1;;1;;;;;;;;;;23-10-2024;25-10-2024;;;;19-11-2024
45512-RSCC51;1304;08-08-2024;21;RSCC51;8322010628;ADJUDICADO;GENERICO;NO;TRANSFERIDO;SANTANDER CONSUMER FINANCE LIMITADA  ;SANTANDER CONSUMER;BFE;;;1;;1;;;;;;;;;;23-10-2024;25-10-2024;;;;19-11-2024
45512-SCCP41;1304;08-08-2024;22;SCCP41;81070084876;ADJUDICADO;GENERICO;NO;TRANSFERIDO;SANTANDER CONSUMER FINANCE LIMITADA  ;SANTANDER CONSUMER;BFE;;;1;;1;;;;;;;;;;23-10-2024;25-10-2024;;;;19-11-2024
45512-LSGT10;1304;08-08-2024;23;LSGT10;57400551131;ADJUDICADO;GENERICO;NO;TRANSFERIDO;SANTANDER CONSUMER FINANCE LIMITADA  ;SANTANDER CONSUMER;BFE;;;1;;1;;;;;;;;;;23-10-2024;25-10-2024;;;;19-11-2024
45512-LLKY68;1304;08-08-2024;24;LLKY68;82210199558;ADJUDICADO;GENERICO;NO;TRANSFERIDO;SANTANDER CONSUMER FINANCE LIMITADA  ;SANTANDER CONSUMER;BFE;;;1;;1;;;;;;;;;;23-10-2024;25-10-2024;;;;19-11-2024
45512-FCCX61;1304;08-08-2024;25;FCCX61;83450097494;ADJUDICADO;LIQ;NO;TRANSFERIDO;MIREYA DEL PILAR LIBERONA ARRIAGADA;LIQUIDACION;LIQUIDACIONES;;;1;;1;;;;;;;;;;02-09-2024;10-09-2024;;;;05-10-2024
45512-PSHT88;1304;08-08-2024;26;PSHT88;;ADJUDICADO;MERA;NO;TRANSFERIDO;BANCO DE CRÉDITO E INVERSIONES;LEASING DEL PACIFICO SPA;LEASING;;;1;;1;1;01-01-1900;24-10-2024;24-10-2024;24-10-2024;01-01-1900;13-09-2024;;;25-09-2024;01-10-2024;25-11-2024;;;23-10-2024
45512-PDZZ67;1304;08-08-2024;27;PDZZ67;83220071456;ADJUDICADO;MERA;NO;TRANSFERIDO;ITAU CORPBANCA  ;LEASING DEL PACIFICO SPA;LEASING;;;1;;1;1;29-10-2024;13-11-2024;13-11-2024;25-11-2024;26-11-2024;26-11-2024;;;28-11-2024;05-12-2024;;;;05-01-2025
45512-LJJZ33;1304;08-08-2024;28;LJJZ33;8322007150;ADJUDICADO;GENERICO;NO;TRANSFERIDO;LEASING DEL PACIFICO SPA;LEASING DEL PACIFICO SPA;LEASING;;;1;;1;;;;;;;;;;10-09-2024;02-10-2024;;;;24-10-2024
45512-PTTL86;1304;08-08-2024;29;PTTL86;8322007148;ADJUDICADO;GENERICO;NO;TRANSFERIDO;LEASING DEL PACIFICO SPA;LEASING DEL PACIFICO SPA;LEASING;;;1;;1;;;;;;;;;;10-09-2024;13-09-2024;;;;10-10-2024
45512-LVJL50;1304;08-08-2024;30;LVJL50;8322007141;ADJUDICADO;MERA;NO;TRANSFERIDO;BANCO SANTANDER CHILE  ;LEASING DEL PACIFICO SPA;LEASING;;;1;;1;1;03-09-2024;16-09-2024;16-10-2024;25-10-2024;25-10-2024;28-10-2024;;;25-11-2024;25-11-2024;Alzado;22-11-2024;22-11-2024;08-05-2025
45512-LDYZ22;1304;08-08-2024;31;LDYZ22;83220071407;ADJUDICADO;MERA;NO;TRANSFERIDO;BANCO SANTANDER CHILE  ;LEASING DEL PACIFICO SPA;LEASING;;;1;;1;1;03-09-2024;16-09-2024;16-10-2024;25-10-2024;25-10-2024;28-10-2024;;;28-10-2024;30-10-2024;;;;25-11-2024
45512-LVJK69;1304;08-08-2024;32;LVJK69;8322007143;ADJUDICADO;MERA;NO;TRANSFERIDO;BANCO SANTANDER CHILE  ;LEASING DEL PACIFICO SPA;LEASING;;;1;;1;1;03-09-2024;16-09-2024;16-10-2024;25-10-2024;25-10-2024;28-10-2024;;;28-10-2024;30-10-2024;;;;25-11-2024
45512-LFHP57;1304;08-08-2024;33;LFHP57;83290010608;ADJUDICADO;GENERICO;NO;TRANSFERIDO;Vehículos de Renta Ltda.;Vehículos de Renta Ltda.;LEASING;;;1;;1;;;;;;;;;;14-10-2024;16-10-2024;;;;09-11-2024
45512-JXWB56;1304;08-08-2024;34;JXWB56;83220022624;ADJUDICADO;MERA;NO;TRANSFERIDO;BANCO SANTANDER CHILE  ;LEASING DEL PACIFICO SPA;LEASING;;;1;;1;1;03-09-2024;16-09-2024;16-10-2024;25-10-2024;25-10-2024;28-10-2024;;;28-10-2024;30-10-2024;;;;25-11-2024
45512-KJLX55;1304;08-08-2024;35;KJLX55;83220071472;ADJUDICADO;GENERICO;NO;TRANSFERIDO;LEASING DEL PACIFICO SPA;LEASING DEL PACIFICO SPA;LEASING;;;1;;1;;;;;;;;;;10-09-2024;13-09-2024;;;;10-10-2024
45512-LBXC26;1304;08-08-2024;36;LBXC26;8322007149;ADJUDICADO;GENERICO;NO;TRANSFERIDO;LEASING DEL PACIFICO SPA;LEASING DEL PACIFICO SPA;LEASING;;;1;;1;;;;;;;;;;10-09-2024;13-09-2024;;;;10-10-2024
45512-LVJV77;1304;08-08-2024;37;LVJV77;83220071449;ADJUDICADO;MERA;NO;TRANSFERIDO;BANCO SANTANDER CHILE  ;LEASING DEL PACIFICO SPA;LEASING;;;1;;1;1;03-09-2024;16-09-2024;16-10-2024;25-10-2024;25-10-2024;28-10-2024;;;28-10-2024;30-10-2024;;;;25-11-2024
45512-KSLW28;1304;08-08-2024;38;KSLW28;;ADJUDICADO;MERA;NO;TRANSFERIDO;SCOTIABANK CHILE  ;LEASING DEL PACIFICO SPA;LEASING;;;1;;1;1;18-10-2024;25-10-2024;30-10-2024;11-11-2024;11-11-2024;12-11-2024;;;13-11-2024;20-11-2024;27-11-2025;;;07-12-2024
45512-KVDH85;1304;08-08-2024;39;KVDH85;;ADJUDICADO;MERA;NO;TRANSFERIDO;SCOTIABANK CHILE  ;LEASING DEL PACIFICO SPA;LEASING;;;1;;1;1;18-10-2024;25-10-2024;30-10-2024;11-11-2024;11-11-2024;12-11-2024;;;13-11-2024;20-11-2024;27-11-2025;;;07-12-2024
45512-KXYH90;1304;08-08-2024;40;KXYH90;83220071365;ADJUDICADO;MERA;NO;TRANSFERIDO;BANCO DE CHILE  ;LEASING DEL PACIFICO SPA;LEASING;;;1;;1;1;12-09-2024;18-12-2024;18-12-2024;19-12-2024;19-12-2024;19-12-2024;;;26-12-2024;30-12-2024;09-01-2025;;;18-01-2025
45512-KXYH19;1304;08-08-2024;41;KXYH19;83220071357;ADJUDICADO;MERA;NO;TRANSFERIDO;BANCO DE CHILE  ;LEASING DEL PACIFICO SPA;LEASING;;;1;;1;1;12-09-2024;18-12-2024;18-12-2024;19-12-2024;19-12-2024;19-12-2024;;;26-12-2024;30-12-2024;09-01-2025;;;18-01-2025
45512-HDYV75;1304;08-08-2024;42;HDYV75;83220071381;ADJUDICADO;MERA;NO;TRANSFERIDO;BANCO DE CHILE  ;LEASING DEL PACIFICO SPA;LEASING;;;1;;1;1;12-09-2024;18-12-2024;18-12-2024;19-12-2024;19-12-2024;19-12-2024;;;26-12-2024;30-12-2024;09-01-2025;;;18-01-2025
45512-PSCK89;1304;08-08-2024;43;PSCK89;83220071324;ADJUDICADO;MERA;NO;TRANSFERIDO;BANCO BICE  ;LEASING DEL PACIFICO SPA;LEASING;;;1;;1;1;01-01-1900;01-01-1900;23-10-2024;07-11-2024;07-11-2024;08-11-2024;;;12-11-2024;15-11-2024;;;;06-12-2024
45512-LSHT73;1304;08-08-2024;44;LSHT73;57080053812;ADJUDICADO;GENERICO;NO;TRANSFERIDO;SANTANDER CONSUMER FINANCE LIMITADA  ;SANTANDER CONSUMER;BFE;;;1;;1;;;;;;;;;;23-10-2024;25-10-2024;;;;19-11-2024
45526-RTLF28;1308;22-08-2024;1;RTLF28;83220152371;ADJUDICADO;MERA;NO;TRANSFERIDO;BANCO DE CHILE  ;LEASING DEL PACIFICO SPA;LEASING;;;1;Seguimiento a Mitta;;;24-06-2025;04-07-2025;04-07-2025;09-07-2025;10-07-2025;11-07-2025;;;11-07-2025;15-07-2025;28-07-2025;;;05-08-2025
45526-LYCR68;1308;22-08-2024;2;LYCR68;83220152421;ANULACION;MERA;NO;NO APLICA;BANCO SANTANDER CHILE  ;LEASING DEL PACIFICO SPA;LEASING;;;;;;;;;;;;;;;;;;;;
45526-RYBH46;1308;22-08-2024;3;RYBH46;83220106146;ADJUDICADO;MERA;NO;TRANSFERIDO;BANCO SANTANDER CHILE  ;LEASING DEL PACIFICO SPA;LEASING;;;1;;30-ago;30-ago;03-09-2024;16-09-2024;16-10-2024;25-10-2024;25-10-2024;28-10-2024;;;28-10-2024;30-10-2024;;;;25-11-2024
45526-PTRL94;1308;22-08-2024;4;PTRL94;83220152462;DESISTIMIENTO;GENERICO;NO;NO APLICA;LEASING DEL PACIFICO SPA;LEASING DEL PACIFICO SPA;LEASING;;;;;;;;;;;;;;;;;;;;
45526-PTHZ26;1308;22-08-2024;5;PTHZ26;83220152454;ADJUDICADO;GENERICO;NO;TRANSFERIDO;LEASING DEL PACIFICO SPA;LEASING DEL PACIFICO SPA;LEASING;;;1;;27-ago;;;;;;;;;;10-09-2024;13-09-2024;;;;10-10-2024
45526-JTYG19;1308;22-08-2024;6;JTYG19;83220152298;ADJUDICADO;GENERICO;NO;TRANSFERIDO;ALD AUTOMOTIVE LIMITADA .;ALD AUTOMOTIVE LIMITADA .;LEASING;;;1;;10-sept;;;;;;;;;;07-11-2024;12-11-2024;;;;18-03-2025
45526-SJJY89;1308;22-08-2024;7;SJJY89;83220152470;ADJUDICADO;GENERICO;NO;TRANSFERIDO;SANTANDER CONSUMER FINANCE LIMITADA  ;SANTANDER CONSUMER;BFE;;;1;;1;;;;;;;;;;23-10-2024;25-10-2024;;;;19-11-2024
45526-RYKR44;1308;22-08-2024;8;RYKR44;83220022681;DESISTIMIENTO;LIQ;NO;NO APLICA;Liquidacion Concursal;LIQUIDACION;LIQUIDACIONES;;;;;;;;;;;;;;;;;;;;
45526-RRJF24;1308;22-08-2024;9;RRJF24;83220152512;ADJUDICADO;LIQ;NO;TRANSFERIDO;Liquidacion Concursal;LIQUIDACION;LIQUIDACIONES;;;1;;28-ago;;;;;;;;;;24-02-2025;20-03-2025;;;;14-04-2025
45526-RWHS54;1308;22-08-2024;10;RWHS54;83220152488;ADJUDICADO;GENERICO;NO;TRANSFERIDO;SANTANDER CONSUMER FINANCE LIMITADA  ;SANTANDER CONSUMER;BFE;;;1;;1;;;;;;;;;;23-10-2024;25-10-2024;;;;19-11-2024
45526-RHLY53;1308;22-08-2024;11;RHLY53;83220152504;DESISTIMIENTO;LIQ;NO;NO APLICA;Liquidacion Concursal;LIQUIDACION;LIQUIDACIONES;;;;;;;;;;;;;;;;;;;;
45526-RZVK22;1308;22-08-2024;12;RZVK22;83220022285;ADJUDICADO;GENERICO;NO;TRANSFERIDO;SANTANDER CONSUMER FINANCE LIMITADA  ;SANTANDER CONSUMER;BFE;;;1;;1;;;;;;;;;;23-10-2024;25-10-2024;;;;19-11-2024
45526-PTBS62;1308;22-08-2024;13;PTBS62;56030068706;ADJUDICADO;GENERICO;NO;TRANSFERIDO;SANTANDER CONSUMER FINANCE LIMITADA  ;SANTANDER CONSUMER;BFE;;;1;;1;;;;;;;;;;23-10-2024;25-10-2024;;;;19-11-2024
45526-PCJB36;1308;22-08-2024;14;PCJB36;83220022327;ADJUDICADO;GENERICO;NO;TRANSFERIDO;SANTANDER CONSUMER FINANCE LIMITADA  ;SANTANDER CONSUMER;BFE;;;1;;1;;;;;;;;;;23-10-2024;25-10-2024;;;;19-11-2024
45526-LRCF25;1308;22-08-2024;15;LRCF25;83220152496;ADJUDICADO;GENERICO;NO;TRANSFERIDO;SANTANDER CONSUMER FINANCE LIMITADA  ;SANTANDER CONSUMER;BFE;;;1;;1;;;;;;;;;;23-10-2024;25-10-2024;;;;19-11-2024
45526-DYGK57;1308;22-08-2024;16;DYGK57;83220022707;DESISTIMIENTO;LIQ;NO;NO APLICA;Liquidacion Concursal;LIQUIDACION;LIQUIDACIONES;;;;;;;;;;;;;;;;;;;;
45526-FDYJ19;1308;22-08-2024;17;FDYJ19;83220152520;DESISTIMIENTO;LIQ;NO;NO APLICA;Liquidacion Concursal;LIQUIDACION;LIQUIDACIONES;;;;;;;;;;;;;;;;;;;;
45526-PCXR16;1308;22-08-2024;18;PCXR16;83220152447;ANULACION;GENERICO;NO;NO APLICA;LEASING DEL PACIFICO SPA;LEASING DEL PACIFICO SPA;LEASING;;;;;;;;;;;;;;;;;;;;
45526-LSCH59;1308;22-08-2024;19;LSCH59;83220152405;ADJUDICADO;MERA;NO;TRANSFERIDO;BANCO SANTANDER CHILE  ;LEASING DEL PACIFICO SPA;LEASING;;;1;;27-ago;27-ago;03-09-2024;16-09-2024;16-10-2024;25-10-2024;25-10-2024;28-10-2024;;;28-10-2024;30-10-2024;;;;25-11-2024
45526-LBWT66;1308;22-08-2024;20;LBWT66;83220152439;ADJUDICADO;GENERICO;NO;TRANSFERIDO;LEASING DEL PACIFICO SPA;LEASING DEL PACIFICO SPA;LEASING;;;1;;27-ago;;;;;;;;;;10-09-2024;13-09-2024;;;;10-10-2024
45526-RYBG92;1308;22-08-2024;21;RYBG92;;ADJUDICADO;MERA;NO;TRANSFERIDO;SCOTIABANK CHILE  ;LEASING DEL PACIFICO SPA;LEASING;;;1;;1;1;18-10-2024;25-10-2024;30-10-2024;11-11-2024;11-11-2024;12-11-2024;;;13-11-2024;20-11-2024;27-11-2025;;;07-12-2024
45526-PTJC72;1308;22-08-2024;22;PTJC72;83330021102;ADJUDICADO;GENERICO;NO;TRANSFERIDO;LEASING DEL PACIFICO SPA;LEASING DEL PACIFICO SPA;LEASING;;;1;;27-ago;;;;;;;;;;10-09-2024;13-09-2024;;;;10-10-2024
45526-KHZP91;1308;22-08-2024;23;KHZP91;83220152389;ADJUDICADO;MERA;NO;TRANSFERIDO;BANCO DE CHILE  ;LEASING DEL PACIFICO SPA;LEASING;;;1;;27-ago;27-ago;12-09-2024;18-12-2024;18-12-2024;19-12-2024;19-12-2024;19-12-2024;;;26-12-2024;30-12-2024;09-01-2025;;;18-01-2025
45526-PSZG14;1308;22-08-2024;24;PSZG14;83220152348;ADJUDICADO;GENERICO;NO;TRANSFERIDO;ALD AUTOMOTIVE LIMITADA .;ALD AUTOMOTIVE LIMITADA .;LEASING;;;1;;10-sept;;;;;;;;;;07-11-2024;12-11-2024;;;;13-03-2025
45526-PSYV24;1308;22-08-2024;25;PSYV24;83220152330;ADJUDICADO;GENERICO;NO;TRANSFERIDO;ALD AUTOMOTIVE LIMITADA .;ALD AUTOMOTIVE LIMITADA .;LEASING;;;1;;10-sept;;;;;;;;;;07-11-2024;12-11-2024;;;;03-12-2024
45526-RKXY50;1308;22-08-2024;26;RKXY50;83220152306;ADJUDICADO;GENERICO;NO;TRANSFERIDO;ALD AUTOMOTIVE LIMITADA .;ALD AUTOMOTIVE LIMITADA .;LEASING;;;1;;10-sept;;;;;;;;;;07-11-2024;12-11-2024;;;;07-04-2025
45526-PRXZ16;1308;22-08-2024;27;PRXZ16;83220152314;ADJUDICADO;GENERICO;NO;TRANSFERIDO;ALD AUTOMOTIVE LIMITADA .;ALD AUTOMOTIVE LIMITADA .;LEASING;;;1;;10-sept;;;;;;;;;;07-11-2024;12-11-2024;;;;10-04-2025
45526-KRPP68;1308;22-08-2024;28;KRPP68;83220152322;ADJUDICADO;GENERICO;NO;TRANSFERIDO;ALD AUTOMOTIVE LIMITADA .;ALD AUTOMOTIVE LIMITADA .;LEASING;;;1;;10-sept;;;;;;;;;;07-11-2024;12-11-2024;;;;03-12-2024
45526-JRPF54;1308;22-08-2024;29;JRPF54;83220152413;ADJUDICADO;MERA;NO;TRANSFERIDO;BANCO SANTANDER CHILE  ;LEASING DEL PACIFICO SPA;LEASING;;;1;;27-ago;27-ago;03-09-2024;16-09-2024;16-10-2024;25-10-2024;25-10-2024;28-10-2024;;;28-10-2024;30-10-2024;;;;25-11-2024
45526-PJRS22;1308;22-08-2024;30;PJRS22;83220152363;DESISTIMIENTO;MERA;NO;NO APLICA;BANCO DE CHILE  ;LEASING DEL PACIFICO SPA;LEASING;;;;;;;;;;;;;;;;;;;;
45526-KRPZ45;1308;22-08-2024;31;KRPZ45;78520001740;ADJUDICADO;GENERICO;NO;TRANSFERIDO;LEASING DEL PACIFICO SPA;LEASING DEL PACIFICO SPA;LEASING;;;1;;27-ago;;;;;;;;;;10-09-2024;13-09-2024;;;;10-10-2024
45526-JYZH25;1308;22-08-2024;32;JYZH25;;ADJUDICADO;MERA;NO;TRANSFERIDO;SCOTIABANK CHILE  ;LEASING DEL PACIFICO SPA;LEASING;;;1;;1;1;18-10-2024;25-10-2024;30-10-2024;11-11-2024;11-11-2024;12-11-2024;;;13-11-2024;20-11-2024;27-11-2025;;;07-12-2024
45526-HBHT88;1308;22-08-2024;33;HBHT88;83220152355;ADJUDICADO;MERA;NO;TRANSFERIDO;BANCO DE CHILE  ;LEASING DEL PACIFICO SPA;LEASING;;;1;;27-ago;27-ago;12-09-2024;18-12-2024;18-12-2024;19-12-2024;19-12-2024;19-12-2024;;;26-12-2024;30-12-2024;09-01-2025;;;18-01-2025
45526-HCHK55;1308;22-08-2024;34;HCHK55;83220152397;ADJUDICADO;MERA;NO;TRANSFERIDO;BANCO DE CHILE  ;LEASING DEL PACIFICO SPA;LEASING;;;1;;27-ago;27-ago;12-09-2024;18-12-2024;18-12-2024;19-12-2024;19-12-2024;19-12-2024;;;26-12-2024;27-12-2025;09-01-2025;;;18-01-2025
45533-PKWH39;1309;29-08-2024;1;PKWH39;83220177071;ADJUDICADO;GENERICO;NO;TRANSFERIDO;ALD AUTOMOTIVE LIMITADA .;ALD AUTOMOTIVE LIMITADA .;LEASING;;;1;;10-sept;;;;;;;;;;07-11-2024;12-11-2024;;;;03-12-2024
45533-PCXR16;1309;29-08-2024;2;PCXR16;83220152447;ADJUDICADO;GENERICO;NO;TRANSFERIDO;LEASING DEL PACIFICO SPA ;LEASING DEL PACIFICO SPA;LEASING;;;1;;03-sept;;;;;;;;;;05-11-2024;06-11-2024;;;;28-11-2024
45533-PKJZ33;1309;29-08-2024;3;PKJZ33;83220177162;ADJUDICADO;GENERICO;NO;TRANSFERIDO;SERVICIOS SALFA LTDA. ;SERVICIOS SALFA LTDA. ;LEASING;;;1;;1;;;;;;;;;;05-11-2024;26-11-2024;;;;16-12-2024
45533-PKJZ29;1309;29-08-2024;4;PKJZ29;83220177105;ADJUDICADO;GENERICO;NO;TRANSFERIDO;ITAU CORPBANCA  ;SERVICIOS SALFA LTDA. ;LEASING;;;1;;1;1;;;;;;;;;05-11-2024;26-11-2024;;;;16-12-2024
45533-LRBP38;1309;29-08-2024;5;LRBP38;83220177089;ADJUDICADO;GENERICO;NO;TRANSFERIDO;ALD AUTOMOTIVE LIMITADA .;ALD AUTOMOTIVE LIMITADA .;LEASING;;;1;;10-sept;;;;;;;;;;07-11-2024;12-11-2024;;;;03-12-2024
45533-KWWV64;1309;29-08-2024;6;KWWV64;83290061874;ADJUDICADO;GENERICO;NO;TRANSFERIDO;MUTUAL DE SEGURIDAD ASESORÍAS S A . .;Mutual De Seguridad Asesorías S A . .;BFE;;;1;;04-sept;;;;;;;;;;30-10-2024;05-11-2024;;;;27-11-2024
45533-GXHC41;1309;29-08-2024;7;GXHC41;83220177113;ADJUDICADO;GENERICO;NO;TRANSFERIDO;MUTUAL DE SEGURIDAD ASESORÍAS S A . .;Mutual De Seguridad Asesorías S A . .;BFE;;;1;;04-sept;;;;;;;;;;30-10-2024;05-11-2024;;;;27-11-2024
45533-FVKK15;1309;29-08-2024;8;FVKK15;83220177204;DESISTIMIENTO;GENERICO;NO;NO APLICA;Liquidacion concursal;DIEGO IGNACIO VARGAS MATUS  ;LIQUIDACIONES;;;;;;;;;;;;;;;;;;;;
45533-RFXW28;1309;29-08-2024;9;RFXW28;83220022335;ADJUDICADO;GENERICO;NO;TRANSFERIDO;SANTANDER CONSUMER FINANCE LIMITADA  ;SANTANDER CONSUMER;BFE;;;1;;01-ene;;;;;;;;;;23-10-2024;25-10-2024;;;;19-11-2024
45533-HRFF42;1309;29-08-2024;10;HRFF42;83220177212;SIN POSTOR;GENERICO;NO;NO APLICA;Liquidacion concursal;ALEJANDRO HERNÁN MARMOLEJO GONZÁLEZ  ;LIQUIDACIONES;;;;;;;;;;;;;;;;;;;;
45533-RZXX95;1309;29-08-2024;11;RZXX95;83220177154;ADJUDICADO;GENERICO;NO;TRANSFERIDO;SANTANDER CONSUMER FINANCE LIMITADA  ;SANTANDER CONSUMER;BFE;;;1;;04-sept;;;;;;;;;;23-10-2024;29-10-2024;;;;18-11-2024
45533-RRWS34;1309;29-08-2024;12;RRWS34;83220177147;ADJUDICADO;GENERICO;NO;TRANSFERIDO;SANTANDER CONSUMER FINANCE LIMITADA  ;SANTANDER CONSUMER;BFE;;;1;;04-sept;;;;;;;;;;23-10-2024;25-10-2024;;;;19-11-2024
45533-FCCY29;1309;29-08-2024;13;FCCY29;83220177196;ADJUDICADO;LIQ;NO;TRANSFERIDO;Liquidacion concursal;LIQUIDACION;LIQUIDACIONES;;;1;;04-sept;;;;;;;;;;02-09-2024;10-09-2024;;;;08-10-2024
45533-JCLF74;1309;29-08-2024;14;JCLF74;83220177220;ADJUDICADO;LIQ;NO;TRANSFERIDO;Liquidacion concursal;LIQUIDACION;LIQUIDACIONES;;;1;;04-sept;;;;;;;;;;02-09-2024;10-09-2024;;;;08-10-2024
45533-LWD097;1309;29-08-2024;15;LWD097;81160194247;SIN POSTOR;GENERICO;NO;NO APLICA;Liquidacion concursal;ARTURO AGUSTÍN VERA ZAMORANO  ;LIQUIDACIONES;;;;;;;;;;;;;;;;;;;;
45533-LVLL18;1309;29-08-2024;16;LVLL18;83220177170;ADJUDICADO;GENERICO;NO;TRANSFERIDO;SERVICIOS SALFA LTDA. ;SERVICIOS SALFA LTDA. ;LEASING;;;1;;1;;;;;;;;;;05-11-2024;26-11-2024;;;;16-12-2024
45533-SBGY29;1309;29-08-2024;17;SBGY29;83220177139;ADJUDICADO;GENERICO;NO;TRANSFERIDO;SANTANDER CONSUMER FINANCE LIMITADA  ;SANTANDER CONSUMER;BFE;;;1;;04-sept;;;;;;;;;;23-10-2024;25-10-2024;;;;19-11-2024
45533-LPPV37;1309;29-08-2024;18;LPPV37;83220177188;ADJUDICADO;GENERICO;NO;TRANSFERIDO;SERVICIOS SALFA LTDA. ;SERVICIOS SALFA LTDA. ;LEASING;;;1;;;;;;;;;;;;05-11-2024;26-11-2024;;;;16-12-2024
45533-SBGY15;1309;29-08-2024;19;SBGY15;83220177121;ADJUDICADO;GENERICO;NO;TRANSFERIDO;SANTANDER CONSUMER FINANCE LIMITADA  ;SANTANDER CONSUMER;BFE;;;1;;04-sept;;;;;;;;;;23-10-2024;25-10-2024;;;;19-11-2024
45533-KSBC88;1309;29-08-2024;20;KSBC88;83220177097;ADJUDICADO;GENERICO;NO;TRANSFERIDO;ALD AUTOMOTIVE LIMITADA .;ALD AUTOMOTIVE LIMITADA .;LEASING;;;1;;10-sept;;;;;;;;;;07-11-2024;12-11-2024;;;;03-12-2024
45547-CZYB46;1311;12-09-2024;1;CZYB46;24040795924;ADJUDICADO;GENERICO;NO;TRANSFERIDO;TANNER SERVICIOS FINANCIEROS S.A  ;Tanner Servicios Financieros S.A  ;BFE;;;1;;01-ene;;;;;;;;;;07-10-2024;09-10-2024;;;;31-10-2024
45547-PPFW26;1311;12-09-2024;2;PPFW26;;ADJUDICADO;DERIVACION;NO;TRANSFERIDO;SANDRA LORETO MARAMBIO NAVARRO  ;Pompeyo Carrasco Automóviles SPA  ;AUTOMOTORAS;;;1;;1;;;;;;;;;;27-12-2024;30-12-2024;;;;05-02-2025
45547-SWTX13;1311;12-09-2024;3;SWTX13;24040795064;ADJUDICADO;GENERICO;NO;TRANSFERIDO;TANNER SERVICIOS FINANCIEROS S.A  ;Tanner Servicios Financieros S.A  ;BFE;;;1;;01-ene;;;;;;;;;;07-10-2024;09-10-2024;;;;31-10-2024
45547-SSTF21;1311;12-09-2024;4;SSTF21;24040795650;SIN POSTOR;LIQ;NO;NO APLICA;Liquidacion concursal;LIQUIDACION;LIQUIDACIONES;;;;;;;;;;;;;;;;;;;;
45547-RYKR44;1311;12-09-2024;5;RYKR44;83220022681;SIN POSTOR;LIQ;NO;NO APLICA;Liquidacion concursal;LIQUIDACION;LIQUIDACIONES;;;;;;;;;;;;;;;;;;;;
45547-RDKD16;1311;12-09-2024;6;RDKD16;83220106294;ADJUDICADO;GENERICO;NO;TRANSFERIDO;SANTANDER CONSUMER FINANCE LIMITADA  ;SANTANDER CONSUMER;BFE;;;1;;25-sept;;;;;;;;;;07-10-2024;09-10-2024;;;;30-10-2024
45547-PZBH49;1311;12-09-2024;7;PZBH49;24040817587;ADJUDICADO;GENERICO;NO;TRANSFERIDO;TANNER SERVICIOS FINANCIEROS S.A  ;Tanner Servicios Financieros S.A  ;BFE;;;1;;01-ene;;;;;;;;;;07-10-2024;09-10-2024;;;;31-10-2024
45547-DPXL83;1311;12-09-2024;8;DPXL83;;ADJUDICADO;DERIVACION;NO;TRANSFERIDO;FELIPE DE JESÚS GONZÁLEZ ESPINA  ;Pompeyo Carrasco Automóviles SPA  ;AUTOMOTORAS;;;1;;1;;;;;;;;;;03-04-2025;04-04-2025;;;;02-05-2025
45547-RGFR14;1311;12-09-2024;9;RGFR14;83220022749;SIN POSTOR;LIQ;NO;NO APLICA;CARLOS ADÁN SANTIBÁÑEZ FAÚNDEZ EN LIQUIDACIÓN  ;LIQUIDACION;LIQUIDACIONES;;;;;1;;;;;;;;;;;;;;;
45547-PTRL94;1311;12-09-2024;10;PTRL94;83220152462;DESISTIMIENTO;GENERICO;NO;NO APLICA;LEASING DEL PACIFICO SPA ;LEASING DEL PACIFICO SPA;LEASING;;;;;;;;;;;;;;;;;;;;
45547-LYCR68;1311;12-09-2024;11;LYCR68;83220152421;ADJUDICADO;MERA;NO;TRANSFERIDO;BANCO SANTANDER CHILE  ;LEASING DEL PACIFICO SPA;LEASING;;;1;;30-sept;30-sept;22-10-2024;04-11-2024;04-12-2024;01-01-1900;04-12-2024;16-12-2024;;;17-12-2024;24-12-2025;07-01-2025;;;16-01-2025
45547-PDZY84;1311;12-09-2024;12;PDZY84;57080065147;ADJUDICADO;MERA;NO;TRANSFERIDO;ITAU CORPBANCA  ;LEASING DEL PACIFICO SPA;LEASING;;;1;Pagado;28-mar;28-mar;05-12-2024;10-12-2024;01-01-1900;16-12-2024;16-12-2024;;;;26-12-2024;31-12-2024;09-01-2025;;;15-01-2025
45547-PJRS22;1311;12-09-2024;13;PJRS22;83220152363;ADJUDICADO;MERA;NO;TRANSFERIDO;BANCO DE CHILE  ;LEASING DEL PACIFICO SPA;LEASING;;;1;;30-sept;30-sept;22-10-2024;11-11-2024;04-12-2024;16-12-2024;27-12-2024;27-12-2024;;;17-01-2025;20-01-2025;03-02-2025;;;12-02-2025
45547-FVKK15;1311;12-09-2024;14;FVKK15;83220177204;DESISTIMIENTO;LIQ;NO;NO APLICA;Liquidacion concursal;LIQUIDACION;LIQUIDACIONES;;;;;;;;;;;;;;;;;;;;
45547-FSBK31;1311;12-09-2024;15;FSBK31;24040817827;SIN POSTOR;LIQ;NO;NO APLICA;Liquidacion concursal;LIQUIDACION;LIQUIDACIONES;;;;;;;;;;;;;;;;;;;;
45547-LWJX28;1311;12-09-2024;16;LWJX28;82420147090;SIN POSTOR;LIQ;NO;NO APLICA;MARÍA PRISCILA CÁDIZ PICHULAF  ;LIQUIDACION;LIQUIDACIONES;;;;;;;;;;;;;;;;;;;;
45547-RWFF99;1311;12-09-2024;17;RWFF99;83220106328;ADJUDICADO;GENERICO;NO;TRANSFERIDO;SANTANDER CONSUMER FINANCE LIMITADA  ;SANTANDER CONSUMER;BFE;;;1;;25-sept;;;;;;;;;;04-03-2025;06-03-2025;;30-10-2024;;28-03-2025
45547-PLJK72;1311;12-09-2024;18;PLJK72;83220022350;ADJUDICADO;GENERICO;NO;TRANSFERIDO;SANTANDER CONSUMER FINANCE LIMITADA  ;SANTANDER CONSUMER;BFE;;;1;;25-sept;;;;;;;;;;07-10-2024;09-10-2024;;;;30-10-2024
45547-RHLY53;1311;12-09-2024;19;RHLY53;83220152504;SIN POSTOR;LIQ;NO;NO APLICA;Liquidacion concursal;LIQUIDACION;LIQUIDACIONES;;;;;;;;;;;;;;;;;;;;
45547-SDXH15;1311;12-09-2024;20;SDXH15;24040795445;ADJUDICADO;GENERICO;NO;TRANSFERIDO;TANNER SERVICIOS FINANCIEROS S.A  ;Tanner Servicios Financieros S.A  ;BFE;;;1;;01-ene;;;;;;;;;;07-10-2024;09-10-2024;;;;31-10-2024
45547-LLVP59;1311;12-09-2024;21;LLVP59;83220106344;ADJUDICADO;GENERICO;NO;TRANSFERIDO;SANTANDER CONSUMER FINANCE LIMITADA  ;SANTANDER CONSUMER;BFE;;;1;;25-sept;;;;;;;;;;07-10-2024;09-10-2024;;;;30-10-2024
45547-HTCB50;1311;12-09-2024;22;HTCB50;83220022301;ADJUDICADO;GENERICO;NO;TRANSFERIDO;SANTANDER CONSUMER FINANCE LIMITADA  ;SANTANDER CONSUMER;BFE;;;1;;25-sept;;;;;;;;;;07-10-2024;09-10-2024;;;;30-10-2024
45547-RJTV61;1311;12-09-2024;23;RJTV61;83220022293;ADJUDICADO;GENERICO;NO;TRANSFERIDO;SANTANDER CONSUMER FINANCE LIMITADA  ;SANTANDER CONSUMER;BFE;;;1;;25-sept;;;;;;;;;;07-10-2024;09-10-2024;;;;30-10-2024
45547-STWT22;1311;12-09-2024;24;STWT22;;ADJUDICADO;DERIVACION;NO;TRANSFERIDO;POMPEYO CARRASCO AUTOMÓVILES SPA  ;Pompeyo Carrasco Automóviles SPA  ;AUTOMOTORAS;;;1;;1;;;;;;;;;;11-12-2024;12-12-2024;;;;27-01-2025
45547-DYGK57;1311;12-09-2024;25;DYGK57;83220022707;SIN POSTOR;LIQ;NO;NO APLICA;Liquidacion concursal;LIQUIDACION;LIQUIDACIONES;;;;;1;;;;;;;;;;;;;;;
45547-GBKY13;1311;12-09-2024;26;GBKY13;24040795726;SIN POSTOR;LIQ;NO;NO APLICA;ALEXIS MAURICIO ARAVENA MOREIRA  ;LIQUIDACION;LIQUIDACIONES;;;;;;;;;;;;;;;;;;;;
45547-HRLG61;1311;12-09-2024;27;HRLG61;24040817223;SIN POSTOR;LIQ;NO;NO APLICA;Liquidacion concursal;LIQUIDACION;LIQUIDACIONES;;;;;;;;;;;;;;;;;;;;
45547-FDYJ19;1311;12-09-2024;28;FDYJ19;83220152520;SIN POSTOR;LIQ;NO;NO APLICA;Liquidacion Concursal;LIQUIDACION;LIQUIDACIONES;;;;;;;;;;;;;;;;;;;;
45547-SRC012;1311;12-09-2024;29;SRC012;81160194270;SIN POSTOR;LIQ;NO;NO APLICA;DAYANA VANESSA SILVA FUENTES  ;LIQUIDACION;LIQUIDACIONES;;;;;;;;;;;;;;;;;;;;
45547-CDPR25;1311;12-09-2024;30;CDPR25;24040795015;ADJUDICADO;LIQ;NO;NO CONTRATA;FRANCISCO GUILJARDY VILLEGAS ATHENS EN LIQUIDACIÓN  ;LIQUIDACION;LIQUIDACIONES;;;1;;1;;;;;;;;;;;;;;;
45561-PPFJ82;1315;26-09-2024;1;PPFJ82;;ADJUDICADO;DERIVACION;NO;TRANSFERIDO;RAMÓN ANTONIO ORTIZ RIQUELME  ;Pompeyo Carrasco Automóviles SPA  ;AUTOMOTORAS;;;1;;1;;;;;;;;;;11-02-2025;11-02-2025;;;;11-03-2025
45561-SVLX85;1315;26-09-2024;2;SVLX85;;ADJUDICADO;DERIVACION;NO;TRANSFERIDO;MICHAEL JOHN LEIVA BARAHONA  ;Pompeyo Carrasco Automóviles SPA  ;AUTOMOTORAS;;;1;;1;;;;;;;;;;13-01-2025;13-01-2025;;;;05-02-2025
45561-LJRF72;1315;26-09-2024;3;LJRF72;24050382977;ADJUDICADO;MERA;NO;TRANSFERIDO;ITAU CORPBANCA  ;LEASING DEL PACIFICO SPA;LEASING;;;1;;1;1;16-12-2024;19-12-2024;27-12-2024;08-01-2025;14-01-2025;15-01-2025;;;17-01-2025;20-01-2025;03-02-2025;;;12-02-2025
45561-RSYC68;1315;26-09-2024;4;RSYC68;24050402452;ADJUDICADO;GENERICO;NO;TRANSFERIDO;LEASING PIE ANDINO SA;LEASING PIE ANDINO SA;LEASING;;;1;;1;;;;;;;;;;07-10-2024;07-10-2024;;;;29-10-2024
45561-PSVR28;1315;26-09-2024;5;PSVR28;24050381854;ANULACION;MERA;NO;NO APLICA;BANCO DE CHILE  ;Vehículos de Renta Ltda.  ;LEASING;;;;;;;;;;;;;;;;;;;;
45561-PTRL94;1315;26-09-2024;6;PTRL94;83220152462;ADJUDICADO;GENERICO;NO;TRANSFERIDO;LEASING DEL PACIFICO SPA ;LEASING DEL PACIFICO SPA;LEASING;;;1;;1;;;;;;;;;;04-10-2024;07-10-2024;;;;29-10-2024
45561-PYBY75;1315;26-09-2024;7;PYBY75;24050381557;ADJUDICADO;GENERICO;NO;TRANSFERIDO;LEASING DEL PACIFICO SPA ;LEASING DEL PACIFICO SPA;LEASING;;;1;;1;;;;;;;;;;04-10-2024;07-10-2024;;;;29-10-2024
45561-RDDL43;1315;26-09-2024;8;RDDL43;82220239352;ADJUDICADO;MERA;NO;TRANSFERIDO;BANCO SANTANDER CHILE  ;LEASING DEL PACIFICO SPA;LEASING;;;1;Pagado;03-dic;03-dic;04-12-2024;;11-12-2024;16-12-2024;16-12-2024;17-12-2024;;;20-12-2024;24-12-2024;07-01-2025;;;15-01-2025
45561-LVJL47;1315;26-09-2024;9;LVJL47;24050371350;ADJUDICADO;MERA;NO;TRANSFERIDO;BANCO SANTANDER CHILE  ;LEASING DEL PACIFICO SPA;LEASING;;;1;;1;1;29-11-2024;;11-12-2024;16-12-2024;16-12-2024;17-12-2024;;;20-12-2024;24-12-2024;07-01-2025;;;15-01-2025
45561-LVBJ26;1315;26-09-2024;10;LVBJ26;24050381086;ADJUDICADO;GENERICO;NO;TRANSFERIDO;LEASING DEL PACIFICO SPA ;LEASING DEL PACIFICO SPA;LEASING;;;1;;1;;;;;;;;;;04-10-2024;07-10-2024;;;;29-10-2024
45561-LGDX34;1315;26-09-2024;11;LGDX34;83290010913;ANULACION;GENERICO;NO;NO APLICA;LEASING DEL PACIFICO SPA ;LEASING DEL PACIFICO SPA;LEASING;;;;;1;;;;;;;;;;04-10-2024;07-10-2024;;24-10-2024;;
45561-KYZR97;1315;26-09-2024;12;KYZR97;24050382134;ADJUDICADO;GENERICO;NO;TRANSFERIDO;LEASING DEL PACIFICO SPA ;LEASING DEL PACIFICO SPA;LEASING;;;1;;1;;;;;;;;;;04-10-2024;07-10-2024;;;;29-10-2024
45561-PYCY56;1315;26-09-2024;13;PYCY56;8322015228;ADJUDICADO;GENERICO;NO;TRANSFERIDO;SANTANDER CONSUMER FINANCE LIMITADA  ;SANTANDER CONSUMER;BFE;;;1;;1;;;;;;;;;;07-10-2024;28-11-2024;SM;29-10-2024;26-11-2024;20-12-2024
45561-SGWH71;1315;26-09-2024;14;SGWH71;24050382688;ADJUDICADO;GENERICO;NO;TRANSFERIDO;SANTANDER CONSUMER FINANCE LIMITADA  ;SANTANDER CONSUMER;BFE;;;1;;1;;;;;;;;;;07-10-2024;28-11-2024;SM;29-10-2024;26-11-2024;20-12-2024
45561-SJXX60;1315;26-09-2024;15;SJXX60;83220106369;ADJUDICADO;GENERICO;NO;TRANSFERIDO;SANTANDER CONSUMER FINANCE LIMITADA  ;SANTANDER CONSUMER;BFE;;;1;;1;;;;;;;;;;07-10-2024;28-11-2024;SM;29-10-2024;26-11-2024;20-12-2024
45561-RHLY53;1315;26-09-2024;16;RHLY53;83220152504;ADJUDICADO;LIQ;NO;TRANSFERIDO;Liquidacion concursal;LIQUIDACION;LIQUIDACIONES;;;1;;1;;;;;;;;;;17-09-2025;22-09-2025;;;;11-10-2025
45561-RVVV39;1315;26-09-2024;17;RVVV39;83220106336;ADJUDICADO;GENERICO;NO;TRANSFERIDO;SANTANDER CONSUMER FINANCE LIMITADA  ;SANTANDER CONSUMER;BFE;;;1;;1;;;;;;;;;;07-10-2024;09-10-2024;SM;;;29-10-2024
45561-PSSY52;1315;26-09-2024;18;PSSY52;24050382795;ADJUDICADO;LIQ;NO;TRANSFERIDO;Liquidacion Concursal;LIQUIDACION;LIQUIDACIONES;;;1;;1;;;;;;;;;;07-04-2026;08-04-2026;08-11-2024;;;13-05-2026
45561-GHFV74;1315;26-09-2024;19;GHFV74;;DESISTIMIENTO;GENERICO;NO;NO APLICA;MÓNICA ANDREA CANALES JUAN  ;PARTICULAR;PARTICULARES;;;;;;;;;;;;;;;;;;;;
45561-DYGK57;1315;26-09-2024;20;DYGK57;83220022707;ADJUDICADO;LIQ;NO;TRANSFERIDO;Liquidacion concursal;LIQUIDACION;LIQUIDACIONES;;;1;;1;;;;;;;;;;24-02-2025;;;;;20-03-2025
45561-FDYJ19;1315;26-09-2024;21;FDYJ19;83220152520;ADJUDICADO;LIQ;NO;TRANSFERIDO;Liquidacion Concursal;LIQUIDACION;LIQUIDACIONES;;;1;;1;;;;;;;;;;18-10-2024;22-01-2024;;;;16-02-2024
45561-STLW60;1315;26-09-2024;22;STLW60;;ADJUDICADO;DERIVACION;NO;TRANSFERIDO;SOCIEDAD COMERCIAL SANCHEZ Y SANCHEZ  ;Pompeyo Carrasco Automóviles SPA  ;AUTOMOTORAS;;;1;;1;;;;;;;;;;17-12-2024;18-12-2024;;;;10-01-2025
45561-KZBX34;1315;26-09-2024;23;KZBX34;24050381250;ADJUDICADO;GENERICO;NO;TRANSFERIDO;LEASING DEL PACIFICO SPA ;LEASING DEL PACIFICO SPA;LEASING;;;1;;1;;;;;;;;;;04-10-2024;25-10-2024;SM;;;18-11-2024
45561-KBPB59;1315;26-09-2024;24;KBPB59;24050382092;ADJUDICADO;GENERICO;NO;TRANSFERIDO;LEASING DEL PACIFICO SPA ;LEASING DEL PACIFICO SPA;LEASING;;;1;;1;;;;;;;;;;04-10-2024;07-10-2024;SM;;;29-10-2024
45561-LCWR19;1315;26-09-2024;25;LCWR19;24050381110;ADJUDICADO;GENERICO;NO;TRANSFERIDO;LEASING DEL PACIFICO SPA ;LEASING DEL PACIFICO SPA;LEASING;;;1;;1;;;;;;;;;;04-10-2024;07-10-2024;SM;;;29-10-2024
45561-JKRT74;1315;26-09-2024;26;JKRT74;24050382027;ADJUDICADO;GENERICO;NO;TRANSFERIDO;LEASING DEL PACIFICO SPA ;LEASING DEL PACIFICO SPA;LEASING;;;1;;1;;;;;;;;;;04-10-2024;07-10-2024;SM;;;29-10-2024
45561-LGDX36;1315;26-09-2024;27;LGDX36;83290090915;ADJUDICADO;GENERICO;NO;TRANSFERIDO;LEASING DEL PACIFICO SPA ;LEASING DEL PACIFICO SPA;LEASING;;;1;;1;;;;;;;;;;04-10-2024;07-10-2024;SM;;;29-10-2024
45561-KJLL42;1315;26-09-2024;28;KJLL42;24050382381;ADJUDICADO;GENERICO;NO;TRANSFERIDO;LEASING DEL PACIFICO SPA ;LEASING DEL PACIFICO SPA;LEASING;;;1;;1;;;;;;;;;;04-10-2024;16-01-2025;SM;12-11-2024;15-01-2025;10-02-2025
45561-LGCW86;1315;26-09-2024;29;LGCW86;83330021391;ADJUDICADO;GENERICO;NO;TRANSFERIDO;LEASING DEL PACIFICO SPA ;LEASING DEL PACIFICO SPA;LEASING;;;1;;1;;;;;;;;;;04-10-2024;07-10-2024;SM;;;29-10-2024
45561-KRRF80;1315;26-09-2024;30;KRRF80;83290090345;ADJUDICADO;GENERICO;NO;TRANSFERIDO;LEASING DEL PACIFICO SPA ;LEASING DEL PACIFICO SPA;LEASING;;;1;;1;;;;;;;;;;04-10-2024;07-10-2024;SM;;;29-10-2024
45568-LKRT19;1316;03-10-2024;1;LKRT19;24050439702;ADJUDICADO;MERA;NO;TRANSFERIDO;SCOTIABANK CHILE  ;LEASING DEL PACIFICO SPA;LEASING;;;1;;09-oct;09-oct;07-10-2024;18-11-2024;19-11-2024;25-11-2024;26-11-2024;26-11-2024;;;28-11-2024;05-12-2024;;;;08-01-2025
45568-PPPK96;1316;03-10-2024;2;PPPK96;24050460831;ADJUDICADO;GENERICO;NO;TRANSFERIDO;ITAU CORPBANCA  ;SERVICIOS SALFA LTDA. ;LEASING;;;1;;1;;;;;;;;;;13-01-2025;20-01-2025;SM;;;11-02-2025
45568-RFGW26;1316;03-10-2024;3;RFGW26;24050459130;ADJUDICADO;GENERICO;NO;TRANSFERIDO;BIONET S.A.  ;BIONET S.A.  ;BFE;;;1;;08-oct;;;;;;;;;;04-12-2024;09-01-2025;SM;26-12-2025;08-01-2025;01-02-2025
45568-LVHV35;1316;03-10-2024;4;LVHV35;;ADJUDICADO;DERIVACION;NO;TRANSFERIDO;JOSÉ LUIS MATAMALA VARGAS  ;Pompeyo Carrasco Automóviles SPA  ;AUTOMOTORAS;;;1;;11-oct;;;;;;;;;;06-03-2025;10-03-2025;;;;01-04-2025
45568-KWHC76;1316;03-10-2024;5;KWHC76;;ADJUDICADO;DERIVACION;NO;TRANSFERIDO;RODRIGO ANDRÉS ARÉVALO CASTRO  ;Pompeyo Carrasco Automóviles SPA  ;AUTOMOTORAS;;;1;;11-oct;;;;;;;;;;03-12-2024;10-12-2024;;;;31-12-2024
45568-LFLP26;1316;03-10-2024;6;LFLP26;;ADJUDICADO;DERIVACION;NO;TRANSFERIDO;LUIS ALBERTO VÁSQUEZ JARA  ;Pompeyo Carrasco Automóviles SPA  ;AUTOMOTORAS;;;1;;11-oct;;;;;;;;;;28-02-2025;03-03-2025;;;;25-03-2025
45568-JDTG33;1316;03-10-2024;7;JDTG33;;ADJUDICADO;DERIVACION;NO;TRANSFERIDO;FRANCIA ISABEL MUÑOZ TIGRE  ;Pompeyo Carrasco Automóviles SPA  ;AUTOMOTORAS;;;1;;11-oct;;;;11-02-2025;;;;;;11-02-2025;12-02-2025;;;;12-03-2025
45568-SWLV37;1316;03-10-2024;8;SWLV37;8322015227;ADJUDICADO;GENERICO;NO;TRANSFERIDO;SANTANDER CONSUMER FINANCE LIMITADA  ;SANTANDER CONSUMER;BFE;;;1;;11-oct;;;;;;01-01-1900;01-01-1900;;;11-10-2024;14-10-2024;SM;;;07-11-2024
45568-RWFX63;1316;03-10-2024;9;RWFX63;83330051752;ANULACION;GENERICO;NO;NO APLICA;SANTANDER CONSUMER FINANCE LIMITADA  ;SANTANDER CONSUMER;BFE;;;;;;;;;;;;;;;;;;;;
45568-PPVZ55;1316;03-10-2024;10;PPVZ55;24050459965;ADJUDICADO;GENERICO;NO;TRANSFERIDO;SANTANDER CONSUMER FINANCE LIMITADA  ;SANTANDER CONSUMER;BFE;;;1;;11-oct;;;;;;01-01-1900;01-01-1900;;;11-10-2024;14-10-2024;SM;;;07-11-2024
45568-RCZZ81;1316;03-10-2024;11;RCZZ81;8322015225;ADJUDICADO;GENERICO;NO;TRANSFERIDO;SANTANDER CONSUMER FINANCE LIMITADA  ;SANTANDER CONSUMER;BFE;;;1;;11-oct;;;;;;01-01-1900;01-01-1900;;;11-10-2024;14-10-2024;SM;;;07-11-2024
45568-PKGS74;1316;03-10-2024;12;PKGS74;24050459569;ADJUDICADO;GENERICO;NO;TRANSFERIDO;SANTANDER CONSUMER FINANCE LIMITADA  ;SANTANDER CONSUMER;BFE;;;1;;11-oct;;;;;;01-01-1900;01-01-1900;;;11-10-2024;14-10-2024;SM;;;07-11-2024
45575-STWT77;1318;10-10-2024;1;STWT77;2405042410;ADJUDICADO;LIQ;NO;TRANSFERIDO;JHONDRY JOSÉ MATUTE ARTEAGA EN LIQUIDACIÓN  ;LIQUIDACION;LIQUIDACIONES;;;1;;15-oct;;;;;;;;;;03-02-2026;03-02-2026;17-04-2025;;;17-03-2026
45575-PCYS38;1318;10-10-2024;2;PCYS38;24050422740;ADJUDICADO;MERA;NO;TRANSFERIDO;BANCO BICE  ;LEASING DEL PACIFICO SPA;LEASING;;;1;;16-oct;16-oct;27-11-2024;05-12-2024;16-12-2024;19-12-2024;20-12-2024;20-12-2024;;;13-01-2025;24-01-2025;10-02-2025;;;18-02-2025
45575-LGPP59;1318;10-10-2024;3;LGPP59;2405042498;ADJUDICADO;MERA;NO;TRANSFERIDO;BANCO DE CHILE  ;LEASING DEL PACIFICO SPA;LEASING;;;1;;16-oct;16-oct;22-10-2024;11-11-2024;04-12-2024;16-12-2024;27-12-2024;27-12-2024;;;17-01-2025;20-01-2025;03-02-2025;;;12-02-2025
45575-KXVF75;1318;10-10-2024;4;KXVF75;2405042231;ADJUDICADO;MERA;NO;TRANSFERIDO;BANCO DE CHILE  ;LEASING DEL PACIFICO SPA;LEASING;;;1;;16-oct;16-oct;22-10-2024;11-11-2024;04-12-2024;16-12-2024;27-12-2024;27-12-2024;;;17-01-2025;20-01-2025;03-02-2025;;;12-02-2025
45575-RYLV64;1318;10-10-2024;5;RYLV64;24050332709;ANULACION;MERA;NO;NO APLICA;SCOTIABANK CHILE  ;LEASING DEL PACIFICO SPA;LEASING;;;;;;;;;;;;;;;;;;;;
45575-RYBG91;1318;10-10-2024;6;RYBG91;;ADJUDICADO;MERA;NO;TRANSFERIDO;SCOTIABANK CHILE  ;LEASING DEL PACIFICO SPA;LEASING;;;1;;16-oct;16-oct;07-10-2024;18-11-2024;19-11-2024;25-11-2024;26-11-2024;26-11-2024;;;28-11-2024;05-12-2024;;;;06-01-2025
45575-RYBG98;1318;10-10-2024;7;RYBG98;;ADJUDICADO;MERA;NO;TRANSFERIDO;SCOTIABANK CHILE  ;LEASING DEL PACIFICO SPA;LEASING;;;1;;16-oct;16-oct;07-10-2024;18-11-2024;19-11-2024;25-11-2024;26-11-2024;26-11-2024;;;28-11-2024;05-12-2024;;;;06-01-2025
45575-SFWD76;1318;10-10-2024;8;SFWD76;;ADJUDICADO;MERA;NO;TRANSFERIDO;BANCO DE CRÉDITO E INVERSIONES  ;LEASING DEL PACIFICO SPA;LEASING;;;1;;16-oct;16-oct;05-11-2024;28-11-2024;04-12-2024;16-12-2024;16-12-2024;18-12-2024;;;20-12-2024;24-12-2024;07-01-2025;;;15-01-2025
45575-PTTL77;1318;10-10-2024;9;PTTL77;24050417344;DESISTIMIENTO;GENERICO;NO;NO APLICA;LEASING DEL PACIFICO SPA ;LEASING DEL PACIFICO SPA;LEASING;;;;;;;;;;;;;;;;;;;;
45575-RDDH12;1318;10-10-2024;10;RDDH12;2405042007;ADJUDICADO;GENERICO;NO;TRANSFERIDO;LEASING DEL PACIFICO SPA ;LEASING DEL PACIFICO SPA;LEASING;;;1;;1;;;;;;;;;;18-10-2024;20-12-2024;SM;14-11-2024;19-12-2024;14-01-2025
45575-PTTL96;1318;10-10-2024;11;PTTL96;24050424498;ADJUDICADO;GENERICO;NO;TRANSFERIDO;LEASING DEL PACIFICO SPA ;LEASING DEL PACIFICO SPA;LEASING;;;1;;1;;;;;;;;;;18-10-2024;22-10-2024;SM;;;14-11-2024
45575-PCLG16;1318;10-10-2024;12;PCLG16;24050424407;ADJUDICADO;MERA;NO;TRANSFERIDO;BANCO SANTANDER CHILE  ;LEASING DEL PACIFICO SPA;LEASING;;;1;;18-oct;18-oct;22-10-2024;04-11-2024;04-12-2024;01-01-1900;04-12-2024;16-12-2024;;;17-12-2024;24-12-2025;07-01-2025;;;16-01-2025
45575-PCYF55;1318;10-10-2024;13;PCYF55;2405042432;ADJUDICADO;MERA;NO;TRANSFERIDO;BANCO BICE  ;LEASING DEL PACIFICO SPA;LEASING;;;1;;16-oct;16-oct;27-11-2024;05-12-2024;16-12-2024;19-12-2024;20-12-2024;20-12-2024;;;13-01-2025;14-01-2025;22-01-2025;;;06-02-2025
45575-LJSB54;1318;10-10-2024;14;LJSB54;24050424977;ADJUDICADO;GENERICO;NO;TRANSFERIDO;LEASING DEL PACIFICO SPA ;LEASING DEL PACIFICO SPA;LEASING;;;1;;1;;;;;;;;;;18-10-2024;22-10-2024;SM;;;14-11-2024
45575-PJRT31;1318;10-10-2024;15;PJRT31;2405041746;ADJUDICADO;MERA;NO;TRANSFERIDO;BANCO DE CHILE  ;LEASING DEL PACIFICO SPA;LEASING;;;1;;16-oct;16-oct;22-10-2024;11-11-2024;04-12-2024;16-12-2024;27-12-2024;27-12-2024;;;17-01-2025;20-01-2025;03-02-2025;;;12-02-2025
45575-PDZZ19;1318;10-10-2024;16;PDZZ19;2405042438;ADJUDICADO;MERA;NO;TRANSFERIDO;ITAU CORPBANCA  ;LEASING DEL PACIFICO SPA;LEASING;;;1;;16-oct;16-oct;30-10-2024;12-11-2024;13-11-2024;25-11-2024;26-11-2024;26-11-2024;;;28-11-2024;05-12-2024;10-12-2025;;;09-01-2025
45575-PDZZ98;1318;10-10-2024;17;PDZZ98;2405042206;ADJUDICADO;MERA;NO;TRANSFERIDO;ITAU CORPBANCA  ;LEASING DEL PACIFICO SPA;LEASING;;;1;;16-oct;16-oct;30-10-2024;12-11-2024;13-11-2024;25-11-2024;26-11-2024;26-11-2024;;;28-11-2024;05-12-2024;10-12-2025;;;09-01-2025
45575-LCWP75;1318;10-10-2024;18;LCWP75;2405042480;ADJUDICADO;GENERICO;NO;TRANSFERIDO;LEASING DEL PACIFICO SPA ;LEASING DEL PACIFICO SPA;LEASING;;;1;;1;;;;;;;;;;18-10-2024;22-10-2024;SM;;;14-11-2024
45575-LCWP80;1318;10-10-2024;19;LCWP80;24050417625;ADJUDICADO;GENERICO;NO;TRANSFERIDO;LEASING DEL PACIFICO SPA ;LEASING DEL PACIFICO SPA;LEASING;;;1;;1;;;;;;;;;;18-10-2024;22-10-2024;SM;;;14-11-2024
45575-PGBW89;1318;10-10-2024;20;PGBW89;24050424175;ADJUDICADO;GENERICO;NO;TRANSFERIDO;LEASING DEL PACIFICO SPA ;LEASING DEL PACIFICO SPA;LEASING;;;1;;1;;;;;;;;;;18-10-2024;22-10-2024;SM;;;14-11-2024
45575-KYZP12;1318;10-10-2024;21;KYZP12;24050424779;ADJUDICADO;GENERICO;NO;TRANSFERIDO;LEASING DEL PACIFICO SPA ;LEASING DEL PACIFICO SPA;LEASING;;;1;;16-oct;;;;;;;;;;18-10-2024;22-10-2024;SM;;;14-11-2024
45575-KVTX12;1318;10-10-2024;22;KVTX12;24050417054;ADJUDICADO;MERA;NO;TRANSFERIDO;BANCO BICE  ;LEASING DEL PACIFICO SPA;LEASING;;;1;;16-oct;16-oct;27-11-2024;05-12-2024;16-12-2024;19-12-2024;20-12-2024;20-12-2024;;;13-01-2025;14-01-2025;22-01-2025;;;06-02-2025
45575-JGWS48;1318;10-10-2024;23;JGWS48;24050422229;ADJUDICADO;MERA;NO;TRANSFERIDO;BANCO DE CHILE  ;LEASING DEL PACIFICO SPA;LEASING;;;1;;16-oct;16-oct;22-10-2024;11-11-2024;04-12-2024;16-12-2024;27-12-2024;27-12-2024;;;17-01-2025;20-01-2025;03-02-2025;;;12-02-2025
45575-RKWH26;1318;10-10-2024;24;RKWH26;24050417815;ADJUDICADO;LIQ;NO;TRANSFERIDO;SUR PESTS SERVICIOS SPA  ;LIQUIDACION;LIQUIDACIONES;;;1;;15-oct;;;;;;;;;;20-01-2026;20-01-2026;13-11-2024;;;21-02-2026
45575-UY4709;1318;10-10-2024;25;UY4709;24050420454;ADJUDICADO;LIQ;NO;TRANSFERIDO;CARLOS PATRICIO JIMÉNEZ VILLALOBOS EN LIQUIDACIÓN  ;LIQUIDACION;LIQUIDACIONES;;;1;;01-ene;;;;;;;;;;18-10-2024;22-01-2024;;;;16-02-2024
45575-DZXP88;1318;10-10-2024;26;DZXP88;24050417732;SIN POSTOR;LIQ;NO;NO APLICA;Liquidacion Concursal;LIQUIDACION;LIQUIDACIONES;;;;;;;;;;;;;;;;;;;;
45575-KRWG90;1318;10-10-2024;27;KRWG90;24050417393;SIN POSTOR;LIQ;NO;NO APLICA;CARLOS PATRICIO JIMÉNEZ VILLALOBOS EN LIQUIDACIÓN  ;LIQUIDACION;LIQUIDACIONES;;;;;;;;;;;;;;;;;;;;
45575-RVCZ41;1318;10-10-2024;28;RVCZ41;2405042402;SIN POSTOR;LIQ;NO;NO APLICA;Liquidacion Concursal;LIQUIDACION;LIQUIDACIONES;;;;;;;;;;;;;;;;;;;;
45582-PSVR28;1319;17-10-2024;1;PSVR28;24050381854;ADJUDICADO;MERA;NO;TRANSFERIDO;BANCO DE CHILE  ;First Rent a Car  ;LEASING;;;1;;1;1;29-11-2024;19-12-2024;24-12-2024;08-01-2025;15-01-2025;15-01-2025;;;17-01-2025;20-01-2025;03-02-2025;;;12-02-2025
45582-SBRF69;1319;17-10-2024;2;SBRF69;24050335801;ADJUDICADO;MERA;NO;TRANSFERIDO;BANCO DE CRÉDITO E INVERSIONES  ;LEASING DEL PACIFICO SPA;LEASING;;;1;;24-10-2024;24-10-2024;05-11-2024;28-11-2024;04-12-2024;16-12-2024;16-12-2024;18-12-2024;;;20-12-2024;24-12-2024;07-01-2025;;;15-01-2025
45582-SFWD81;1319;17-10-2024;3;SFWD81;24050325703;ADJUDICADO;MERA;NO;TRANSFERIDO;BANCO DE CRÉDITO E INVERSIONES  ;LEASING DEL PACIFICO SPA;LEASING;;;1;;24-10-2024;24-10-2024;05-11-2024;28-11-2024;04-12-2024;16-12-2024;16-12-2024;18-12-2024;;;20-12-2024;24-12-2024;07-01-2025;;;15-01-2025
45582-SFWD58;1319;17-10-2024;4;SFWD58;24050326008;ADJUDICADO;MERA;NO;TRANSFERIDO;BANCO DE CRÉDITO E INVERSIONES  ;LEASING DEL PACIFICO SPA;LEASING;;;1;;24-10-2024;24-10-2024;05-11-2024;28-11-2024;04-12-2024;16-12-2024;16-12-2024;18-12-2024;;;20-12-2024;24-12-2024;07-01-2025;;;15-01-2025
45582-SFWD75;1319;17-10-2024;5;SFWD75;24050325661;ADJUDICADO;MERA;NO;TRANSFERIDO;BANCO DE CRÉDITO E INVERSIONES  ;LEASING DEL PACIFICO SPA;LEASING;;;1;;24-10-2024;24-10-2024;05-11-2024;28-11-2024;04-12-2024;16-12-2024;16-12-2024;18-12-2024;;;20-12-2024;24-12-2024;07-01-2025;;;15-01-2025
45582-PZLX40;1319;17-10-2024;6;PZLX40;24050335512;ADJUDICADO;GENERICO;NO;TRANSFERIDO;LEASING DEL PACIFICO SPA ;LEASING DEL PACIFICO SPA;LEASING;;;1;;24-10-2024;;;;;;;;;;11-11-2024;12-11-2024;SM;;;05-12-2024
45582-SCVZ75;1319;17-10-2024;7;SCVZ75;24050335975;ADJUDICADO;MERA;NO;TRANSFERIDO;SCOTIABANK CHILE  ;LEASING DEL PACIFICO SPA;LEASING;;;1;;24-10-2024;24-10-2024;07-11-2024;18-11-2024;19-11-2024;25-11-2024;26-11-2024;26-11-2024;;;28-11-2024;05-12-2024;;;;10-01-2025
45582-LGRB27;1319;17-10-2024;8;LGRB27;24050335470;ADJUDICADO;MERA;NO;TRANSFERIDO;BANCO BICE  ;LEASING DEL PACIFICO SPA;LEASING;;;1;;24-10-2024;24-10-2024;27-11-2024;05-12-2024;16-12-2024;19-12-2024;20-12-2024;20-12-2024;;;13-01-2025;14-01-2025;22-01-2025;;;06-02-2025
45582-LJCY96;1319;17-10-2024;9;LJCY96;24050335447;ADJUDICADO;MERA;NO;TRANSFERIDO;BANCO DE CHILE  ;LEASING DEL PACIFICO SPA;LEASING;;;1;;24-10-2024;24-10-2024;04-11-2024;11-11-2024;04-12-2024;16-12-2024;27-12-2024;27-12-2024;;;17-01-2025;20-01-2025;03-02-2025;;;12-02-2025
45582-LCLC76;1319;17-10-2024;10;LCLC76;24050335389;ADJUDICADO;MERA;NO;TRANSFERIDO;BANCO BICE  ;LEASING DEL PACIFICO SPA;LEASING;;;1;;24-10-2024;24-10-2024;27-11-2024;05-12-2024;16-12-2024;19-12-2024;20-12-2024;20-12-2024;;;13-01-2025;14-01-2025;22-01-2025;;;06-02-2025
45582-PYBY73;1319;17-10-2024;11;PYBY73;24050335272;ADJUDICADO;GENERICO;NO;TRANSFERIDO;LEASING DEL PACIFICO SPA ;LEASING DEL PACIFICO SPA;LEASING;;;1;;24-10-2024;;;;;;;;;;11-11-2024;12-11-2024;SM;;;05-12-2024
45582-LBWT67;1319;17-10-2024;12;LBWT67;24050335876;ADJUDICADO;GENERICO;NO;TRANSFERIDO;LEASING DEL PACIFICO SPA ;LEASING DEL PACIFICO SPA;LEASING;;;1;;24-10-2024;;;;;;;;;;11-11-2024;12-11-2024;SM;;;05-12-2024
45582-PCZJ50;1319;17-10-2024;13;PCZJ50;24050335280;ADJUDICADO;MERA;NO;TRANSFERIDO;BANCO SANTANDER CHILE  ;LEASING DEL PACIFICO SPA;LEASING;;;1;;24-10-2024;24-10-2024;29-11-2024;;11-12-2024;16-12-2024;16-12-2024;17-12-2024;;;20-12-2024;24-12-2024;07-01-2025;;;15-01-2025
45582-KLZW35;1319;17-10-2024;14;KLZW35;24050335116;ADJUDICADO;MERA;NO;TRANSFERIDO;BANCO BICE  ;LEASING DEL PACIFICO SPA;LEASING;;;1;;24-10-2024;24-10-2024;27-11-2024;05-12-2024;16-12-2024;19-12-2024;20-12-2024;20-12-2024;;;13-01-2025;14-01-2025;22-01-2025;;;06-02-2025
45582-KTCB50;1319;17-10-2024;15;KTCB50;24050335710;ADJUDICADO;MERA;NO;TRANSFERIDO;BANCO BICE  ;LEASING DEL PACIFICO SPA;LEASING;;;1;;24-10-2024;24-10-2024;27-11-2024;05-12-2024;16-12-2024;19-12-2024;20-12-2024;20-12-2024;;;13-01-2025;14-01-2025;22-01-2025;;;06-02-2025
45582-LJJJ27;1319;17-10-2024;16;LJJJ27;24050335306;ADJUDICADO;GENERICO;NO;TRANSFERIDO;LEASING DEL PACIFICO SPA ;LEASING DEL PACIFICO SPA;LEASING;;;1;;24-10-2024;;;;;;;;;;11-11-2024;12-11-2024;SM;;;05-12-2024
45582-LYBV80;1319;17-10-2024;17;LYBV80;24050335926;ADJUDICADO;MERA;NO;TRANSFERIDO;BANCO BICE  ;LEASING DEL PACIFICO SPA;LEASING;;;1;Pagado;19-dic;19-dic;19-12-2024;15-01-2025;15-01-2025;23-01-2025;23-01-2025;27-01-2025;;;28-01-2025;28-01-2025;10-02-2025;;;22-02-2025
45582-JSPV85;1319;17-10-2024;18;JSPV85;24050335231;ADJUDICADO;MERA;NO;TRANSFERIDO;BANCO DE CHILE  ;LEASING DEL PACIFICO SPA;LEASING;;;1;;24-10-2024;24-10-2024;04-11-2024;11-11-2024;04-12-2024;16-12-2024;27-12-2024;27-12-2024;;;17-01-2025;20-01-2025;03-02-2025;;;12-02-2025
45582-KGKY85;1319;17-10-2024;19;KGKY85;24050381425;ADJUDICADO;GENERICO;NO;TRANSFERIDO;SANTANDER CONSUMER FINANCE LIMITADA  ;SANTANDER CONSUMER;BFE;;;1;;1;;;;;;;;;;29-11-2024;03-12-2024;SM;;;27-12-2024
45582-DLJX23;1319;17-10-2024;20;DLJX23;;SIN POSTOR;GENERICO;NO;NO APLICA;TANDEM SA  ;TRANSPORTES PULLMAN BUS INTERNACIONAL  ;BFE;;;;;;;;;;;;;;;;;;;;
45582-BKVJ90;1319;17-10-2024;21;BKVJ90;;SIN POSTOR;GENERICO;NO;NO APLICA;TRANSPORTES COMETA SA  ;TRANSPORTES PULLMAN BUS INTERNACIONAL  ;BFE;;;;;;;;;;;;;;;;;;;;
45582-VE9818;1319;17-10-2024;22;VE9818;;SIN POSTOR;GENERICO;NO;NO APLICA;TRANSPORTES COMETA SA  ;TRANSPORTES PULLMAN BUS INTERNACIONAL  ;BFE;;;;;;;;;;;;;;;;;;;;
45582-WY2090;1319;17-10-2024;23;WY2090;;SIN POSTOR;GENERICO;NO;NO APLICA;TRANSPORTES COMETA SA  ;TRANSPORTES PULLMAN BUS INTERNACIONAL  ;BFE;;;;;;;;;;;;;;;;;;;;
45582-BDYH20;1319;17-10-2024;24;BDYH20;;SIN POSTOR;GENERICO;NO;NO APLICA;ESTRELLA DEL NORTE S.A.  ;TRANSPORTES PULLMAN BUS INTERNACIONAL  ;BFE;;;;;;;;;;;;;;;;;;;;
45582-BZXP10;1319;17-10-2024;25;BZXP10;;SIN POSTOR;GENERICO;NO;NO APLICA;ESTRELLA DEL SUR S.A.  ;TRANSPORTES PULLMAN BUS INTERNACIONAL  ;BFE;;;;;;;;;;;;;;;;;;;;
45582-CVFT49;1319;17-10-2024;26;CVFT49;;SIN POSTOR;GENERICO;NO;NO APLICA;TRANSPORTES PULLMAN BUS INTERNACIONAL  ;TRANSPORTES PULLMAN BUS INTERNACIONAL  ;BFE;;;;;;;;;;;;;;;;;;;;
45589-SVJF86;1322;24-10-2024;1;SVJF86;24050359843;ADJUDICADO;GENERICO;NO;TRANSFERIDO;LEASING DEL PACIFICO SPA ;LEASING DEL PACIFICO SPA;LEASING;;;05-nov;;05-nov;;;;;;;;;;27-11-2024;29-11-2024;SM;;;20-12-2024
45589-PGYS10;1322;24-10-2024;2;PGYS10;24050341585;ADJUDICADO;GENERICO;NO;TRANSFERIDO;SANTANDER CONSUMER FINANCE LIMITADA  ;SANTANDER CONSUMER;BFE;;;1;;1;;;;;;;;;;29-11-2024;03-12-2024;SM;;;27-12-2024
45589-RSPX93;1322;24-10-2024;3;RSPX93;82470410356;ADJUDICADO;MERA;NO;TRANSFERIDO;LA ESTRELLA LEASING LTDA  ;Karsharing spa  ;LEASING;;;1;;1;1;04-11-2024;20-11-2024;20-11-2024;20-12-2024;26-12-2024;27-12-2024;;;14-01-2025;14-01-2025;22-01-2025;;;06-02-2025
45589-RVBG28;1322;24-10-2024;4;RVBG28;24050359900;ADJUDICADO;MERA;NO;TRANSFERIDO;SCOTIABANK CHILE  ;LEASING DEL PACIFICO SPA;LEASING;;;05-nov;;1;1;28-11-2024;;04-12-2024;16-12-2024;16-12-2024;17-12-2024;;;30-12-2024;31-12-2024;09-01-2025;;;22-01-2025
45589-SCBJ57;1322;24-10-2024;5;SCBJ57;24050341338;ADJUDICADO;MERA;NO;TRANSFERIDO;BANCO DE CRÉDITO E INVERSIONES  ;LEASING DEL PACIFICO SPA;LEASING;;;05-nov;;05-nov;05-nov;05-11-2024;28-11-2024;04-12-2024;16-12-2024;16-12-2024;18-12-2024;;;20-12-2024;24-12-2024;07-01-2025;;;15-01-2025
45589-SCPB90;1322;24-10-2024;6;SCPB90;24050332386;ADJUDICADO;MERA;NO;TRANSFERIDO;BANCO DE CRÉDITO E INVERSIONES  ;LEASING DEL PACIFICO SPA;LEASING;;;05-nov;;05-nov;05-nov;05-11-2024;28-11-2024;04-12-2024;16-12-2024;16-12-2024;18-12-2024;;;20-12-2024;02-01-2025;07-01-2025;;;23-01-2025
45589-PCYC96;1322;24-10-2024;7;PCYC96;24050332618;ADJUDICADO;GENERICO;NO;TRANSFERIDO;LEASING DEL PACIFICO SPA ;LEASING DEL PACIFICO SPA;LEASING;;;05-nov;;05-nov;;;;;;;;;;27-11-2024;29-11-2024;SM;;;20-12-2024
45589-PZGR12;1322;24-10-2024;8;PZGR12;24050359959;ADJUDICADO;GENERICO;NO;TRANSFERIDO;LEASING DEL PACIFICO SPA ;LEASING DEL PACIFICO SPA;LEASING;;;05-nov;;05-nov;;;;;;;;;;27-11-2024;29-11-2024;SM;;;20-12-2024
45589-RVHK61;1322;24-10-2024;9;RVHK61;24050332907;ADJUDICADO;MERA;NO;TRANSFERIDO;SCOTIABANK CHILE  ;LEASING DEL PACIFICO SPA;LEASING;;;05-nov;;1;1;28-11-2024;;04-12-2024;16-12-2024;16-12-2024;17-12-2024;;;30-12-2024;07-01-2025;22-01-2025;;;05-02-2025
45589-RCWS75;1322;24-10-2024;10;RCWS75;24050456441;ADJUDICADO;MERA;NO;TRANSFERIDO;KARSHARING SPA  ;Karsharing spa  ;LEASING;;;1;;1;;;;;;;;;;14-01-2025;14-02-2025;;11-02-2025;12-02-2025;05-03-2025
45589-RYLV64;1322;24-10-2024;11;RYLV64;24050332709;DESISTIMIENTO;MERA;NO;NO APLICA;SCOTIABANK CHILE  ;LEASING DEL PACIFICO SPA;LEASING;;;;;;;;;;;;;;;;;;;;
45589-SFWD80;1322;24-10-2024;12;SFWD80;24050341148;ADJUDICADO;MERA;NO;TRANSFERIDO;BANCO DE CRÉDITO E INVERSIONES  ;LEASING DEL PACIFICO SPA;LEASING;;;05-nov;;05-nov;05-nov;05-11-2024;28-11-2024;04-12-2024;16-12-2024;16-12-2024;18-12-2024;;;20-12-2024;24-12-2024;07-01-2025;;;15-01-2025
45589-SFWD50;1322;24-10-2024;13;SFWD50;24050359058;ADJUDICADO;MERA;NO;TRANSFERIDO;BANCO DE CRÉDITO E INVERSIONES  ;LEASING DEL PACIFICO SPA;LEASING;;;05-nov;;05-nov;05-nov;05-11-2024;28-11-2024;04-12-2024;16-12-2024;16-12-2024;18-12-2024;;;20-12-2024;24-12-2024;07-01-2025;;;15-01-2025
45589-PCYF20;1322;24-10-2024;14;PCYF20;24050341551;ADJUDICADO;MERA;NO;TRANSFERIDO;BANCO BICE  ;LEASING DEL PACIFICO SPA;LEASING;;;1;;05-nov;05-nov;27-11-2024;05-12-2024;16-12-2024;19-12-2024;20-12-2024;20-12-2024;;;13-01-2025;14-01-2025;22-01-2025;;;06-02-2025
45589-LJSB60;1322;24-10-2024;15;LJSB60;24050332139;ADJUDICADO;GENERICO;NO;TRANSFERIDO;LEASING DEL PACIFICO SPA ;LEASING DEL PACIFICO SPA;LEASING;;;05-nov;;05-nov;;;;;;;;;;27-11-2024;29-11-2024;SM;;;20-12-2024
45589-RDDH13;1322;24-10-2024;16;RDDH13;24050359249;ADJUDICADO;GENERICO;NO;TRANSFERIDO;LEASING DEL PACIFICO SPA ;LEASING DEL PACIFICO SPA;LEASING;;;05-nov;;05-nov;;;;;;;;;;27-11-2024;29-11-2024;SM;;;20-12-2024
45589-KYSH81;1322;24-10-2024;17;KYSH81;24050341452;ANULACION;MERA;NO;NO APLICA;BANCO BICE  ;LEASING DEL PACIFICO SPA;LEASING;;;;;;;;;;;;;;;;;;;;
45589-LCWP65;1322;24-10-2024;18;LCWP65;24050341478;ADJUDICADO;GENERICO;NO;TRANSFERIDO;LEASING DEL PACIFICO SPA ;LEASING DEL PACIFICO SPA;LEASING;;;05-nov;;05-nov;;;;;;;;;;27-11-2024;29-11-2024;SM;;;20-12-2024
45589-JYZG85;1322;24-10-2024;19;JYZG85;24050359363;ADJUDICADO;MERA;NO;TRANSFERIDO;SCOTIABANK CHILE  ;LEASING DEL PACIFICO SPA;LEASING;;;05-nov;;1;1;28-11-2024;;04-12-2024;16-12-2024;16-12-2024;17-12-2024;;;30-12-2024;31-12-2024;09-01-2025;;;22-01-2025
45589-SBRF61;1322;24-10-2024;20;SBRF61;24050332899;ADJUDICADO;MERA;NO;TRANSFERIDO;BANCO DE CRÉDITO E INVERSIONES  ;LEASING DEL PACIFICO SPA;LEASING;;;05-nov;;05-nov;05-nov;05-11-2024;28-11-2024;04-12-2024;16-12-2024;16-12-2024;18-12-2024;;;20-12-2024;24-12-2024;07-01-2025;;;15-01-2025
45589-PTJB87;1322;24-10-2024;21;PTJB87;24050359637;ADJUDICADO;MERA;NO;TRANSFERIDO;BANCO DE CRÉDITO E INVERSIONES  ;LEASING DEL PACIFICO SPA;LEASING;;;05-nov;;05-nov;05-nov;05-11-2024;28-11-2024;04-12-2024;16-12-2024;16-12-2024;18-12-2024;;;20-12-2024;24-12-2024;07-01-2025;;;15-01-2025
45589-SHRD55;1322;24-10-2024;22;SHRD55;82420144857;ADJUDICADO;GENERICO;NO;TRANSFERIDO;SANTANDER CONSUMER FINANCE LIMITADA  ;SANTANDER CONSUMER;BFE;;;1;;1;;;;;;;;;;29-11-2024;03-12-2024;SM;;;27-12-2024
45589-JXPR69;1322;24-10-2024;23;JXPR69;24050341544;ADJUDICADO;GENERICO;NO;TRANSFERIDO;LEASING DEL PACIFICO SPA ;LEASING DEL PACIFICO SPA;LEASING;;;05-nov;;05-nov;;;;;;;;;;27-11-2024;29-11-2024;SM;;;20-12-2024
45589-KJBZ69;1322;24-10-2024;24;KJBZ69;24050341643;ADJUDICADO;GENERICO;NO;TRANSFERIDO;LEASING DEL PACIFICO SPA ;LEASING DEL PACIFICO SPA;LEASING;;;05-nov;;05-nov;;;;;;;;;;27-11-2024;29-11-2024;SM;;;20-12-2024
45589-RHBB97;1322;24-10-2024;25;RHBB97;24050341528;ADJUDICADO;MERA;NO;TRANSFERIDO;BANCO DE CRÉDITO E INVERSIONES  ;LEASING DEL PACIFICO SPA;LEASING;;;05-nov;;05-nov;05-nov;05-11-2024;28-11-2024;04-12-2024;16-12-2024;16-12-2024;18-12-2024;;;20-12-2024;24-12-2024;07-01-2025;;;15-01-2025
45589-SPZB67;1322;24-10-2024;26;SPZB67;24050332931;ADJUDICADO;GENERICO;NO;TRANSFERIDO;TANNER SERVICIOS FINANCIEROS S.A  ;Tanner Servicios Financieros S.A  ;BFE;;;05-nov;;05-nov;;;;;;;;;;10-12-2024;12-12-2024;SM;;;05-01-2025
45589-RKRW68;1322;24-10-2024;27;RKRW68;24050359306;ADJUDICADO;GENERICO;NO;TRANSFERIDO;SANTANDER CONSUMER FINANCE LIMITADA  ;SANTANDER CONSUMER;BFE;;;1;;1;;;;;;;;;;29-11-2024;03-12-2024;SM;;;27-12-2024
45589-RVCZ41;1322;24-10-2024;28;RVCZ41;2405042402;ADJUDICADO;LIQ;NO;SOLICITUD DE TRANSFERENCIA;LIQUIDACION CONCURSAL;LIQUIDACION;LIQUIDACIONES;[28/07] UNIDAD RECHAZADA VENDEDOR CON DEUDA DE PENSION DE ALIMENTOS VIGENTE;28-07-2026;1;;1;;;;;;;;;;15-09-2025;16-09-2025;;01-11-2025;;
45589-KRWG90;1322;24-10-2024;29;KRWG90;24050417393;ADJUDICADO;LIQ;NO;TRANSFERIDO;CARLOS PATRICIO JIMÉNEZ VILLALOBOS EN LIQUIDACIÓN  ;LIQUIDACION;LIQUIDACIONES;;;1;;1;;;;;;;;;;17-12-2024;23-12-2024;SM;;;16-01-2025
45589-PJZZ20;1322;24-10-2024;30;PJZZ20;83330051729;ADJUDICADO;GENERICO;NO;TRANSFERIDO;SANTANDER CONSUMER FINANCE LIMITADA  ;SANTANDER CONSUMER;BFE;;;1;;1;;;;;;;;;;29-11-2024;03-12-2024;SM;;;27-12-2024
45589-LTCW84;1322;24-10-2024;31;LTCW84;24050382290;ADJUDICADO;GENERICO;NO;TRANSFERIDO;SANTANDER CONSUMER FINANCE LIMITADA  ;SANTANDER CONSUMER;BFE;;;1;;1;;;;;;;;;;29-11-2024;03-12-2024;SM;;;27-12-2024
45589-RDZC81;1322;24-10-2024;32;RDZC81;24050341924;ADJUDICADO;LIQ;NO;TRANSFERIDO;Liquidacion Concursal;LIQUIDACION;LIQUIDACIONES;;;1;;1;;;;;;;;;;15-09-2025;16-09-2025;;;;09-10-2025
45589-CSCS41;1322;24-10-2024;33;CSCS41;24050424027;ADJUDICADO;LIQ;NO;TRANSFERIDO;Liquidacion Concursal;LIQUIDACION;LIQUIDACIONES;;;1;;1;;;;;;;;;;17-12-2024;23-12-2024;SM;;;16-01-2025
45589-LTZ089;1322;24-10-2024;34;LTZ089;81160194536;ADJUDICADO;LIQ;NO;SOLICITUD DE TRANSFERENCIA;JONATHAN ANDRÉS PINO TAPIA  ;LIQUIDACION;LIQUIDACIONES;;;1;;1;;;;;;;;;;07-07-2026;09-07-2026;24-12-2024;;;
45589-LVCT37;1322;24-10-2024;35;LVCT37;24050456508;SIN POSTOR;LIQ;NO;NO APLICA;JONATHAN ANDRÉS PINO TAPIA  ;LIQUIDACION;LIQUIDACIONES;;;;;;;;;;;;;;;;;;;;
45603-KGBH77;1323;07-11-2024;1;KGBH77;24050382571;ADJUDICADO;GENERICO;NO;TRANSFERIDO;SANTANDER CONSUMER FINANCE LIMITADA  ;SANTANDER CONSUMER;BFE;;;1;;;;;;;;;;;;29-11-2024;03-12-2024;SM;;;27-12-2024
45603-SHYJ73;1323;07-11-2024;2;SHYJ73;;ADJUDICADO;DERIVACION;NO;TRANSFERIDO;CÉSAR EDUARDO RAMÍREZ RABANALES  ;Pompeyo Carrasco Automóviles SPA  ;AUTOMOTORAS;;;13-nov;;18-nov;;;;;;;;;;21-01-2025;22-01-2025;;;;15-02-2025
45603-LLXX45;1323;07-11-2024;3;LLXX45;82140668060;ADJUDICADO;GENERICO;NO;TRANSFERIDO;SANTANDER CONSUMER FINANCE LIMITADA  ;SANTANDER CONSUMER;BFE;;;1;;;;;;;;;;;;29-11-2024;03-12-2024;SM;;;27-12-2024
45603-RYKR44;1323;07-11-2024;4;RYKR44;83220022681;ADJUDICADO;LIQ;NO;TRANSFERIDO;Liquidacion concursal;LIQUIDACION;LIQUIDACIONES;;;13-nov;13-11-2024;;;;;;;;;;;20-01-2026;20-01-2026;;;;21-02-2026
45603-LGSS12;1323;07-11-2024;5;LGSS12;;ADJUDICADO;DERIVACION;NO;TRANSFERIDO;LUIS ERNESTO LEOPOLDO MATURANA  ;Pompeyo Carrasco Automóviles SPA  ;AUTOMOTORAS;;;13-nov;;18-nov;;;;;;;;;;09-01-2025;10-01-2025;;;;04-02-2025
45603-SHRH37;1323;07-11-2024;6;SHRH37;82210255178;ADJUDICADO;GENERICO;NO;TRANSFERIDO;SANTANDER CONSUMER FINANCE LIMITADA  ;SANTANDER CONSUMER;BFE;;;1;;;;;;;;;;;;29-11-2024;03-12-2024;SM;;;27-12-2024
45603-HYGP56;1323;07-11-2024;7;HYGP56;24050371327;DESISTIMIENTO;GENERICO;NO;NO APLICA;SANTANDER CONSUMER FINANCE LIMITADA  ;SANTANDER CONSUMER;BFE;;;;;;;;;;;;;;;;;;;;
45603-KKSW64;1323;07-11-2024;8;KKSW64;82100466273;ADJUDICADO;GENERICO;NO;TRANSFERIDO;LEASING DEL PACIFICO SPA ;First Rent a Car  ;LEASING;;;1;;1;;;;;;;;;;27-11-2024;29-11-2024;SM;;;20-12-2024
45603-PPBF11;1323;07-11-2024;9;PPBF11;80020161651;ADJUDICADO;MERA;NO;TRANSFERIDO;BANCO BICE  ;First Rent a Car  ;LEASING;;;1;Pagado;;;27-11-2024;05-12-2024;16-12-2024;19-12-2024;20-12-2024;20-12-2024;;;13-01-2025;14-01-2025;22-01-2025;;;06-02-2025
45603-PTTL77;1323;07-11-2024;10;PTTL77;83290078720;ADJUDICADO;GENERICO;NO;TRANSFERIDO;LEASING DEL PACIFICO SPA ;LEASING DEL PACIFICO SPA;LEASING;;;1;;1;;;;;;;;;;27-11-2024;29-11-2024;SM;;;20-12-2024
45603-KXBS50;1323;07-11-2024;11;KXBS50;83450082579;ANULACION;MERA;NO;NO APLICA;SCOTIABANK CHILE  ;LEASING DEL PACIFICO SPA;LEASING;;;;;;;;;;;;;;;;;;;;
45603-PFZH87;1323;07-11-2024;12;PFZH87;56360127650;ADJUDICADO;GENERICO;NO;TRANSFERIDO;LEASING DEL PACIFICO SPA ;First Rent a Car  ;LEASING;;;1;;1;;;;;;;;;;27-11-2024;29-11-2024;SM;;;20-12-2024
45603-LGCX18;1323;07-11-2024;13;LGCX18;83290010863;ANULACION;GENERICO;NO;NO APLICA;LEASING DEL PACIFICO SPA ;First Rent a Car  ;LEASING;;;;;;;;;;;;;;;;;;;;
45603-LGFL35;1323;07-11-2024;14;LGFL35;82220310617;ANULACION;GENERICO;NO;NO APLICA;LEASING DEL PACIFICO SPA ;LEASING DEL PACIFICO SPA;LEASING;;;;;;;;;;;;;;;;;;;;
45603-KXRT14;1323;07-11-2024;15;KXRT14;79110084104;ADJUDICADO;GENERICO;NO;TRANSFERIDO;LEASING DEL PACIFICO SPA ;First Rent a Car  ;LEASING;;;1;;1;;;;;;;;;;27-11-2024;29-11-2024;SM;;;20-12-2024
45603-LGDX61;1323;07-11-2024;16;LGDX61;;ANULACION;GENERICO;NO;NO APLICA;LEASING DEL PACIFICO SPA ;First Rent a Car  ;LEASING;;;;;;;;;;;;;;;;;;;;
45603-JXPV72;1323;07-11-2024;17;JXPV72;82220296329;ADJUDICADO;GENERICO;NO;TRANSFERIDO;LEASING DEL PACIFICO SPA ;First Rent a Car  ;LEASING;;;1;;1;;;;;;;;;;27-11-2024;29-11-2024;SM;;;20-12-2024
45603-PBCZ41;1323;07-11-2024;18;PBCZ41;82160685929;ADJUDICADO;MERA;NO;TRANSFERIDO;BANCO BICE  ;LEASING DEL PACIFICO SPA;LEASING;;;1;;20-11-2024;20-11-2024;27-11-2024;05-12-2024;16-12-2024;19-12-2024;20-12-2024;20-12-2024;;;13-01-2025;14-01-2025;22-01-2025;;;06-02-2025
45603-LSVP66;1323;07-11-2024;19;LSVP66;82160447650;ADJUDICADO;MERA;NO;TRANSFERIDO;SCOTIABANK CHILE  ;LEASING DEL PACIFICO SPA;LEASING;;;1;;20-11-2024;20-11-2024;28-11-2024;02-12-2024;04-12-2024;16-12-2024;16-12-2024;17-12-2024;;;30-12-2024;31-12-2024;09-01-2025;;;23-01-2025
45603-PBCZ47;1323;07-11-2024;20;PBCZ47;82030291395;ADJUDICADO;MERA;NO;TRANSFERIDO;BANCO BICE  ;LEASING DEL PACIFICO SPA;LEASING;;;1;;20-11-2024;20-11-2024;27-11-2024;05-12-2024;16-12-2024;19-12-2024;20-12-2024;20-12-2024;;;13-01-2025;14-01-2025;22-01-2025;;;06-02-2025
45603-RCVZ45;1323;07-11-2024;21;RCVZ45;82160644504;ADJUDICADO;GENERICO;NO;TRANSFERIDO;SANTANDER CONSUMER FINANCE LIMITADA  ;SANTANDER CONSUMER;BFE;;;1;;;;;;;;;;;;29-11-2024;03-12-2024;SM;;;27-12-2024
45603-RJFB72;1323;07-11-2024;22;RJFB72;81160001640;ADJUDICADO;GENERICO;NO;TRANSFERIDO;SANTANDER CONSUMER FINANCE LIMITADA  ;SANTANDER CONSUMER;BFE;;;1;;;;;;;;;;;;29-11-2024;03-12-2024;SM;;;27-12-2024
45603-HFDZ15;1323;07-11-2024;23;HFDZ15;24050371087;ADJUDICADO;GENERICO;NO;TRANSFERIDO;SANTANDER CONSUMER FINANCE LIMITADA  ;SANTANDER CONSUMER;BFE;;;1;;;;;;;;;;;;29-11-2024;03-12-2024;SM;;;27-12-2024
45603-SRC012;1323;07-11-2024;24;SRC012;81160194270;ADJUDICADO;LIQ;NO;TRANSFERIDO;DAYANA VANESSA SILVA FUENTES  ;LIQUIDACION;LIQUIDACIONES;;;;;;;;;;;;;;;07-11-2025;11-11-2025;;;;15-12-2025
45603-JYKR82;1323;07-11-2024;25;JYKR82;;ADJUDICADO;GENERICO;NO;TRANSFERIDO;SOC. CONCESIONARIA VESPUCIO NORTE EXPRESS S.A.  ;Vespucio Norte;BFE;;;13-nov;;1;;;;;;;;;;11-12-2024;12-12-2024;SM;;;04-01-2025
45603-RTJJ56;1323;07-11-2024;26;RTJJ56;82140619519;ADJUDICADO;GENERICO;NO;TRANSFERIDO;SANTANDER CONSUMER FINANCE LIMITADA  ;SANTANDER CONSUMER;BFE;;;1;;;;;;;;;;;;29-11-2024;03-12-2024;SM;;;27-12-2024
45603-LFGG46;1323;07-11-2024;27;LFGG46;81160001590;ADJUDICADO;GENERICO;NO;TRANSFERIDO;LEASING DEL PACIFICO SPA ;LEASING DEL PACIFICO SPA;LEASING;;;1;;20-11-2024;;;;;;;;;;27-11-2024;29-11-2024;SM;;;20-12-2024
45603-STRW94;1323;07-11-2024;28;STRW94;79420014668;ADJUDICADO;GENERICO;NO;TRANSFERIDO;SANTANDER CONSUMER FINANCE LIMITADA  ;SANTANDER CONSUMER;BFE;;;1;;;;;;;;;;;;29-11-2024;03-12-2024;SM;;;27-12-2024
45603-SYVC61;1323;07-11-2024;29;SYVC61;83450097049;ADJUDICADO;GENERICO;NO;TRANSFERIDO;SANTANDER CONSUMER FINANCE LIMITADA  ;SANTANDER CONSUMER;BFE;;;1;;;;;;;;;;;;29-11-2024;03-12-2024;SM;;;27-12-2024
45603-KPYC33;1323;07-11-2024;30;KPYC33;83290061486;ADJUDICADO;MERA;NO;TRANSFERIDO;DESPACHADO SPA;Banco del Estado de Chile  ;BFE;;;13-nov;;14-nov;;10-12-2024;10-12-2024;10-12-2024;10-12-2024;;;;;12-12-2024;16-12-2024;;;;18-03-2025
45603-DZXP88;1323;07-11-2024;31;DZXP88;24050417732;ADJUDICADO;LIQ;NO;TRANSFERIDO;Liquidacion Concursal;LIQUIDACION;LIQUIDACIONES;;;13-nov;13-11-2024;;;;;;;;;;;17-12-2024;23-12-2024;SM;;;16-01-2025
45603-SSTF21;1323;07-11-2024;32;SSTF21;24040795650;SIN POSTOR;LIQ;NO;NO APLICA;Liquidacion concursal;LIQUIDACION;LIQUIDACIONES;;;;;;;;;;;;;;;;;;;;
45603-FSBK31;1323;07-11-2024;33;FSBK31;24040817827;SIN POSTOR;LIQ;NO;NO APLICA;Liquidacion concursal;LIQUIDACION;LIQUIDACIONES;;;;;;;;;;;;;;;;;;;;
45603-GBKY13;1323;07-11-2024;34;GBKY13;24040795726;SIN POSTOR;LIQ;NO;NO APLICA;ALEXIS MAURICIO ARAVENA MOREIRA  ;LIQUIDACION;LIQUIDACIONES;;;;;;;;;;;;;;;;;;;;
45603-HRLG61;1323;07-11-2024;35;HRLG61;24040817223;ADJUDICADO;LIQ;NO;TRANSFERIDO;Liquidacion concursal;LIQUIDACION;LIQUIDACIONES;;;45.609;13-11-2024;;;;;;;;;;;13-01-2026;15-01-2026;22-11-2024;;;19-02-2026
45610-RGFR14;1326;14-11-2024;1;RGFR14;83220022749;ADJUDICADO;LIQ;NO;TRANSFERIDO;CARLOS ADÁN SANTIBÁÑEZ FAÚNDEZ EN LIQUIDACIÓN  ;LIQUIDACION;LIQUIDACIONES;;;20-nov;;;;;;;;;;;;10-04-2026;14-04-2026;10-04-2025;;;20-05-2026
45610-RYLV64;1326;14-11-2024;2;RYLV64;82210278766;DESISTIMIENTO;MERA;NO;NO APLICA;SCOTIABANK CHILE  ;LEASING DEL PACIFICO SPA;LEASING;;;;;;;;;;;;;;;;;;;;
45610-PRBV22;1326;14-11-2024;3;PRBV22;83290153572;ANULACION;MERA;NO;NO APLICA;BANCO DEL ESTADO DE CHILE  ;LEASING DEL PACIFICO SPA;LEASING;;;;;1;1;27-11-2024;28-11-2024;28-11-2024;28-11-2024;16-12-2024;;;;;;;;;
45610-LTZD29;1326;14-11-2024;4;LTZD29;24150158335;ADJUDICADO;GENERICO;NO;TRANSFERIDO;LEASING DEL PACIFICO SPA ;First Rent a Car  ;LEASING;;;20-nov;;1;;;;;;;;;;27-11-2024;29-11-2024;SM;;;20-12-2024
45610-LJCY52;1326;14-11-2024;6;LJCY52;24150159002;ADJUDICADO;MERA;NO;TRANSFERIDO;BANCO DE CHILE  ;LEASING DEL PACIFICO SPA;LEASING;;;20-nov;;1;1;29-11-2024;18-12-2024;18-12-2024;19-12-2024;19-12-2024;19-12-2024;;;26-12-2024;12-03-2025;09-01-2025;;;03-04-2025
45610-LSVD75;1326;14-11-2024;7;LSVD75;24150148468;ADJUDICADO;GENERICO;NO;TRANSFERIDO;LEASING DEL PACIFICO SPA ;LEASING DEL PACIFICO SPA;LEASING;;;20-nov;;1;;;;;;;;;;27-11-2024;29-11-2024;SM;;;20-12-2024
45610-LGDX34;1326;14-11-2024;8;LGDX34;24150158392;ADJUDICADO;GENERICO;NO;TRANSFERIDO;LEASING DEL PACIFICO SPA ;LEASING DEL PACIFICO SPA;LEASING;;;20-nov;;1;;;;;;;;;;27-11-2024;29-11-2024;SM;;;20-12-2024
45610-LHRG95;1326;14-11-2024;9;LHRG95;24150159036;ADJUDICADO;GENERICO;NO;TRANSFERIDO;LEASING DEL PACIFICO SPA ;LEASING DEL PACIFICO SPA;LEASING;;;20-nov;;1;;;;;;;;;;27-11-2024;29-11-2024;SM;;;20-12-2024
45610-RVSY65;1326;14-11-2024;10;RVSY65;24150158947;ADJUDICADO;MERA;NO;TRANSFERIDO;BANCO DE CHILE  ;LEASING DEL PACIFICO SPA;LEASING;;;20-nov;;1;1;29-11-2024;19-12-2024;24-12-2024;08-01-2025;15-01-2025;15-01-2025;;;17-01-2025;20-01-2025;03-02-2025;;;12-02-2025
45610-PRBV18;1326;14-11-2024;11;PRBV18;24150158657;ADJUDICADO;MERA;NO;TRANSFERIDO;BANCO DEL ESTADO DE CHILE  ;First Rent a Car  ;LEASING;;;20-nov;;;;27-11-2024;28-11-2024;28-11-2024;28-11-2024;16-12-2024;18-12-2024;;;24-12-2024;30-12-2024;09-01-2025;;;21-01-2025
45610-KWSY84;1326;14-11-2024;12;KWSY84;24150158509;DESISTIMIENTO;GENERICO;NO;NO APLICA;LEASING DEL PACIFICO SPA ;LEASING DEL PACIFICO SPA;LEASING;;;;;;;;;;;;;;;;;;;;
45610-LSGR27;1326;14-11-2024;13;LSGR27;24150129906;ADJUDICADO;GENERICO;NO;TRANSFERIDO;LEASING DEL PACIFICO SPA ;LEASING DEL PACIFICO SPA;LEASING;;;20-nov;;1;;;;;;;;;;27-11-2024;29-11-2024;SM;;;20-12-2024
45610-KRRC84;1326;14-11-2024;14;KRRC84;24150158095;ADJUDICADO;MERA;NO;TRANSFERIDO;BANCO DE CHILE  ;LEASING DEL PACIFICO SPA;LEASING;;;20-nov;;1;1;29-11-2024;19-12-2024;24-12-2024;08-01-2025;15-01-2025;16-01-2025;;;17-01-2025;12-02-2025;03-02-2025;12-02-2025;12-02-2025;08-05-2025
45610-JTVS26;1326;14-11-2024;15;JTVS26;24150158855;ADJUDICADO;GENERICO;NO;TRANSFERIDO;LEASING DEL PACIFICO SPA ;First Rent a Car  ;LEASING;;;20-nov;;1;;;;;;;;;;27-11-2024;29-11-2024;SM;;;20-12-2024
45610-FCRV81;1326;14-11-2024;17;FCRV81;24150130425;ADJUDICADO;LIQ;NO;TRANSFERIDO;FRANKO IGNACIO GÓMEZ ALLENDES EN LIQUIDACIÓN  ;LIQUIDACION;LIQUIDACIONES;;;20-nov;;;;;;;;;;;;14-03-2025;;;;;19-05-2025
45610-HGBF76;1326;14-11-2024;18;HGBF76;2415014848;SIN POSTOR;LIQ;NO;NO APLICA;FRANKO IGNACIO GÓMEZ ALLENDES EN LIQUIDACIÓN  ;LIQUIDACION;LIQUIDACIONES;;;;;;;;;;;;;;;;;;;;
45617-SFXG82;1327;21-11-2024;1;SFXG82;24150158970;ADJUDICADO;MERA;NO;TRANSFERIDO;ITAU CORPBANCA  ;LEASING DEL PACIFICO SPA;LEASING;;;27-nov;Pagado;28-nov;28-nov;26-12-2024;03-01-2025;15-01-2025;23-01-2025;23-01-2025;28-01-2025;;;28-01-2025;31-01-2025;17-02-2025;;;07-03-2025
45617-SKZW16;1327;21-11-2024;2;SKZW16;24150158863;ADJUDICADO;MERA;NO;TRANSFERIDO;ITAU CORPBANCA  ;LEASING DEL PACIFICO SPA;LEASING;;;26-nov;;28-11-2024;28-11-2024;04-12-2024;10-12-2024;11-12-2024;16-12-2024;16-12-2024;15-01-2025;;;26-12-2024;31-12-2024;09-01-2025;;;11-03-2025
45617-SBGY26;1327;21-11-2024;3;SBGY26;24150158574;ADJUDICADO;MERA;NO;TRANSFERIDO;BANCO DEL ESTADO DE CHILE  ;LEASING DEL PACIFICO SPA;LEASING;;;26-nov;Pagado;28-11-2024;;21-01-2025;23-01-2025;28-01-2025;29-01-2025;29-01-2025;05-02-2025;;;10-02-2025;12-02-2025;24-02-2025;;;17-03-2025
45617-RTLD96;1327;21-11-2024;4;RTLD96;24150158376;ANULACION;MERA;NO;NO APLICA;SCOTIABANK CHILE  ;LEASING DEL PACIFICO SPA;LEASING;;;;;;;;;;;;;;;;;;;;
45617-RGVW59;1327;21-11-2024;5;RGVW59;24150158897;ADJUDICADO;MERA;NO;TRANSFERIDO;BANCO SANTANDER CHILE  ;LEASING DEL PACIFICO SPA;LEASING;;;26-nov;;28-11-2024;28-11-2024;29-11-2024;;11-12-2024;16-12-2024;16-12-2024;17-12-2024;;;20-12-2024;24-12-2024;07-01-2025;;;15-01-2025
45617-RTLD94;1327;21-11-2024;6;RTLD94;24150077600;ADJUDICADO;MERA;NO;TRANSFERIDO;SCOTIABANK CHILE  ;LEASING DEL PACIFICO SPA;LEASING;;;26-nov;;28-11-2024;28-11-2024;28-11-2024;;04-12-2024;16-12-2024;16-12-2024;17-12-2024;;;30-12-2024;31-12-2024;09-01-2025;;;22-01-2025
45617-RGFG66;1327;21-11-2024;7;RGFG66;24150148344;ADJUDICADO;MERA;NO;TRANSFERIDO;BANCO SANTANDER CHILE  ;LEASING DEL PACIFICO SPA;LEASING;;;26-nov;;28-11-2024;28-11-2024;29-11-2024;;11-12-2024;16-12-2024;16-12-2024;17-12-2024;;;20-12-2024;24-12-2024;07-01-2025;;;15-01-2025
45617-RTLF12;1327;21-11-2024;8;RTLF12;24150148880;ADJUDICADO;MERA;NO;TRANSFERIDO;SCOTIABANK CHILE  ;LEASING DEL PACIFICO SPA;LEASING;;;26-nov;;28-11-2024;28-11-2024;28-11-2024;;04-12-2024;16-12-2024;16-12-2024;17-12-2024;;;30-12-2024;31-12-2024;09-01-2025;;;22-01-2025
45617-RXZX63;1327;21-11-2024;9;RXZX63;24150130474;ADJUDICADO;MERA;NO;TRANSFERIDO;SCOTIABANK CHILE  ;LEASING DEL PACIFICO SPA;LEASING;;;26-nov;;28-11-2024;28-11-2024;28-11-2024;;04-12-2024;16-12-2024;16-12-2024;17-12-2024;;;30-12-2024;31-12-2024;09-01-2025;;;22-01-2025
45617-RYBG93;1327;21-11-2024;10;RYBG93;24150115913;ADJUDICADO;MERA;NO;TRANSFERIDO;SCOTIABANK CHILE  ;LEASING DEL PACIFICO SPA;LEASING;;;26-nov;;28-11-2024;28-11-2024;28-11-2024;;04-12-2024;16-12-2024;16-12-2024;17-12-2024;;;30-12-2024;31-12-2024;09-01-2025;;;22-01-2025
45617-RXZX61;1327;21-11-2024;11;RXZX61;24150076420;DESISTIMIENTO;MERA;NO;NO APLICA;SCOTIABANK CHILE  ;LEASING DEL PACIFICO SPA;LEASING;;;;;;;;;;;;;;;;;;;;
45617-SFWD57;1327;21-11-2024;12;SFWD57;24150077220;DESISTIMIENTO;MERA;NO;NO APLICA;BANCO DE CRÉDITO E INVERSIONES  ;LEASING DEL PACIFICO SPA;LEASING;;;;;28-nov;;;;;;;;;;;;;;;
45617-SBRF54;1327;21-11-2024;13;SBRF54;24150130300;ADJUDICADO;MERA;NO;TRANSFERIDO;BANCO DE CRÉDITO E INVERSIONES  ;LEASING DEL PACIFICO SPA;LEASING;;;26-nov;;28-11-2024;28-11-2024;07-01-2025;24-01-2025;24-01-2025;29-01-2025;29-01-2025;31-01-2025;;;31-01-2025;03-02-2025;17-02-2025;;;28-02-2025
45617-LVKJ68;1327;21-11-2024;14;LVKJ68;24150158988;ADJUDICADO;MERA;NO;TRANSFERIDO;BANCO SANTANDER CHILE  ;LEASING DEL PACIFICO SPA;LEASING;;;26-nov;;28-11-2024;28-11-2024;29-11-2024;;11-12-2024;16-12-2024;16-12-2024;;;;20-12-2024;27-12-2024;07-01-2025;;;18-01-2025
45617-JWWR69;1327;21-11-2024;15;JWWR69;24150149045;ADJUDICADO;MERA;NO;TRANSFERIDO;SCOTIABANK CHILE  ;LEASING DEL PACIFICO SPA;LEASING;;;26-nov;;28-11-2024;28-11-2024;28-11-2024;;04-12-2024;16-12-2024;16-12-2024;17-12-2024;;;30-12-2024;31-12-2024;09-01-2025;;;22-01-2025
45617-RTSS88;1327;21-11-2024;16;RTSS88;24150158814;ADJUDICADO;MERA;NO;TRANSFERIDO;BANCO CONSORCIO  ;LEASING DEL PACIFICO SPA;LEASING;;;07-ene;Pagado;01-01-1900;15-01-2025;16-01-2025;14-07-2025;14-07-2025;24-07-2025;25-07-2025;28-07-2025;;;30-07-2025;31-07-2025;11-08-2025;;;20-08-2025
45617-PTBZ57;1327;21-11-2024;17;PTBZ57;24150158137;ADJUDICADO;MERA;NO;TRANSFERIDO;BANCO DE CHILE  ;LEASING DEL PACIFICO SPA;LEASING;;;26-nov;;28-11-2024;28-11-2024;29-11-2024;19-12-2024;24-12-2024;08-01-2025;15-01-2025;15-01-2025;;;17-01-2025;20-01-2025;03-02-2025;;;12-02-2025
45617-PLKW97;1327;21-11-2024;18;PLKW97;24150148138;ADJUDICADO;MERA;NO;TRANSFERIDO;ITAU CORPBANCA  ;LEASING DEL PACIFICO SPA;LEASING;;;26-nov;;28-11-2024;28-11-2024;04-12-2024;10-12-2024;11-12-2024;16-12-2024;16-12-2024;15-01-2025;;;26-12-2024;31-12-2024;09-01-2025;;;11-03-2025
45617-PKRP24;1327;21-11-2024;19;PKRP24;24150077204;ADJUDICADO;MERA;NO;TRANSFERIDO;BANCO SANTANDER CHILE  ;LEASING DEL PACIFICO SPA;LEASING;;;26-nov;;28-11-2024;28-11-2024;29-11-2024;;11-12-2024;16-12-2024;16-12-2024;17-12-2024;;;20-12-2024;24-12-2024;07-01-2025;;;15-01-2025
45617-LWYG56;1327;21-11-2024;20;LWYG56;24150130490;ADJUDICADO;GENERICO;NO;TRANSFERIDO;LEASING DEL PACIFICO SPA ;LEASING DEL PACIFICO SPA;LEASING;;;26-nov;;28-11-2024;28-11-2024;;;;;;;;;05-12-2024;24-12-2025;SM;05-12-2024;05-12-2024;17-01-2025
45617-KZBZ54;1327;21-11-2024;21;KZBZ54;24150148310;ADJUDICADO;GENERICO;NO;TRANSFERIDO;LEASING DEL PACIFICO SPA ;LEASING DEL PACIFICO SPA;LEASING;;;26-nov;;28-11-2024;28-11-2024;;;;;;;;;03-12-2024;05-12-2024;SM;;;27-12-2024
45617-KYZR15;1327;21-11-2024;22;KYZR15;24150148955;ADJUDICADO;GENERICO;NO;TRANSFERIDO;LEASING DEL PACIFICO SPA ;LEASING DEL PACIFICO SPA;LEASING;;;26-nov;;28-11-2024;28-11-2024;;;;;;;;;03-12-2024;05-12-2024;SM;;;27-12-2024
45617-KYZR12;1327;21-11-2024;23;KYZR12;24150158251;ADJUDICADO;GENERICO;NO;TRANSFERIDO;LEASING DEL PACIFICO SPA ;LEASING DEL PACIFICO SPA;LEASING;;;26-nov;;28-11-2024;28-11-2024;;;;;;;;;03-12-2024;05-12-2024;SM;;;27-12-2024
45617-KYZR10;1327;21-11-2024;24;KYZR10;24150148732;ADJUDICADO;GENERICO;NO;TRANSFERIDO;LEASING DEL PACIFICO SPA ;LEASING DEL PACIFICO SPA;LEASING;;;26-nov;;28-11-2024;28-11-2024;;;;;;;;;03-12-2024;05-12-2024;SM;;;27-12-2024
45617-KYZR18;1327;21-11-2024;25;KYZR18;24150148104;ADJUDICADO;GENERICO;NO;TRANSFERIDO;LEASING DEL PACIFICO SPA ;LEASING DEL PACIFICO SPA;LEASING;;;26-nov;;28-11-2024;28-11-2024;;;;;;;;;05-12-2024;24-12-2025;SM;04-12-2024;05-12-2024;17-01-2025
45617-LDPR98;1327;21-11-2024;26;LDPR98;24150158418;ADJUDICADO;GENERICO;NO;TRANSFERIDO;LEASING DEL PACIFICO SPA ;LEASING DEL PACIFICO SPA;LEASING;;;26-nov;;28-11-2024;28-11-2024;;;;;;;;;03-12-2024;05-12-2024;SM;;;27-12-2024
45617-KYZP18;1327;21-11-2024;27;KYZP18;24150148179;ADJUDICADO;GENERICO;NO;TRANSFERIDO;LEASING DEL PACIFICO SPA ;LEASING DEL PACIFICO SPA;LEASING;;;26-nov;;28-11-2024;28-11-2024;;;;;;;;;03-12-2024;05-12-2024;SM;;;27-12-2024
45617-LSVH68;1327;21-11-2024;28;LSVH68;24150158491;ADJUDICADO;MERA;NO;TRANSFERIDO;SCOTIABANK CHILE  ;LEASING DEL PACIFICO SPA;LEASING;;;26-nov;;28-11-2024;28-11-2024;28-11-2024;;04-12-2024;16-12-2024;16-12-2024;17-12-2024;;;30-12-2024;31-12-2024;09-01-2025;;;22-01-2025
45617-JSKY93;1327;21-11-2024;29;JSKY93;24150159051;ADJUDICADO;GENERICO;NO;TRANSFERIDO;LEASING DEL PACIFICO SPA ;LEASING DEL PACIFICO SPA;LEASING;;;26-nov;;28-11-2024;28-11-2024;;;;;;;;;03-12-2024;05-12-2024;SM;;;27-12-2024
45624-PCRH66;1328;28-11-2024;1;PCRH66;;ADJUDICADO;GENERICO;NO;TRANSFERIDO;SANTANDER CONSUMER FINANCE LIMITADA  ;SANTANDER CONSUMER;BFE;;;04-dic;;;;;;;;;;;;19-12-2024;23-12-2024;SM;;;15-01-2025
45624-RTZK22;1328;28-11-2024;2;RTZK22;24160267886;SIN POSTOR;LIQ;NO;NO APLICA;RAFAEL ENRIQUE MÉNDEZ PAZ  ;LIQUIDACION;LIQUIDACIONES;;;;;;;;;;;;;;;;;;;;
45624-LFRG79;1328;28-11-2024;3;LFRG79;;ADJUDICADO;DERIVACION;NO;TRANSFERIDO;BIANCA FERNANDA BAEZA INOSTROZA  ;Pompeyo Carrasco Automóviles SPA  ;AUTOMOTORAS;;;03-dic;;1;;;;;;;;;;09-01-2025;10-01-2025;;;;01-02-2025
45624-KSSR44;1328;28-11-2024;4;KSSR44;2405042450;ADJUDICADO;GENERICO;NO;TRANSFERIDO;SANTANDER CONSUMER FINANCE LIMITADA  ;SANTANDER CONSUMER;BFE;;;04-dic;;;;;;;;;;;;19-12-2024;23-12-2024;SM;;;15-01-2025
45624-LVPL78;1328;28-11-2024;5;LVPL78;24150209401;ADJUDICADO;LIQ;NO;TRANSFERIDO;SEBASTIÁN JAVIER SÁNCHEZ FUENZALIDA  ;LIQUIDACION;LIQUIDACIONES;;;03-dic;;;;;;;;;;;;15-09-2025;;;;;22-10-2025
45624-RHCK52;1328;28-11-2024;6;RHCK52;2415014823;ADJUDICADO;GENERICO;NO;TRANSFERIDO;SANTANDER CONSUMER FINANCE LIMITADA  ;SANTANDER CONSUMER;BFE;;;04-dic;;;;;;;;;;;;19-12-2024;20-12-2024;SM;;;14-01-2025
45624-SCYJ67;1328;28-11-2024;7;SCYJ67;7929019498;ADJUDICADO;GENERICO;NO;TRANSFERIDO;SANTANDER CONSUMER FINANCE LIMITADA  ;SANTANDER CONSUMER;BFE;;;04-dic;;;;;;;;;;;;19-12-2024;23-12-2024;SM;;;15-01-2025
45624-KHBV62;1328;28-11-2024;8;KHBV62;;ADJUDICADO;GENERICO;NO;TRANSFERIDO;MONSTER ENERGY  COMPANY CHILE LTDA;MONSTER ENERGY  COMPANY CHILE LTDA;BFE;;;04-dic;;;;;;;;;;;;19-12-2024;23-12-2024;SM;;;15-01-2025
45624-KLBK74;1328;28-11-2024;9;KLBK74;;ADJUDICADO;GENERICO;NO;TRANSFERIDO;MONSTER ENERGY  COMPANY CHILE LTDA;MONSTER ENERGY  COMPANY CHILE LTDA;BFE;;;04-dic;;;;;;;;;;;;19-12-2024;23-12-2024;SM;;;15-01-2025
45624-KHBW96;1328;28-11-2024;10;KHBW96;;ADJUDICADO;GENERICO;NO;TRANSFERIDO;MONSTER ENERGY  COMPANY CHILE LTDA;MONSTER ENERGY  COMPANY CHILE LTDA;BFE;;;04-dic;;;;;;;;;;;;19-12-2024;23-12-2024;SM;;;15-01-2025
45624-JVBX22;1328;28-11-2024;11;JVBX22;;ADJUDICADO;GENERICO;NO;TRANSFERIDO;MONSTER ENERGY  COMPANY CHILE LTDA;MONSTER ENERGY  COMPANY CHILE LTDA;BFE;;;04-dic;;;;;;;;;;;;19-12-2024;20-12-2024;SM;;;14-01-2025
45624-SGJ013;1328;28-11-2024;12;SGJ013;81160194643;ADJUDICADO;GENERICO;NO;TRANSFERIDO;TANNER SERVICIOS FINANCIEROS S.A  ;Tanner Servicios Financieros S.A  ;BFE;;;04-dic;;;;;;;;;;;;19-12-2024;31-12-2024;SM;;;23-01-2025
45624-SWX030;1328;28-11-2024;13;SWX030;81160194650;ADJUDICADO;LIQ;NO;NO CONTRATA;DANILO IVÁN CABELLO CABELLO  ;LIQUIDACION;LIQUIDACIONES;;;04-dic;;;;;;;;;;;;;;;;;
45624-KWSV55;1328;28-11-2024;15;KWSV55;24150158954;ADJUDICADO;GENERICO;NO;TRANSFERIDO;LEASING DEL PACIFICO SPA ;LEASING DEL PACIFICO SPA;LEASING;;;03-dic;;;;;;;;;;;;19-12-2024;23-12-2024;SM;;;15-01-2025
45624-LGFL35;1328;28-11-2024;17;LGFL35;82220310617;ADJUDICADO;GENERICO;NO;TRANSFERIDO;LEASING DEL PACIFICO SPA ;LEASING DEL PACIFICO SPA;LEASING;;;03-dic;;;;;;;;;;;;19-12-2024;23-12-2024;SM;;;15-01-2025
45624-JHWK41;1328;28-11-2024;18;JHWK41;24150219830;ADJUDICADO;LIQ;NO;TRANSFERIDO;CAROLINA ALEJANDRA HERRERA ARMIJO  ;LIQUIDACION;LIQUIDACIONES;;;04-dic;;1;;;;;;;;;;15-09-2025;16-09-2025;;01-10-2025;09-10-2025;04-11-2025
45624-PFWT45;1328;28-11-2024;19;PFWT45;24160267415;ADJUDICADO;GENERICO;NO;TRANSFERIDO;TANNER SERVICIOS FINANCIEROS S.A  ;Tanner Servicios Financieros S.A  ;BFE;;;04-dic;;;;;;;;;;;;19-12-2024;23-12-2024;SM;;;15-01-2025
45624-RWFX63;1328;28-11-2024;20;RWFX63;83330051752;ADJUDICADO;GENERICO;NO;TRANSFERIDO;SANTANDER CONSUMER FINANCE LIMITADA  ;SANTANDER CONSUMER;BFE;;;04-dic;;;;;;;;;;;;19-12-2024;23-12-2024;SM;;;15-01-2025
45624-HYGP56;1328;28-11-2024;21;HYGP56;24050371327;ADJUDICADO;GENERICO;NO;TRANSFERIDO;SANTANDER CONSUMER FINANCE LIMITADA  ;SANTANDER CONSUMER;BFE;;;04-dic;;;;;;;;;;;;19-12-2024;23-12-2024;SM;;;15-01-2025
45624-LSDT72;1328;28-11-2024;22;LSDT72;24050424944;ADJUDICADO;GENERICO;NO;TRANSFERIDO;SANTANDER CONSUMER FINANCE LIMITADA  ;SANTANDER CONSUMER;BFE;;;04-dic;;;;;;;;;;;;19-12-2024;23-12-2024;SM;;;15-01-2025
45624-RBSR63;1328;28-11-2024;23;RBSR63;2415013053;ADJUDICADO;GENERICO;NO;TRANSFERIDO;SANTANDER CONSUMER FINANCE LIMITADA  ;SANTANDER CONSUMER;BFE;;;04-dic;;;;;;;;;;;;19-12-2024;23-12-2024;SM;;;15-01-2025
45624-PDSP24;1328;28-11-2024;24;PDSP24;2405042454;ADJUDICADO;GENERICO;NO;TRANSFERIDO;SANTANDER CONSUMER FINANCE LIMITADA  ;SANTANDER CONSUMER;BFE;;;04-dic;;;;;;;;;;;;19-12-2024;23-12-2024;SM;;;15-01-2025
45624-KRHY13;1328;28-11-2024;25;KRHY13;2405042416;ADJUDICADO;GENERICO;NO;TRANSFERIDO;SANTANDER CONSUMER FINANCE LIMITADA  ;SANTANDER CONSUMER;BFE;;;04-dic;;;;;;;;;;;;19-12-2024;23-12-2024;SM;;;14-01-2025
45624-JFWV22;1328;28-11-2024;26;JFWV22;24160267480;SIN POSTOR;LIQ;NO;NO APLICA;MARIBEL FRANCESCA SÁNCHEZ PINO  ;LIQUIDACION;LIQUIDACIONES;;;;;;;;;;;;;;;;;;;;
45624-RLBP90;1328;28-11-2024;27;RLBP90;24150209096;ADJUDICADO;GENERICO;NO;TRANSFERIDO;SANTANDER CONSUMER FINANCE LIMITADA  ;SANTANDER CONSUMER;BFE;;;02-dic;;;;;;;;;;;;19-12-2024;23-12-2024;SM;;;15-01-2025
45624-SJKS28;1328;28-11-2024;28;SJKS28;24160265823;ADJUDICADO;GENERICO;NO;TRANSFERIDO;TANNER SERVICIOS FINANCIEROS S.A  ;Tanner Servicios Financieros S.A  ;BFE;;;04-dic;;;;;;;;;;;;19-12-2024;23-12-2024;SM;;;15-01-2025
45624-PDCV35;1328;28-11-2024;29;PDCV35;7941024032;ADJUDICADO;GENERICO;NO;TRANSFERIDO;SANTANDER CONSUMER FINANCE LIMITADA  ;SANTANDER CONSUMER;BFE;;;04-dic;;;;;;;;;;;;19-12-2024;20-12-2024;SM;;;14-01-2025
45624-TGWJ50;1328;28-11-2024;30;TGWJ50;24150219442;ADJUDICADO;GENERICO;NO;TRANSFERIDO;SANTANDER CONSUMER FINANCE LIMITADA  ;SANTANDER CONSUMER;BFE;;;04-dic;;;;;;;;;;;;19-12-2024;23-12-2024;SM;;;15-01-2025
45624-SBBL17;1328;28-11-2024;31;SBBL17;;ADJUDICADO;GENERICO;NO;TRANSFERIDO;SANTANDER CONSUMER FINANCE LIMITADA  ;SANTANDER CONSUMER;BFE;;;04-dic;;;;;;;;;;;;19-12-2024;23-12-2024;SM;;;15-01-2025
45624-RBYJ56;1328;28-11-2024;32;RBYJ56;83220022319;ADJUDICADO;GENERICO;NO;TRANSFERIDO;SANTANDER CONSUMER FINANCE LIMITADA  ;SANTANDER CONSUMER;BFE;;;04-dic;;;;;;;;;;;;19-12-2024;23-12-2024;SM;;;15-01-2025
45624-LVCT37;1328;28-11-2024;33;LVCT37;24050456508;SIN POSTOR;LIQ;NO;NO APLICA;JONATHAN ANDRÉS PINO TAPIA  ;LIQUIDACION;LIQUIDACIONES;;;;;;;;;;;;;;;;;;;;
45631-RTPY48;1331;05-12-2024;1;RTPY48;;ADJUDICADO;GENERICO;NO;TRANSFERIDO;ACTIVA MOVILIDAD II SPA  ;Karsharing spa  ;LEASING;;;13-dic;;;;;;;;;;;;28-01-2025;29-01-2025;SM;;;22-02-2025
45631-SCYG63;1331;05-12-2024;2;SCYG63;;ADJUDICADO;GENERICO;NO;TRANSFERIDO;ACTIVA MOVILIDAD II SPA  ;Karsharing spa  ;LEASING;;;13-dic;;;;;;;;;;;;28-01-2025;29-01-2025;SM;;;22-02-2025
45631-SCYK30;1331;05-12-2024;3;SCYK30;;ADJUDICADO;GENERICO;NO;TRANSFERIDO;ACTIVA MOVILIDAD II SPA  ;Karsharing spa  ;LEASING;;;13-dic;;;;;;;;;;;;28-01-2025;29-01-2025;SM;;;22-02-2025
45631-SCYP97;1331;05-12-2024;4;SCYP97;;ADJUDICADO;GENERICO;NO;TRANSFERIDO;ACTIVA MOVILIDAD II SPA  ;Karsharing spa  ;LEASING;;;13-dic;;;;;;;;;;;;28-01-2025;29-01-2025;SM;;;22-02-2025
45631-SCYJ84;1331;05-12-2024;5;SCYJ84;;ADJUDICADO;GENERICO;NO;TRANSFERIDO;ACTIVA MOVILIDAD II SPA  ;Karsharing spa  ;LEASING;;;13-dic;;;;;;;;;;;;28-01-2025;29-01-2025;SM;;;22-02-2025
45631-SCYH13;1331;05-12-2024;6;SCYH13;;ADJUDICADO;GENERICO;NO;TRANSFERIDO;ACTIVA MOVILIDAD II SPA  ;Karsharing spa  ;LEASING;;;13-dic;;;;;;;;;;;;28-01-2025;29-01-2025;SM;;;22-02-2025
45631-SBPK12;1331;05-12-2024;7;SBPK12;;ADJUDICADO;GENERICO;NO;TRANSFERIDO;ACTIVA MOVILIDAD II SPA  ;Karsharing spa  ;LEASING;;;13-dic;;;;;;;;;;;;28-01-2025;29-01-2025;SM;;;22-02-2025
45631-RWLW75;1331;05-12-2024;8;RWLW75;24150209740;ADJUDICADO;GENERICO;NO;TRANSFERIDO;SANTANDER CONSUMER FINANCE LIMITADA  ;SANTANDER CONSUMER;BFE;;;10-dic;;;;;;;;;;;;19-12-2024;23-12-2024;SM;;;15-01-2025
45631-RZKY84;1331;05-12-2024;9;RZKY84;2405033510;ADJUDICADO;GENERICO;NO;TRANSFERIDO;SANTANDER CONSUMER FINANCE LIMITADA  ;SANTANDER CONSUMER;BFE;;;10-dic;;;;;;;;;;;;19-12-2024;23-12-2024;SM;;;15-01-2025
45631-SRGV91;1331;05-12-2024;10;SRGV91;2405032591;ADJUDICADO;GENERICO;NO;TRANSFERIDO;SANTANDER CONSUMER FINANCE LIMITADA  ;SANTANDER CONSUMER;BFE;;;10-dic;;;;;;;;;;;;19-12-2024;23-12-2024;SM;;;15-01-2025
45631-RGLP34;1331;05-12-2024;11;RGLP34;83220022343;ADJUDICADO;GENERICO;NO;TRANSFERIDO;SANTANDER CONSUMER FINANCE LIMITADA  ;SANTANDER CONSUMER;BFE;;;10-dic;;;;;;;;;;;;19-12-2024;23-12-2024;SM;;;15-01-2025
45631-SJTG92;1331;05-12-2024;12;SJTG92;;ADJUDICADO;GENERICO;NO;TRANSFERIDO;ACTIVA MOVILIDAD II SPA  ;Karsharing spa  ;LEASING;;;13-dic;;;;;;;;;;;;28-01-2025;29-01-2025;SM;;;22-02-2025
45631-RZJL92;1331;05-12-2024;13;RZJL92;24150269264;ADJUDICADO;GENERICO;NO;TRANSFERIDO;SANTANDER CONSUMER FINANCE LIMITADA  ;SANTANDER CONSUMER;BFE;;;10-dic;;;;;;;;;;;;19-12-2024;23-12-2024;SM;;;15-01-2025
45631-HDDW78;1331;05-12-2024;14;HDDW78;24150219970;ADJUDICADO;GENERICO;NO;TRANSFERIDO;SANTANDER CONSUMER FINANCE LIMITADA  ;SANTANDER CONSUMER;BFE;;;10-dic;;;;;;;;;;;;19-12-2024;23-12-2024;SM;;;15-01-2025
45631-HYBT27;1331;05-12-2024;15;HYBT27;2405034120;ADJUDICADO;GENERICO;NO;TRANSFERIDO;SANTANDER CONSUMER FINANCE LIMITADA  ;SANTANDER CONSUMER;BFE;;;10-dic;;;;;;;;;;;;19-12-2024;23-12-2024;SM;;;15-01-2025
45631-PTFC38;1331;05-12-2024;16;PTFC38;2405035988;ADJUDICADO;GENERICO;NO;TRANSFERIDO;SANTANDER CONSUMER FINANCE LIMITADA  ;SANTANDER CONSUMER;BFE;;;10-dic;;;;;;;;;;;;19-12-2024;23-12-2024;SM;;;15-01-2025
45631-PFKF72;1331;05-12-2024;17;PFKF72;24150269835;ADJUDICADO;GENERICO;NO;TRANSFERIDO;SANTANDER CONSUMER FINANCE LIMITADA  ;SANTANDER CONSUMER;BFE;;;10-dic;;;;;;;;;;;;19-12-2024;23-12-2024;SM;;;15-01-2025
45631-LGDX61;1331;05-12-2024;18;LGDX61;83290010657;ADJUDICADO;GENERICO;NO;TRANSFERIDO;LEASING DEL PACIFICO SPA ;First Rent a Car  ;LEASING;;;10-dic;;;;;;;;;;;;19-12-2024;23-12-2024;SM;;;15-01-2025
45631-JY0373;1331;05-12-2024;20;JY0373;81160194635;ADJUDICADO;LIQ;NO;TRANSFERIDO;RONALD EDUARDO SASSI HUEQUELEF  ;LIQUIDACION;LIQUIDACIONES;;;10-dic;;;;;;;;;;;;17-12-2024;23-12-2024;SM;;;16-01-2025
45638-RTPY46;1332;12-12-2024;1;RTPY46;;ADJUDICADO;GENERICO;NO;TRANSFERIDO;ACTIVA MOVILIDAD II SPA  ;Karsharing spa  ;LEASING;;;06-ene;;;;;;;;;;;;28-01-2025;29-01-2025;SM;;;22-02-2025
45638-RDDY26;1332;12-12-2024;2;RDDY26;24150269157;ADJUDICADO;GENERICO;SI;NO TRANSFERIBLE;LEASING DEL PACIFICO SPA ;LEASING DEL PACIFICO SPA ;COMPRADIRECTA;VEHICULO ROBADO AL CLIENTE POSTERIOR A LA VENTA (NO TRANSFERIBLE);20-02-2025;1;;;;;;;;;;;;;;SM;;;
45638-SKZW17;1332;12-12-2024;3;SKZW17;24150229953;ADJUDICADO;MERA;NO;TRANSFERIDO;ITAU CORPBANCA  ;LEASING DEL PACIFICO SPA ;LEASING;;;1;;;;26-12-2024;03-01-2025;15-01-2025;23-01-2025;23-01-2025;28-01-2025;;;28-01-2025;31-01-2025;17-02-2025;;;07-03-2025
45638-SJSG63;1332;12-12-2024;4;SJSG63;24150229037;ADJUDICADO;MERA;NO;TRANSFERIDO;BANCO DE CHILE  ;LEASING DEL PACIFICO SPA ;LEASING;;;1;;1;1;20-01-2025;06-02-2025;07-02-2025;03-03-2025;04-03-2025;06-03-2025;;;10-03-2025;12-03-2025;24-03-2025;;;04-04-2025
45638-RSPY13;1332;12-12-2024;5;RSPY13;;ADJUDICADO;GENERICO;NO;TRANSFERIDO;LA ESTRELLA LEASING LTDA  ;Karsharing spa  ;LEASING;;;06-ene;;;;;;;;;;;;14-01-2025;15-01-2025;SM;;;06-02-2025
45638-RBDP99;1332;12-12-2024;6;RBDP99;24150229342;ADJUDICADO;MERA;NO;TRANSFERIDO;BANCO DE CRÉDITO E INVERSIONES  ;LEASING DEL PACIFICO SPA ;LEASING;;;1;;;;07-01-2025;24-01-2025;24-01-2025;29-01-2025;29-01-2025;31-01-2025;;;31-01-2025;03-02-2025;17-02-2025;;;27-02-2025
45638-PCXR11;1332;12-12-2024;7;PCXR11;24150229417;ADJUDICADO;GENERICO;NO;TRANSFERIDO;LEASING DEL PACIFICO SPA ;LEASING DEL PACIFICO SPA ;LEASING;;;1;;;;;;;;;;;;21-01-2025;22-01-2025;SM;;;22-02-2025
45638-LGDX31;1332;12-12-2024;8;LGDX31;24150229607;ADJUDICADO;GENERICO;NO;TRANSFERIDO;LEASING DEL PACIFICO SPA ;LEASING DEL PACIFICO SPA ;LEASING;;;1;;;;;;;;;;;;21-01-2025;22-01-2025;SM;;;22-02-2025
45638-LZRD28;1332;12-12-2024;9;LZRD28;;ADJUDICADO;MERA;NO;TRANSFERIDO;LA ESTRELLA LEASING LTDA  ;Karsharing spa  ;LEASING;;;1;;;;;;;;;;;;18-06-2025;23-06-2025;;;;11-07-2025
45638-RFFW58;1332;12-12-2024;10;RFFW58;24150230001;ADJUDICADO;MERA;NO;TRANSFERIDO;LA ESTRELLA LEASING LTDA  ;Karsharing spa  ;LEASING;;;1;;;;;;;;;;;;18-06-2025;23-06-2025;;;;10-07-2025
45638-SCYH11;1332;12-12-2024;11;SCYH11;;ADJUDICADO;GENERICO;NO;TRANSFERIDO;ACTIVA MOVILIDAD II SPA  ;Karsharing spa  ;LEASING;;;06-ene;;;;;;;;;;;;28-01-2025;29-01-2025;SM;;;22-02-2025
45638-RVWB28;1332;12-12-2024;12;RVWB28;24150269132;ADJUDICADO;GENERICO;NO;TRANSFERIDO;ACTIVA MOVILIDAD II SPA  ;Karsharing spa  ;LEASING;;;06-ene;;;;;;;;;;;;28-01-2025;29-01-2025;SM;;;22-02-2025
45638-RTTL65;1332;12-12-2024;13;RTTL65;24150229292;ADJUDICADO;GENERICO;NO;TRANSFERIDO;TANNER SERVICIOS FINANCIEROS S.A  ;Tanner Servicios Financieros S.A  ;BFE;;;1;;;;;;;;;;;;22-01-2025;23-01-2025;SM;;;22-02-2025
45638-RXZX61;1332;12-12-2024;14;RXZX61;24150076420;ADJUDICADO;MERA;NO;TRANSFERIDO;SCOTIABANK CHILE  ;LEASING DEL PACIFICO SPA ;LEASING;;;1;;1;1;28-01-2025;03-02-2025;04-02-2025;07-02-2025;07-02-2025;11-02-2025;;;10-02-2025;12-02-2025;28-02-2025;;;14-05-2025
45638-SFWD57;1332;12-12-2024;15;SFWD57;24150077220;ADJUDICADO;MERA;NO;TRANSFERIDO;BANCO DE CRÉDITO E INVERSIONES  ;LEASING DEL PACIFICO SPA ;LEASING;;;1;;;;07-01-2025;24-01-2025;24-01-2025;29-01-2025;29-01-2025;31-01-2025;;;31-01-2025;03-02-2025;17-02-2025;;;28-02-2025
45638-LBCC19;1332;12-12-2024;16;LBCC19;24150269033;ADJUDICADO;MERA;NO;TRANSFERIDO;BANCO DE CRÉDITO E INVERSIONES  ;LEASING DEL PACIFICO SPA ;LEASING;;;1;;;;07-01-2025;24-01-2025;24-01-2025;29-01-2025;29-01-2025;31-01-2025;;;31-01-2025;03-02-2025;17-02-2025;;;27-02-2025
45638-PTJC49;1332;12-12-2024;17;PTJC49;24150229425;ADJUDICADO;MERA;NO;TRANSFERIDO;BANCO DE CRÉDITO E INVERSIONES  ;LEASING DEL PACIFICO SPA ;LEASING;;;1;;;;07-01-2025;24-01-2025;24-01-2025;29-01-2025;29-01-2025;31-01-2025;;;31-01-2025;03-02-2025;17-02-2025;;;27-02-2025
45638-LFHT49;1332;12-12-2024;18;LFHT49;24150229557;ADJUDICADO;GENERICO;NO;TRANSFERIDO;LEASING DEL PACIFICO SPA ;LEASING DEL PACIFICO SPA ;LEASING;;;1;;;;;;;;;;;;21-01-2025;22-01-2025;SM;;;22-02-2025
45638-KXVY17;1332;12-12-2024;19;KXVY17;24150269256;ADJUDICADO;MERA;NO;TRANSFERIDO;SCOTIABANK CHILE  ;LEASING DEL PACIFICO SPA ;LEASING;;;1;;1;1;28-01-2025;03-02-2025;04-02-2025;07-02-2025;07-02-2025;11-02-2025;;;10-02-2025;12-02-2025;28-02-2025;;;14-05-2025
45638-JTGH11;1332;12-12-2024;20;JTGH11;;ADJUDICADO;GENERICO;NO;TRANSFERIDO;COMERCIALIZADORA DE COMBUSTIBLES C&J  ;PARTICULAR;PARTICULARES;;;1;;;;;;;;23-01-2025;;;;22-01-2025;27-01-2025;SM;;;19-02-2025
45638-HYKY65;1332;12-12-2024;21;HYKY65;;ADJUDICADO;GENERICO;NO;TRANSFERIDO;COMERCIALIZADORA DE COMBUSTIBLES C&J  ;PARTICULAR;PARTICULARES;;;1;;;;;;;;23-01-2025;;;;22-01-2025;27-01-2025;SM;;;19-02-2025
45638-LDLW63;1332;12-12-2024;22;LDLW63;24150229177;ADJUDICADO;GENERICO;NO;TRANSFERIDO;LEASING DEL PACIFICO SPA ;LEASING DEL PACIFICO SPA ;LEASING;;;1;;;;;;;;;;;;21-01-2025;22-01-2025;SM;;;22-02-2025
45638-RBBG81;1332;12-12-2024;23;RBBG81;24150229060;ADJUDICADO;GENERICO;NO;TRANSFERIDO;ACTIVA MOVILIDAD II SPA  ;Karsharing spa  ;LEASING;;;06-ene;;;;;;;;;;;;28-01-2025;29-01-2025;SM;;;22-02-2025
45638-RBBG93;1332;12-12-2024;24;RBBG93;;ADJUDICADO;GENERICO;NO;TRANSFERIDO;ACTIVA MOVILIDAD II SPA  ;Karsharing spa  ;LEASING;;;06-ene;;;;;;;;;;;;28-01-2025;29-01-2025;SM;;;22-02-2025
45645-RFCJ35;1333;19-12-2024;1;RFCJ35;82420144840;ADJUDICADO;GENERICO;NO;TRANSFERIDO;SANTANDER CONSUMER FINANCE LIMITADA  ;SANTANDER CONSUMER;BFE;;;1;;;;;;;;;;;;21-01-2025;22-01-2025;SM;;;22-02-2025
45645-KKYC84;1333;19-12-2024;2;KKYC84;8203034538;ADJUDICADO;GENERICO;NO;TRANSFERIDO;SANTANDER CONSUMER FINANCE LIMITADA  ;SANTANDER CONSUMER;BFE;;;1;;;;;;;;;;;;21-01-2025;22-01-2025;SM;;;22-02-2025
45645-RJWF87;1333;19-12-2024;3;RJWF87;2416026716;ADJUDICADO;GENERICO;NO;TRANSFERIDO;SANTANDER CONSUMER FINANCE LIMITADA  ;SANTANDER CONSUMER;BFE;;;1;;;;;;;;;;;;21-01-2025;22-01-2025;SM;;;22-02-2025
45645-RSWC65;1333;19-12-2024;4;RSWC65;7942000056;ADJUDICADO;GENERICO;NO;TRANSFERIDO;SANTANDER CONSUMER FINANCE LIMITADA  ;SANTANDER CONSUMER;BFE;;;1;;;;;;;;;;;;21-01-2025;22-01-2025;SM;;;22-02-2025
45645-RTZK22;1333;19-12-2024;5;RTZK22;24160267886;ADJUDICADO;LIQ;NO;TRANSFERIDO;RAFAEL ENRIQUE MÉNDEZ PAZ  ;LIQUIDACION;LIQUIDACIONES;;;1;;;;;;;;;;;;14-03-2025;20-03-2025;;;;15-04-2025
45645-RTDW99;1333;19-12-2024;6;RTDW99;24150219525;ADJUDICADO;GENERICO;NO;TRANSFERIDO;SANTANDER CONSUMER FINANCE LIMITADA  ;SANTANDER CONSUMER;BFE;;;1;;;;;;;;;;;;21-01-2025;22-01-2025;SM;;;22-02-2025
45645-LCPL49;1333;19-12-2024;7;LCPL49;24170034698;ADJUDICADO;GENERICO;NO;TRANSFERIDO;LEASING DEL PACIFICO SPA ;LEASING DEL PACIFICO SPA ;LEASING;;;1;;;;;;;;;;;;21-01-2025;22-01-2025;SM;;;22-02-2025
45645-RXZX67;1333;19-12-2024;8;RXZX67;24170024285;ADJUDICADO;MERA;NO;TRANSFERIDO;SCOTIABANK CHILE  ;LEASING DEL PACIFICO SPA ;LEASING;;;1;;1;1;30-01-2025;03-02-2025;04-02-2025;07-02-2025;07-02-2025;11-02-2025;;;10-02-2025;12-02-2025;28-02-2025;;;14-03-2025
45645-PRFJ29;1333;19-12-2024;9;PRFJ29;24170034656;ADJUDICADO;MERA;NO;TRANSFERIDO;SCOTIABANK CHILE  ;LEASING DEL PACIFICO SPA ;LEASING;;;1;;1;1;30-01-2025;03-02-2025;04-02-2025;07-02-2025;07-02-2025;11-02-2025;;;10-02-2025;12-02-2025;28-02-2025;;;14-03-2025
45645-SWBK43;1333;19-12-2024;10;SWBK43;2405033516;ADJUDICADO;GENERICO;NO;TRANSFERIDO;SANTANDER CONSUMER FINANCE LIMITADA  ;SANTANDER CONSUMER;BFE;;;1;;;;;;;;;;;;21-01-2025;22-01-2025;SM;;;22-02-2025
45645-RVSS23;1333;19-12-2024;11;RVSS23;24170024723;ADJUDICADO;MERA;NO;TRANSFERIDO;SCOTIABANK CHILE  ;LEASING DEL PACIFICO SPA ;LEASING;;;1;;1;1;30-01-2025;03-02-2025;04-02-2025;07-02-2025;07-02-2025;11-02-2025;;;10-02-2025;12-02-2025;28-02-2025;;;14-03-2025
45645-PSXK51;1333;19-12-2024;12;PSXK51;24170024020;DESISTIMIENTO;MERA;NO;NO APLICA;BANCO BICE  ;LEASING DEL PACIFICO SPA ;LEASING;;;;;;;;;;;;;;;;;;;;
45645-PSVJ47;1333;19-12-2024;13;PSVJ47;24170028054;ADJUDICADO;MERA;NO;TRANSFERIDO;BANCO DEL ESTADO DE CHILE  ;LEASING DEL PACIFICO SPA ;LEASING;;;1;;03-ene;03-ene;21-01-2025;23-01-2025;28-01-2025;29-01-2025;29-01-2025;05-02-2025;;;10-02-2025;12-02-2025;24-02-2025;;;17-03-2025
45645-PSSV13;1333;19-12-2024;14;PSSV13;24170034391;ADJUDICADO;MERA;NO;TRANSFERIDO;SCOTIABANK CHILE  ;LEASING DEL PACIFICO SPA ;LEASING;;;1;;1;1;30-01-2025;03-02-2025;04-02-2025;07-02-2025;07-02-2025;11-02-2025;;;10-02-2025;12-02-2025;28-02-2025;;;14-03-2025
45645-RBXH53;1333;19-12-2024;15;RBXH53;24170024038;ADJUDICADO;GENERICO;NO;TRANSFERIDO;LEASING DEL PACIFICO SPA ;LEASING DEL PACIFICO SPA ;LEASING;;;1;;;;;;;;;;;;21-01-2025;22-01-2025;SM;;;22-02-2025
45645-PYYV61;1333;19-12-2024;16;PYYV61;24170034797;ADJUDICADO;GENERICO;NO;TRANSFERIDO;LEASING DEL PACIFICO SPA ;LEASING DEL PACIFICO SPA ;LEASING;;;1;;;;;;;;;;;;21-01-2025;22-01-2025;SM;;;22-02-2025
45645-KYSH81;1333;19-12-2024;17;KYSH81;24050341452;ADJUDICADO;MERA;NO;TRANSFERIDO;BANCO BICE  ;LEASING DEL PACIFICO SPA ;LEASING;;;1;;;;14-01-2025;21-01-2025;22-01-2025;23-01-2025;23-01-2025;27-01-2025;;;28-01-2025;28-01-2025;10-02-2025;;;22-02-2025
45645-KYZR13;1333;19-12-2024;18;KYZR13;24170024327;ADJUDICADO;GENERICO;NO;TRANSFERIDO;LEASING DEL PACIFICO SPA ;LEASING DEL PACIFICO SPA ;LEASING;;;1;;;;;;;;;;;;21-01-2025;22-01-2025;SM;;;22-02-2025
45645-LRBH37;1333;19-12-2024;19;LRBH37;24170024053;ADJUDICADO;MERA;NO;TRANSFERIDO;BANCO DE CHILE  ;LEASING DEL PACIFICO SPA ;LEASING;;;1;;1;1;20-01-2025;06-02-2025;07-02-2025;03-03-2025;04-03-2025;06-03-2025;;;10-03-2025;12-03-2025;24-03-2025;;;04-04-2025
45645-LGCX18;1333;19-12-2024;20;LGCX18;83290090832;ADJUDICADO;GENERICO;NO;TRANSFERIDO;LEASING DEL PACIFICO SPA ;First Rent a Car  ;LEASING;;;1;;;;;;;;;;;;21-01-2025;22-01-2025;SM;;;22-02-2025
45645-KWSY84;1333;19-12-2024;21;KWSY84;24150158509;DESISTIMIENTO;GENERICO;NO;NO APLICA;LEASING DEL PACIFICO SPA ;LEASING DEL PACIFICO SPA ;LEASING;;;;;;;;;;;;;;;;;;;;
45645-HGBF76;1333;19-12-2024;22;HGBF76;2415014848;ADJUDICADO;LIQ;NO;TRANSFERIDO;FRANKO IGNACIO GÓMEZ ALLENDES EN LIQUIDACIÓN  ;LIQUIDACION;LIQUIDACIONES;;;1;;;;;;;;;;;;03-02-2026;03-02-2026;03-01-2025;;;17-03-2026
45645-LVKD45;1333;19-12-2024;23;LVKD45;24170024863;DESISTIMIENTO;MERA;NO;NO APLICA;BANCO DE CHILE  ;LEASING DEL PACIFICO SPA ;LEASING;;;;;;;;;;;;;;;;;;;;
45645-KJBV79;1333;19-12-2024;24;KJBV79;24170024749;ADJUDICADO;MERA;NO;TRANSFERIDO;SCOTIABANK CHILE  ;Vehículos de Renta Ltda.  ;LEASING;;;1;;1;1;30-10-2024;18-11-2024;19-11-2024;25-11-2024;26-11-2024;26-11-2024;;;16-01-2025;17-01-2025;28-01-2025;;;12-02-2025
45645-LYDB85;1333;19-12-2024;25;LYDB85;24170024624;ADJUDICADO;GENERICO;NO;TRANSFERIDO;LEASING DEL PACIFICO SPA ;LEASING DEL PACIFICO SPA ;LEASING;;;1;;;;;;;;;;;;21-01-2025;22-01-2025;SM;;;22-02-2025
45645-KRXP51;1333;19-12-2024;26;KRXP51;24170024756;ADJUDICADO;GENERICO;NO;TRANSFERIDO;LEASING DEL PACIFICO SPA ;LEASING DEL PACIFICO SPA ;LEASING;;;1;;;;;;;;;;;;21-01-2025;22-01-2025;SM;;;22-02-2025
45645-FZKD47;1333;19-12-2024;27;FZKD47;24150158913;ADJUDICADO;MERA;NO;TRANSFERIDO;BANCO DE CHILE  ;LEASING DEL PACIFICO SPA ;LEASING;;;1;;1;1;20-01-2025;06-02-2025;07-02-2025;03-03-2025;04-03-2025;06-03-2025;;;10-03-2025;12-03-2025;24-03-2025;;;04-04-2025
45645-HRHL26;1333;19-12-2024;28;HRHL26;24170024681;ADJUDICADO;LIQ;NO;TRANSFERIDO;DISTRIBUIDORA DAS LIMITADA EN LIQUIDACIÓN  ;LIQUIDACION;LIQUIDACIONES;;;1;;;;;;;;;;;;03-02-2026;05-02-2026;27-12-2024;;;19-03-2026
45645-GXWL82;1333;19-12-2024;29;GXWL82;24170024111;ADJUDICADO;LIQ;NO;TRANSFERIDO;DISTRIBUIDORA DAS LIMITADA EN LIQUIDACIÓN  ;LIQUIDACION;LIQUIDACIONES;;;1;;;;;;;;;;;;14-11-2025;14-11-2025;;;;14-04-2026
45645-GXWL85;1333;19-12-2024;30;GXWL85;24170034979;ADJUDICADO;LIQ;NO;TRANSFERIDO;DISTRIBUIDORA DAS LIMITADA EN LIQUIDACIÓN  ;LIQUIDACION;LIQUIDACIONES;;;1;;;;;;;;;;;;14-11-2025;14-11-2025;;;;14-04-2026
45645-RHSL84;1333;19-12-2024;31;RHSL84;24170034672;ADJUDICADO;GENERICO;NO;TRANSFERIDO;SANTANDER CONSUMER FINANCE LIMITADA  ;SANTANDER CONSUMER;BFE;;;1;;;;;;;;;;;;21-01-2025;22-01-2025;SM;;;22-02-2025
45645-RKWG53;1333;19-12-2024;32;RKWG53;2405032559;ADJUDICADO;GENERICO;NO;TRANSFERIDO;SANTANDER CONSUMER FINANCE LIMITADA  ;SANTANDER CONSUMER;BFE;;;1;;;;;;;;;;;;21-01-2025;23-01-2025;SM;;;22-02-2025
45645-SSTF21;1333;19-12-2024;33;SSTF21;24040795650;ADJUDICADO;LIQ;NO;TRANSFERIDO;Liquidacion concursal;LIQUIDACION;LIQUIDACIONES;;;;;;;;;;;;;;;07-11-2025;11-11-2025;;;;15-12-2025
45645-SLCR20;1333;19-12-2024;34;SLCR20;24170027817;ADJUDICADO;GENERICO;NO;TRANSFERIDO;SANTANDER CONSUMER FINANCE LIMITADA  ;SANTANDER CONSUMER;BFE;;;1;;;;;;;;;;;;21-01-2025;22-01-2025;SM;;;22-02-2025
45645-SFCJ57;1333;19-12-2024;35;SFCJ57;24170034888;ADJUDICADO;LIQ;NO;TRANSFERIDO;PAULINA ANDREA SOZA SOTO  ;LIQUIDACION;LIQUIDACIONES;;;1;;;;;;;;;;;;15-09-2025;16-09-2025;;;;09-10-2025
45645-FSBK31;1333;19-12-2024;36;FSBK31;24040817827;ADJUDICADO;LIQ;NO;TRANSFERIDO;Liquidacion concursal;LIQUIDACION;LIQUIDACIONES;;;1;;;;;;;;;;;;15-09-2025;16-09-2025;;;;09-10-2025
45645-RLDG43;1333;19-12-2024;37;RLDG43;2415020981;ADJUDICADO;GENERICO;NO;TRANSFERIDO;SANTANDER CONSUMER FINANCE LIMITADA  ;SANTANDER CONSUMER;BFE;;;1;;;;;;;;;;;;21-01-2025;22-01-2025;SM;;;22-02-2025
45645-RXDS39;1333;19-12-2024;38;RXDS39;24170034433;DESISTIMIENTO;GENERICO;NO;NO APLICA;TANNER SERVICIOS FINANCIEROS S.A  ;Tanner Servicios Financieros S.A  ;BFE;;;;;;;;;;;;;;;;;;;;
45645-SWDK35;1333;19-12-2024;39;SWDK35;82420144865;ADJUDICADO;GENERICO;NO;TRANSFERIDO;SANTANDER CONSUMER FINANCE LIMITADA  ;SANTANDER CONSUMER;BFE;;;1;;;;;;;;;;;;21-01-2025;22-01-2025;SM;;;22-02-2025
45645-RZHZ44;1333;19-12-2024;40;RZHZ44;24170024970;ADJUDICADO;LIQ;NO;TRANSFERIDO;JAVIER ANDREE CASTILLO APABLAZA  ;LIQUIDACION;LIQUIDACIONES;;;1;;;;;;;;;;;;15-09-2025;16-09-2025;;;;09-10-2025
45645-RJCZ27;1333;19-12-2024;41;RJCZ27;7922013893;ADJUDICADO;GENERICO;NO;TRANSFERIDO;SANTANDER CONSUMER FINANCE LIMITADA  ;SANTANDER CONSUMER;BFE;;;1;;;;;;;;;;;;21-01-2025;22-01-2025;SM;;;22-02-2025
45645-KBGL47;1333;19-12-2024;42;KBGL47;8150024304;ADJUDICADO;GENERICO;NO;TRANSFERIDO;SANTANDER CONSUMER FINANCE LIMITADA  ;SANTANDER CONSUMER;BFE;;;1;;;;;;;;;;;;21-01-2025;22-01-2025;SM;;;22-02-2025
45645-JFWV22;1333;19-12-2024;43;JFWV22;24160267480;ADJUDICADO;LIQ;NO;TRANSFERIDO;MARIBEL FRANCESCA SÁNCHEZ PINO  ;LIQUIDACION;LIQUIDACIONES;;;1;;;;;;;;;;;;24-01-2025;28-01-2025;;;;19-03-2025
45645-LVRW90;1333;19-12-2024;44;LVRW90;24170034516;DESISTIMIENTO;GENERICO;NO;NO APLICA;SANTANDER CONSUMER FINANCE LIMITADA  ;SANTANDER CONSUMER;BFE;;;;;;;;;;;;;;;;;;;;
45645-GBKY13;1333;19-12-2024;45;GBKY13;24040795726;ADJUDICADO;LIQ;NO;TRANSFERIDO;ALEXIS MAURICIO ARAVENA MOREIRA  ;LIQUIDACION;LIQUIDACIONES;;;1;;;;;;;;;;;;24-01-2025;28-01-2025;;;;19-02-2025
45645-GBHB11;1333;19-12-2024;46;GBHB11;2416026593;ADJUDICADO;GENERICO;NO;TRANSFERIDO;SANTANDER CONSUMER FINANCE LIMITADA  ;SANTANDER CONSUMER;BFE;;;1;;;;;;;;;;;;21-01-2025;23-01-2025;SM;;;22-02-2025
45645-HFXT52;1333;19-12-2024;47;HFXT52;7929007173;ADJUDICADO;GENERICO;NO;TRANSFERIDO;SANTANDER CONSUMER FINANCE LIMITADA  ;SANTANDER CONSUMER;BFE;;;1;;;;;;;;;;;;21-01-2025;22-01-2025;SM;;;22-02-2025
45645-LVCT37;1333;19-12-2024;48;LVCT37;24050456508;SIN POSTOR;LIQ;NO;NO APLICA;JONATHAN ANDRÉS PINO TAPIA  ;LIQUIDACION;LIQUIDACIONES;;;;;;;;;;;;;;;;;;;;
45645-LWWH51;1233;19-12-2024;49;LWWH51;24170024145;SIN POSTOR;LIQ;NO;NO APLICA;OPTICAS LORENA DEL CARMEN GALAZ PALACIOS  ;LIQUIDACION;LIQUIDACIONES;;;;;;;;;;;;;;;;;;;;
45666-LWWH51;1336;09-01-2025;1;LWWH51;24170024145;ADJUDICADO;LIQ;NO;TRANSFERIDO;OPTICAS LORENA DEL CARMEN GALAZ PALACIOS  ;LIQUIDACION;LIQUIDACIONES;;;1;;;;;;;;;;;;07-04-2026;17-04-2026;11-02-2025;;;20-05-2026
45666-RCFZ32;1336;09-01-2025;2;RCFZ32;82030478745;ADJUDICADO;GENERICO;NO;TRANSFERIDO;SANTANDER CONSUMER FINANCE LIMITADA  ;SANTANDER CONSUMER;BFE;;;1;;;;;;;;;;;;21-01-2025;22-01-2025;SM;;;27-02-2025
45666-KVCH86;1336;09-01-2025;3;KVCH86;24160265088;ADJUDICADO;GENERICO;NO;TRANSFERIDO;SANTANDER CONSUMER FINANCE LIMITADA  ;SANTANDER CONSUMER;BFE;;;1;;;;;;;;;;;;21-01-2025;22-01-2025;SM;;;27-02-2025
45666-SDYC93;1336;09-01-2025;4;SDYC93;83220022277;ADJUDICADO;GENERICO;NO;TRANSFERIDO;SANTANDER CONSUMER FINANCE LIMITADA  ;SANTANDER CONSUMER;BFE;;;1;;;;;;;;;;;;21-01-2025;22-01-2025;SM;;;27-02-2025
45666-SHSL66;1336;09-01-2025;5;SHSL66;24160428538;ADJUDICADO;GENERICO;NO;TRANSFERIDO;SANTANDER CONSUMER FINANCE LIMITADA  ;SANTANDER CONSUMER;BFE;;;1;;;;;;;;;;;;21-01-2025;23-01-2025;SM;;;27-02-2025
45666-SPDZ51;1336;09-01-2025;6;SPDZ51;24170022644;ADJUDICADO;GENERICO;NO;TRANSFERIDO;SANTANDER CONSUMER FINANCE LIMITADA  ;SANTANDER CONSUMER;BFE;;;1;;;;;;;;;;;;21-01-2025;22-01-2025;SM;;;27-02-2025
45666-RWBG43;1336;09-01-2025;7;RWBG43;24150269223;ADJUDICADO;GENERICO;NO;TRANSFERIDO;SANTANDER CONSUMER FINANCE LIMITADA  ;SANTANDER CONSUMER;BFE;;;1;;;;;;;;;;;;21-01-2025;22-01-2025;SM;;;27-02-2025
45666-RBLZ66;1336;09-01-2025;8;RBLZ66;82420144790;ADJUDICADO;GENERICO;NO;TRANSFERIDO;SANTANDER CONSUMER FINANCE LIMITADA  ;SANTANDER CONSUMER;BFE;;;1;;;;;;;;;;;;21-01-2025;22-01-2025;SM;;;27-02-2025
45666-GCZF63;1336;09-01-2025;9;GCZF63;78490224918;ADJUDICADO;LIQ;NO;TRANSFERIDO;MAURICIO LEONARDO SEPÚLVEDA  ;LIQUIDACION;LIQUIDACIONES;;;1;;;;;;;;;;;;24-02-2025;;;;;20-03-2025
45666-RKLF54;1336;09-01-2025;10;RKLF54;78520096302;ADJUDICADO;GENERICO;NO;TRANSFERIDO;INFRAESTRUCTURA CAMINERA SPA  ;PARTICULAR;PARTICULARES;;;1;;;;;;27-01-2025;27-01-2025;;;;;27-01-2025;27-01-2025;SM;;;20-02-2025
45666-LVKD45;1336;09-01-2025;11;LVKD45;24170024863;ADJUDICADO;MERA;NO;TRANSFERIDO;BANCO DE CHILE  ;LEASING DEL PACIFICO SPA ;LEASING;;;1;;1;1;20-01-2025;06-02-2025;07-02-2025;03-03-2025;04-03-2025;06-03-2025;;;10-03-2025;12-03-2025;24-03-2025;;;03-04-2025
45666-RYLV64;1336;09-01-2025;12;RYLV64;82210278766;DESISTIMIENTO;MERA;NO;NO APLICA;SCOTIABANK CHILE  ;LEASING DEL PACIFICO SPA ;LEASING;DESISTIEMIENTO 17-01;;;;;;;;;;;;;;;;;;;
45666-KXBS50;1336;09-01-2025;13;KXBS50;83450082579;ADJUDICADO;MERA;NO;TRANSFERIDO;SCOTIABANK CHILE  ;LEASING DEL PACIFICO SPA ;LEASING;;;15-ene;;Pagado con anterioridad;Pagado con anterioridad;30-01-2025;03-02-2025;04-02-2025;07-02-2025;07-02-2025;11-02-2025;;;10-02-2025;12-02-2025;28-02-2025;;;13-05-2025
45666-RTLD96;1336;09-01-2025;14;RTLD96;24150158376;ADJUDICADO;MERA;NO;TRANSFERIDO;SCOTIABANK CHILE  ;LEASING DEL PACIFICO SPA ;LEASING;;;15-ene;;Pagado con anterioridad;Pagado con anterioridad;30-01-2025;03-02-2025;04-02-2025;07-02-2025;07-02-2025;11-02-2025;;;10-02-2025;12-02-2025;28-02-2025;;;13-05-2025
45666-PRBV22;1336;09-01-2025;15;PRBV22;83290153572;ADJUDICADO;MERA;NO;TRANSFERIDO;BANCO DEL ESTADO DE CHILE  ;LEASING DEL PACIFICO SPA ;LEASING;;;1;;1;1;;;;;;;;;23-01-2025;24-01-2025;10-02-2025;;;06-03-2025
45666-KWSY84;1336;09-01-2025;16;KWSY84;24150158509;ADJUDICADO;GENERICO;NO;TRANSFERIDO;LEASING DEL PACIFICO SPA ;LEASING DEL PACIFICO SPA ;LEASING;;;1;;;;;;;;;;;;21-01-2025;22-01-2025;SM;;;22-02-2025
45666-JPKY16;1336;09-01-2025;17;JPKY16;81500269386;ADJUDICADO;LIQ;NO;TRANSFERIDO;INVERSIONES CISTERNAS SPA  ;LIQUIDACION;LIQUIDACIONES;;;1;;;;;;;;;;;;01-12-2025;;28-01-2025;;;07-01-2025
45666-JCHS82;1336;09-01-2025;18;JCHS82;;ADJUDICADO;GENERICO;NO;TRANSFERIDO;SYSPROTEC SPA  ;SYSPROTEC SPA  ;BFE;;;1;;;;;;;;03-02-2025;03-02-2025;;;03-02-2025;04-02-2025;SM;;;03-03-2025
45666-JPJJ94;1336;09-01-2025;19;JPJJ94;24160427522;ADJUDICADO;GENERICO;NO;TRANSFERIDO;SANTANDER CONSUMER FINANCE LIMITADA  ;SANTANDER CONSUMER;BFE;;;1;;;;;;;;;;;;21-01-2025;22-01-2025;SM;;;27-02-2025
45666-RXDS39;1336;09-01-2025;20;RXDS39;24170034433;ADJUDICADO;GENERICO;NO;TRANSFERIDO;TANNER SERVICIOS FINANCIEROS S.A  ;Tanner Servicios Financieros S.A  ;BFE;;;1;;;;;;;;;;;;22-01-2025;23-01-2025;SM;;;21-02-2025
45666-KVKY63;1336;09-01-2025;21;KVKY63;82140411735;ADJUDICADO;LIQ;NO;TRANSFERIDO;ROSA HERMINIA ARÁNGUIZ RODRÍGUEZ  ;LIQUIDACION;LIQUIDACIONES;;;1;;;;;;;;;;;;24-02-2025;26-02-2025;;;;21-03-2025
45666-RZWT13;1336;09-01-2025;22;RZWT13;82210191423;ADJUDICADO;LIQ;NO;TRANSFERIDO;CARLOS ISRAEL ANTICOI ZURITA  ;LIQUIDACION;LIQUIDACIONES;;;1;;;;;;;;;;;;09-01-2026;14-01-2026;13-03-2025;;;16-02-2026
45666-RLFK48;1336;09-01-2025;23;RLFK48;24170034755;ADJUDICADO;GENERICO;NO;TRANSFERIDO;SANTANDER CONSUMER FINANCE LIMITADA  ;SANTANDER CONSUMER;BFE;;;1;;;;;;;;;;;;21-01-2025;22-01-2025;SM;;;27-02-2025
45666-LVRW90;1336;09-01-2025;24;LVRW90;24170034516;ADJUDICADO;GENERICO;NO;TRANSFERIDO;SANTANDER CONSUMER FINANCE LIMITADA  ;SANTANDER CONSUMER;BFE;;;1;;;;;;;;;;;;21-01-2025;22-01-2025;SM;;;27-02-2025
45666-RBFJ15;1336;09-01-2025;25;RBFJ15;24170024822;ADJUDICADO;GENERICO;NO;TRANSFERIDO;SANTANDER CONSUMER FINANCE LIMITADA  ;SANTANDER CONSUMER;BFE;;;1;;;;;;;;;;;;21-01-2025;22-01-2025;sM;;;27-02-2025
45666-XHK043;1336;09-01-2025;26;XHK043;81160194700;ADJUDICADO;LIQ;NO;TRANSFERIDO;PABLO ANDRÉS FONG SALAS  ;LIQUIDACION;LIQUIDACIONES;;;;;;;;;;;;;;;15-09-2025;10-11-2025;;;;15-12-2025
45666-LVCT37;1336;09-01-2025;27;LVCT37;24050456508;DESISTIMIENTO;LIQ;NO;NO APLICA;JONATHAN ANDRÉS PINO TAPIA  ;LIQUIDACION;LIQUIDACIONES;;;1;;;;;;;;;;;;;;;;;
45673-RTVV91;1340;16-01-2025;1;RTVV91;2416042706;ADJUDICADO;GENERICO;NO;TRANSFERIDO;SANTANDER CONSUMER FINANCE LIMITADA  ;SANTANDER CONSUMER;BFE;;;1;;;;;;;;;;;;21-01-2025;22-01-2025;sM;;;27-02-2025
45673-PSXK51;1340;16-01-2025;2;PSXK51;24170024020;ADJUDICADO;MERA;NO;TRANSFERIDO;BANCO BICE  ;LEASING DEL PACIFICO SPA ;LEASING;;;1;;;;17-01-2025;21-01-2025;22-01-2025;23-01-2025;23-01-2025;27-01-2025;;;28-01-2025;28-01-2025;10-02-2025;;;22-02-2025
45673-JXWB69;1340;16-01-2025;3;JXWB69;82030274292;ADJUDICADO;MERA;NO;TRANSFERIDO;BANCO SANTANDER CHILE  ;LEASING DEL PACIFICO SPA ;LEASING;;;1;;1;1;18-02-2025;27-02-2025;03-03-2025;04-03-2025;05-03-2025;07-03-2025;;;10-03-2025;12-03-2025;24-03-2025;;;04-04-2025
45673-SRVK23;1340;16-01-2025;4;SRVK23;24170034565;ADJUDICADO;GENERICO;NO;TRANSFERIDO;SANTANDER CONSUMER FINANCE LIMITADA  ;SANTANDER CONSUMER;BFE;;;1;;;;;;;;;;;;21-01-2025;03-02-2025;SM;;;27-02-2025
45673-SRVK26;1340;16-01-2025;5;SRVK26;24170034110;ADJUDICADO;GENERICO;NO;TRANSFERIDO;SANTANDER CONSUMER FINANCE LIMITADA  ;SANTANDER CONSUMER;BFE;;;1;;;;;;;;;;;;21-01-2025;22-01-2025;sM;;;27-02-2025
45673-SRVK10;1340;16-01-2025;6;SRVK10;24170024467;ADJUDICADO;GENERICO;NO;TRANSFERIDO;SANTANDER CONSUMER FINANCE LIMITADA  ;SANTANDER CONSUMER;BFE;;;1;;;;;;;;;;;;21-01-2025;22-01-2025;sM;;;27-02-2025
45673-RGTB69;1340;16-01-2025;7;RGTB69;2417003473;ADJUDICADO;GENERICO;NO;TRANSFERIDO;SANTANDER CONSUMER FINANCE LIMITADA  ;SANTANDER CONSUMER;BFE;;;1;;;;;;;;;;;;21-01-2025;22-01-2025;sM;;;27-02-2025
45673-PHTV12;1340;16-01-2025;8;PHTV12;2415026913;ADJUDICADO;GENERICO;NO;TRANSFERIDO;SANTANDER CONSUMER FINANCE LIMITADA  ;SANTANDER CONSUMER;BFE;;;1;;;;;;;;;;;;21-01-2025;22-01-2025;sM;;;27-02-2025
45673-RZGD61;1340;16-01-2025;9;RZGD61;82420144766;ADJUDICADO;GENERICO;NO;TRANSFERIDO;SANTANDER CONSUMER FINANCE LIMITADA  ;SANTANDER CONSUMER;BFE;;;1;;;;;;;;;;;;21-01-2025;22-01-2025;sM;;;27-02-2025
45673-SCKZ98;1340;16-01-2025;10;SCKZ98;2416042843;ADJUDICADO;GENERICO;NO;TRANSFERIDO;SANTANDER CONSUMER FINANCE LIMITADA  ;SANTANDER CONSUMER;BFE;;;1;;;;;;;;;;;;21-01-2025;22-01-2025;sM;;;27-02-2025
45673-RYBF64;1340;16-01-2025;11;RYBF64;24170033039;ADJUDICADO;GENERICO;NO;TRANSFERIDO;SANTANDER CONSUMER FINANCE LIMITADA  ;SANTANDER CONSUMER;BFE;;;1;;;;;;;;;;;;21-01-2025;22-01-2025;sM;;;27-02-2025
45673-LLBF61;1340;16-01-2025;12;LLBF61;57310282702;ADJUDICADO;GENERICO;NO;TRANSFERIDO;TANNER SERVICIOS FINANCIEROS S.A  ;Tanner Servicios Financieros S.A  ;BFE;;;1;;;;;;;;;;;;22-01-2025;23-01-2025;SM;;;21-02-2025
45673-RKJY64;1340;16-01-2025;13;RKJY64;24170024418;ADJUDICADO;GENERICO;NO;TRANSFERIDO;SANTANDER CONSUMER FINANCE LIMITADA  ;SANTANDER CONSUMER;BFE;;;1;;;;;;;;;;;;21-01-2025;22-01-2025;sM;;;27-02-2025
45673-SBSL72;1340;16-01-2025;14;SBSL72;2416042779;ADJUDICADO;GENERICO;NO;TRANSFERIDO;SANTANDER CONSUMER FINANCE LIMITADA  ;SANTANDER CONSUMER;BFE;;;1;;;;;;;;;;;;21-01-2025;22-01-2025;sM;;;27-02-2025
45673-RFLX79;1340;16-01-2025;15;RFLX79;82030354920;ADJUDICADO;GENERICO;NO;TRANSFERIDO;TANNER SERVICIOS FINANCIEROS S.A  ;Tanner Servicios Financieros S.A  ;BFE;;;1;;;;;;;;;;;;22-01-2025;23-01-2025;SM;;;21-02-2025
45673-PFHT98;1340;16-01-2025;16;PFHT98;24170027528;ADJUDICADO;GENERICO;NO;TRANSFERIDO;SANTANDER CONSUMER FINANCE LIMITADA  ;SANTANDER CONSUMER;BFE;;;1;;;;;;;;;;;;21-01-2025;22-01-2025;sM;;;27-02-2025
45673-LTTH99;1340;16-01-2025;17;LTTH99;82100417623;ADJUDICADO;GENERICO;NO;TRANSFERIDO;SILIAN SERVIUS  ;Tanner Servicios Financieros S.A  ;BFE;;;1;;;;;;;;;;;;03-02-2025;06-02-2025;SM;;;29-03-2025
45680-LXPH90;1341;23-01-2025;1;LXPH90;81080174246;DESISTIMIENTO;MERA;SI;NO APLICA;SCOTIABANK CHILE  ;LEASING DEL PACIFICO SPA;COMPRADIRECTA;;;;;;;;;;;;;;;;;;;;
45680-PBFX32;1341;23-01-2025;2;PBFX32;82220218844;DESISTIMIENTO;MERA;NO;NO APLICA;BANCO DE CRÉDITO E INVERSIONES  ;LEASING DEL PACIFICO SPA ;LEASING;;;;;;;;;;;;;;;;;;;;
45680-LSPT34;1341;23-01-2025;3;LSPT34;83290001565;ADJUDICADO;MERA;NO;TRANSFERIDO;BANCO BICE  ;LEASING DEL PACIFICO SPA ;LEASING;;;1;;1;1;05-02-2025;13-02-2025;14-02-2025;03-03-2025;04-03-2025;06-03-2025;;;10-03-2025;14-03-2025;;;;09-04-2025
45680-JXVK76;1341;23-01-2025;4;JXVK76;83290009980;ADJUDICADO;MERA;NO;TRANSFERIDO;BANCO DE CHILE  ;LEASING DEL PACIFICO SPA ;LEASING;;;1;;;;05-02-2025;12-02-2025;14-02-2025;03-03-2025;04-03-2025;06-03-2025;;;10-03-2025;12-03-2025;24-03-2025;;;04-04-2025
45680-JXPS20;1341;23-01-2025;5;JXPS20;81160001434;ADJUDICADO;GENERICO;NO;TRANSFERIDO;LEASING DEL PACIFICO SPA ;LEASING DEL PACIFICO SPA ;LEASING;;;1;;;;;;;;;;;;06-02-2025;06-02-2025;SM;;;05-03-2025
45680-RYLV64;1341;23-01-2025;6;RYLV64;24050332709;ADJUDICADO;MERA;NO;TRANSFERIDO;SCOTIABANK CHILE  ;LEASING DEL PACIFICO SPA ;LEASING;;;1;;;;30-01-2025;03-02-2025;04-02-2025;07-02-2025;07-02-2025;11-02-2025;;;14-05-2025;14-05-2025;28-02-2025;;;15-07-2025
45680-SPGG15;1341;23-01-2025;7;SPGG15;24170034847;ADJUDICADO;GENERICO;NO;TRANSFERIDO;SANTANDER CONSUMER FINANCE LIMITADA  ;SANTANDER CONSUMER;BFE;;;1;;;;;;;;;;;;06-02-2025;06-02-2025;SM;;;05-03-2025
45680-STVD93;1341;23-01-2025;8;STVD93;;ADJUDICADO;GENERICO;NO;TRANSFERIDO;EUROPARTS SPA  ;Citroen Chile S. A. C.  ;AUTOMOTORAS;;;1;;;;;;;;;;;;04-03-2025;06-03-2025;SM;;;29-03-2025
45680-KXKC80;1341;23-01-2025;9;KXKC80;;ADJUDICADO;GENERICO;NO;TRANSFERIDO;EUROPARTS SPA  ;Citroen Chile S. A. C.  ;AUTOMOTORAS;;;1;;;;;;;;;;;;04-03-2025;06-03-2025;SM;;;29-03-2025
45680-LGBX38;1341;23-01-2025;10;LGBX38;;ADJUDICADO;GENERICO;NO;TRANSFERIDO;EUROPARTS SPA  ;Citroen Chile S. A. C.  ;AUTOMOTORAS;;;1;;;;;;;;;;;;04-03-2025;06-03-2025;SM;;;29-03-2025
45680-RCFW39;1341;23-01-2025;11;RCFW39;24170027882;DESISTIMIENTO;GENERICO;NO;NO APLICA;SANTANDER CONSUMER FINANCE LIMITADA  ;SANTANDER CONSUMER;BFE;;;;;;;;;;;;;;;;;;;;
45680-PHZW43;1341;23-01-2025;12;PHZW43;82470423847;DESISTIMIENTO;GENERICO;NO;NO APLICA;TANNER SERVICIOS FINANCIEROS S.A  ;Tanner Servicios Financieros S.A  ;BFE;;;;;;;;;;;;;;;;;;;;
45680-RPLT62;1341;23-01-2025;13;RPLT62;8322010631;ADJUDICADO;GENERICO;NO;TRANSFERIDO;SANTANDER CONSUMER FINANCE LIMITADA  ;SANTANDER CONSUMER;BFE;;;1;;;;;;;;;;;;06-02-2025;06-02-2025;SM;;;05-03-2025
45680-LSDW62;1341;23-01-2025;14;LSDW62;79110244849;ADJUDICADO;GENERICO;NO;TRANSFERIDO;SANTANDER CONSUMER FINANCE LIMITADA  ;SANTANDER CONSUMER;BFE;;;1;;;;;;;;;;;;06-02-2025;07-02-2025;SM;;;07-03-2025
45687-LJDG44;1342;30-01-2025;1;LJDG44;24170178750;ADJUDICADO;GENERICO;SI;TRANSFERIDO;LEASING DEL PACIFICO SPA ;LEASING DEL PACIFICO SPA;COMPRADIRECTA;;;1;;;;;;;;;;;;12-02-2025;13-02-2025;SM;;;12-03-2025
45687-PBFX32;1342;30-01-2025;2;PBFX32;82220218844;ADJUDICADO;MERA;NO;TRANSFERIDO;BANCO DE CRÉDITO E INVERSIONES  ;LEASING DEL PACIFICO SPA ;LEASING;;;1;;;;18-02-2025;19-02-2025;20-02-2025;03-03-2025;04-03-2025;07-03-2025;;;10-03-2025;12-03-2025;24-03-2025;;;10-06-2025
45687-RFKF62;1342;30-01-2025;3;RFKF62;24170225098;ADJUDICADO;GENERICO;NO;TRANSFERIDO;DANIELA ANDREA SAAVEDRA ASTUDILLO  ;Citroen Chile S. A. C.  ;AUTOMOTORAS;;;1;;;;;;;;;;;;;;SM;;;11-06-2025
45687-STWC32;1342;30-01-2025;4;STWC32;24170153696;ADJUDICADO;GENERICO;NO;TRANSFERIDO;EUROPARTS SPA  ;Citroen Chile S. A. C.  ;AUTOMOTORAS;;;1;;;;;;;;;;;;04-03-2025;06-03-2025;SM;;;29-03-2025
45687-SLZX87;1342;30-01-2025;5;SLZX87;24170178818;ADJUDICADO;LIQ;NO;TRANSFERIDO;EDWIN JAVIER REYES SOTO  ;LIQUIDACION;LIQUIDACIONES;;;1;;;;;;;;;;;;07-11-2025;12-11-2025;;;;14-04-2026
45687-RYZZ49;1342;30-01-2025;6;RYZZ49;2415023000;ADJUDICADO;GENERICO;NO;TRANSFERIDO;SANTANDER CONSUMER FINANCE LIMITADA  ;SANTANDER CONSUMER;BFE;;;1;;;;;;;;;;;;12-02-2025;13-02-2025;SM;;;12-03-2025
45687-PLLD48;1342;30-01-2025;7;PLLD48;24170149801;ADJUDICADO;GENERICO;NO;TRANSFERIDO;TANNER SERVICIOS FINANCIEROS S.A  ;Tanner Servicios Financieros S.A  ;BFE;;;1;;;;;;;;;;;;12-02-2025;13-02-2025;SM;;;12-03-2025
45687-PHZW43;1342;30-01-2025;8;PHZW43;82470423847;DESISTIMIENTO;GENERICO;NO;NO APLICA;TANNER SERVICIOS FINANCIEROS S.A  ;Tanner Servicios Financieros S.A  ;BFE;;;;;;;;;;;;;;;;;SM;;;
45687-PTJZ17;1342;30-01-2025;9;PTJZ17;79060146879;ADJUDICADO;GENERICO;NO;TRANSFERIDO;SANTANDER CONSUMER FINANCE LIMITADA  ;SANTANDER CONSUMER;BFE;;;1;;;;;;;;;;;;12-02-2025;28-02-2025;SM;;;25-03-2025
45687-PRLS43;1342;30-01-2025;10;PRLS43;81080002173;ADJUDICADO;GENERICO;NO;TRANSFERIDO;SANTANDER CONSUMER FINANCE LIMITADA  ;SANTANDER CONSUMER;BFE;;;1;;;;;;;;;;;;12-02-2025;13-02-2025;SM;;;12-03-2025
45687-FKDD29;1342;30-01-2025;11;FKDD29;;SIN POSTOR;GENERICO;NO;NO APLICA;RAÚL JOSÉ SANTIAGO ALDUNATE MENÉNDEZ  ;PARTICULAR;PARTICULARES;;;;;;;;;;;;;;;;;SM;;;
45687-SDKZ55;1342;30-01-2025;12;SDKZ55;24170163422;ADJUDICADO;GENERICO;NO;TRANSFERIDO;PRODUCCIONES E INVERSIONES ALTER S.A  ;SYSPROTEC SPA  ;BFE;;;1;;;;;;;;;;;;24-02-2025;26-02-2025;SM;;;21-03-2025
45687-BTDW90;1342;30-01-2025;13;BTDW90;24170168876;ADJUDICADO;LIQ;NO;NO CONTRATA;MAURICIO ALEJANDRO CONTRERAS VÁSQUEZ EN LIQUIDACIÓN  ;LIQUIDACION;LIQUIDACIONES;;;1;;;;;;;;;;;;;;;;;
45687-KPDY61;1342;30-01-2025;14;KPDY61;24170141592;DESISTIMIENTO;LIQ;NO;NO APLICA;GANADERA NICO SPA  ;LIQUIDACION;LIQUIDACIONES;;;1;;;;;;;;;;;;;;;;;
45701-SPJP49;1344;13-02-2025;3;SPJP49;24160427381;ADJUDICADO;GENERICO;NO;TRANSFERIDO;SANTANDER CONSUMER FINANCE LIMITADA  ;SANTANDER CONSUMER;BFE;;;1;;;;;;;;;;;;26-02-2025;27-02-2025;;;;20-03-2025
45701-RCFW39;1344;13-02-2025;4;RCFW39;24170027882;ADJUDICADO;GENERICO;NO;TRANSFERIDO;SANTANDER CONSUMER FINANCE LIMITADA  ;SANTANDER CONSUMER;BFE;;;1;;;;;;;;;;;;26-02-2025;27-02-2025;;;;20-03-2025
45701-GTCT79;1344;13-02-2025;5;GTCT79;;ADJUDICADO;GENERICO;NO;TRANSFERIDO;UNIDAD CREDITOS SA  ;UNIDAD CREDITOS SA  ;BFE;;;1;;;;;;;;;;;;24-02-2025;26-02-2025;;;;21-03-2025
45701-PYVY34;1344;13-02-2025;6;PYVY34;24200683613;ADJUDICADO;LIQ;NO;SOLICITUD DE TRANSFERENCIA;PABLO ANDRÉS NAVARRETE CRISÓSTOMO  ;LIQUIDACION;LIQUIDACIONES;[17/NOV] ALZAMIENTOS ENVIADOS AL LIQUIDADOR PARA GESTIONAR 26-03-2025;17-11-2025;1;;;;;;;;;;;;24-07-2026;28-07-2026;26-03-2025;;;
45701-RGGH18;1344;13-02-2025;7;RGGH18;83220022269;ADJUDICADO;GENERICO;NO;TRANSFERIDO;SANTANDER CONSUMER FINANCE LIMITADA  ;SANTANDER CONSUMER;BFE;;;1;;;;;;;;;;;;26-02-2025;27-02-2025;;;;20-03-2025
45701-RSFL66;1344;13-02-2025;8;RSFL66;;ADJUDICADO;GENERICO;NO;TRANSFERIDO;UNIDAD CREDITOS SA  ;UNIDAD CREDITOS SA  ;BFE;;;1;;;;;;;;;;;;24-02-2025;27-02-2025;;;;21-03-2025
45701-CTPR21;1344;13-02-2025;9;CTPR21;24200683472;ADJUDICADO;LIQ;NO;TRANSFERIDO;CARLOS GERARDO SANTANA REINOSO EN LIQUIDACIÓN  ;LIQUIDACION;LIQUIDACIONES;;;1;;;;;;;;;;;;24-02-2025;;;;;05-09-2025
45701-PHZW43;1344;13-02-2025;10;PHZW43;82470423847;ADJUDICADO;GENERICO;NO;TRANSFERIDO;TANNER SERVICIOS FINANCIEROS S.A  ;Tanner Servicios Financieros S.A  ;BFE;;;1;;;;;;;;;;;;26-02-2025;27-02-2025;;;;20-03-2025
45701-RYHB18;1344;13-02-2025;11;RYHB18;24160428561;ADJUDICADO;GENERICO;NO;TRANSFERIDO;SANTANDER CONSUMER FINANCE LIMITADA  ;SANTANDER CONSUMER;BFE;;;1;;;;;;;;;;;;26-02-2025;27-02-2025;;;;20-03-2025
45701-JRYP41;1344;13-02-2025;12;JRYP41;;ADJUDICADO;GENERICO;NO;TRANSFERIDO;CAROLINA ALEXANDRA  VENEGAS VENEGAS ;PARTICULAR;PARTICULARES;;;1;;;;;;;;;;;;12-03-2025;13-03-2025;;;;08-04-2025
45701-PDJT42;1344;13-02-2025;13;PDJT42;;ADJUDICADO;GENERICO;NO;TRANSFERIDO;UNIDAD CREDITOS SA  ;UNIDAD CREDITOS SA  ;BFE;;;1;;;;;;;;;;;;24-02-2025;26-02-2025;;;;21-03-2025
45701-JVRR82;1344;13-02-2025;14;JVRR82;;ADJUDICADO;GENERICO;NO;TRANSFERIDO;UNIDAD CREDITOS SA  ;UNIDAD CREDITOS SA  ;BFE;;;1;;;;;;;;;;;;24-02-2025;26-02-2025;;;;21-03-2025
45701-KBRB70;1344;13-02-2025;15;KBRB70;;ADJUDICADO;GENERICO;NO;TRANSFERIDO;UNIDAD CREDITOS SA  ;UNIDAD CREDITOS SA  ;BFE;;;1;;;;;;;;;;;;24-02-2025;26-02-2025;;;;21-03-2025
45701-HXVW64;1344;13-02-2025;16;HXVW64;;ADJUDICADO;GENERICO;NO;TRANSFERIDO;UNIDAD CREDITOS SA  ;UNIDAD CREDITOS SA  ;BFE;;;1;;;;;;;;;;;;24-02-2025;26-02-2025;;;;21-03-2025
45701-JRRK76;1344;13-02-2025;17;JRRK76;;ADJUDICADO;GENERICO;NO;TRANSFERIDO;UNIDAD CREDITOS SA  ;UNIDAD CREDITOS SA  ;BFE;;;1;;;;;;;;;;;;24-02-2025;26-02-2025;;;;21-03-2025
45701-KPXD30;1344;13-02-2025;18;KPXD30;;ADJUDICADO;GENERICO;NO;TRANSFERIDO;UNIDAD CREDITOS SA  ;UNIDAD CREDITOS SA  ;BFE;;;1;;;;;;;;;;;;24-02-2025;26-02-2025;;;;21-03-2025
45701-ZJ3442;1344;13-02-2025;19;ZJ3442;24200652766;ADJUDICADO;LIQ;NO;TRANSFERIDO;CLAUDIO ISIDRO MONTOYA VERA  ;LIQUIDACION;LIQUIDACIONES;;;1;;;;;;;;;;;;23-03-2026;25-03-2026;05-03-2025;;;06-05-2026
45701-LXPH90;1344;13-02-2025;1;LXPH90;81080174246;ADJUDICADO;MERA;SI;TRANSFERIDO;SCOTIABANK CHILE  ;LEASING DEL PACIFICO SPA;COMPRADIRECTA;;;1;;;;16-04-2025;04-06-2025;04-06-2025;05-06-2025;05-06-2025;06-06-2025;;;06-06-2025;11-06-2025;23-06-2025;;;26-06-2025
45701-LWPZ76;1344;13-02-2025;2;LWPZ76;;ADJUDICADO;GENERICO;NO;TRANSFERIDO;UNIDAD CREDITOS SA  ;UNIDAD CREDITOS SA  ;BFE;;;1;;;;;;;;;;;;24-02-2025;26-02-2025;;;;21-03-2025
45715-LXPK16;1346;27-02-2025;1;LXPK16;24200711646;ADJUDICADO;MERA;SI;TRANSFERIDO;SCOTIABANK CHILE  ;LEASING DEL PACIFICO SPA;COMPRADIRECTA;;;;;;;16-04-2025;04-06-2025;04-06-2025;05-06-2025;05-06-2025;06-06-2025;;;06-06-2025;11-06-2025;23-06-2025;;;30-06-2025
45715-LFFY79;1346;27-02-2025;2;LFFY79;;ADJUDICADO;TRANSF A SI;NO;TRANSFERIDO;AUTORENTAS TATTERSALL LIMITADA  ;AUTORENTAS TATTERSALL LIMITADA  ;PARTICULARES;;;;;;;;;;;;;;;19-05-2025;21-05-2025;;;;10-06-2025
45715-RJKS11;1346;27-02-2025;3;RJKS11;24200709434;ANULACION;GENERICO;NO;NO APLICA;TANNER SERVICIOS FINANCIEROS S.A  ;Tanner Servicios Financieros S.A  ;BFE;;;;;;;;;;;;;;;;;;;;
45715-JTXD71;1346;27-02-2025;4;JTXD71;24160454617;ADJUDICADO;GENERICO;NO;TRANSFERIDO;SANTANDER CONSUMER FINANCE LIMITADA  ;SANTANDER CONSUMER;BFE;;;;;;;;;;;;;;;13-03-2025;14-03-2025;;;;09-04-2025
45715-JSGC31;1346;27-02-2025;5;JSGC31;24160428801;ADJUDICADO;GENERICO;NO;TRANSFERIDO;SANTANDER CONSUMER FINANCE LIMITADA  ;SANTANDER CONSUMER;BFE;;;;;;;;;;;;;;;13-03-2025;14-03-2025;;;;09-04-2025
45715-RKYC83;1346;27-02-2025;6;RKYC83;24200711778;ADJUDICADO;GENERICO;NO;TRANSFERIDO;TANNER SERVICIOS FINANCIEROS S.A  ;Tanner Servicios Financieros S.A  ;BFE;;;;;;;;;;;;;;;13-03-2025;14-03-2025;;;;09-04-2025
45715-PTVD51;1346;27-02-2025;7;PTVD51;24200711505;ADJUDICADO;COMPRA PARA;NO;TRANSFERIDO;ALD AUTOMOTIVE LIMITADA .;PARTICULAR;PARTICULARES;;;;;;;;;04-04-2025;;;;;;;22-07-2025;;;;15-08-2025
45715-PYJP88;1346;27-02-2025;8;PYJP88;24200830040;ADJUDICADO;COMPRA PARA;NO;TRANSFERIDO;ALD AUTOMOTIVE LIMITADA .;SANTA INES II SPA ALD;PARTICULARES;;;;;;;;;04-04-2025;;;;;;;22-07-2025;;;;21-08-2025
45715-LSLC77;1346;27-02-2025;9;LSLC77;;DESISTIMIENTO;GENERICO;NO;NO APLICA;TERESA EDWARDS BRAUN  ;Citroen Chile S. A. C.  ;BFE;;;;;;;;;;;;;;;;;;;;
45715-SHBJ21;1346;27-02-2025;10;SHBJ21;24200709525;ADJUDICADO;LIQ;NO;TRANSFERIDO;JEFFERY JESUS MIRANDA MAKSAD  ;LIQUIDACION;LIQUIDACIONES;;;;;;;;;;;;;;;10-04-2026;17-04-2026;24-03-2025;;;20-05-2026
45715-LVKW14;1346;27-02-2025;11;LVKW14;;ANULACION;GENERICO;NO;NO APLICA;OLX FINANCIAL CHILE SPA  ;OLX FINANCIAL CHILE SPA  ;AUTOMOTORAS;;;;;;;;;;;;;;;;;;;;
45715-RZWR54;1346;27-02-2025;12; RZWR54 ;24200830735;ADJUDICADO;GENERICO;NO;TRANSFERIDO;SANTANDER CONSUMER FINANCE LIMITADA  ;SANTANDER CONSUMER;BFE;;;;;;;;;;;;;;;13-03-2025;14-03-2025;;;;09-04-2025
45715-JZVL52;1346;27-02-2025;13; JZVL52 ;24200709277;ADJUDICADO;GENERICO;NO;TRANSFERIDO;TANNER SERVICIOS FINANCIEROS S.A  ;Tanner Servicios Financieros S.A  ;BFE;;;;;;;;;;;;;;;13-03-2025;14-03-2025;;;;09-04-2025
45715-KKFW70;1346;27-02-2025;14; KKFW70 ;24200711885;ADJUDICADO;GENERICO;NO;TRANSFERIDO;UNIDAD CREDITOS SA  ;UNIDAD CREDITOS SA  ;BFE;;;;;;;;;;;;;;;13-03-2025;14-03-2025;;;;09-04-2025
45715-LTTD71;1346;27-02-2025;15;LTTD71;24200728541;ADJUDICADO;GENERICO;NO;TRANSFERIDO;TANNER SERVICIOS FINANCIEROS S.A  ;Tanner Servicios Financieros S.A  ;BFE;;;;;;;;;;;;;;;13-03-2025;14-03-2025;;;;09-04-2025
45715-GBSZ88;1346;27-02-2025;16;GBSZ88;24200711224;ADJUDICADO;GENERICO;NO;TRANSFERIDO;UNIDAD CREDITOS SA  ;UNIDAD CREDITOS SA  ;BFE;;;;;;;;;;;;;;;13-03-2025;14-03-2025;;;;09-04-2025
45715-GPFJ85;1346;27-02-2025;17;GPFJ85;;ADJUDICADO;GENERICO;NO;TRANSFERIDO;OLX FINANCIAL CHILE SPA  ;OLX FINANCIAL CHILE SPA  ;AUTOMOTORAS;;;;;;;;;;;;;;;;10-04-2025;;;;13-05-2025
45715-GSVS12;1346;27-02-2025;18;GSVS12;;ADJUDICADO;GENERICO;NO;TRANSFERIDO;JUAN PABLO SALAS ILLANES  ;PARTICULAR;PARTICULARES;;;;;;;;;;;;;;;13-03-2025;14-03-2025;;;;13-06-2025
45715-HKFJ41;1346;27-02-2025;19;HKFJ41;83330128659;ADJUDICADO;GENERICO;NO;TRANSFERIDO;UNIDAD CREDITOS SA  ;UNIDAD CREDITOS SA  ;BFE;;;;;;;;;;;;;;;13-03-2025;14-03-2025;;;;09-04-2025
45715-HLFX11;1346;27-02-2025;20;HLFX11;;ANULACION;GENERICO;NO;NO APLICA;TRANSPORTES GAC Y CALDERON LIMITADA  ;PARTICULAR;PARTICULARES;;;;;;;;;;;;;;;;;;;;
45715-RPZK52;1346;27-02-2025;21;RPZK52;24200712792;ADJUDICADO;GENERICO;NO;TRANSFERIDO;TANNER SERVICIOS FINANCIEROS S.A  ;Tanner Servicios Financieros S.A  ;BFE;;;;;;;;;;;;;;;13-03-2025;14-03-2025;;;;09-04-2025
45715-LHWK82;1346;27-02-2025;22;LHWK82;24200712784;SIN POSTOR;GENERICO;NO;NO APLICA;UNIDAD CREDITOS SA  ;UNIDAD CREDITOS SA  ;BFE;;;;;;;;;;;;;;;;;;;;
45715-PZBB43;1346;27-02-2025;23;PZBB43;24200728251;ADJUDICADO;GENERICO;NO;TRANSFERIDO;TANNER SERVICIOS FINANCIEROS S.A  ;Tanner Servicios Financieros S.A  ;BFE;;;;;;;;;;;;;;;13-03-2025;14-03-2025;;;;09-04-2025
45715-DCBX69;1346;27-02-2025;24;DCBX69;24200711349;SIN POSTOR;LIQ;NO;NO APLICA;SOC DE TRANSPORTES BETTA LTDA  ;LIQUIDACION;LIQUIDACIONES;;;;;;;;;;;;;;;;;;;;
45729-PGSB47;1356;13-03-2025;1;PGSB47;83250033137;ADJUDICADO;COMPRA PARA;NO;TRANSFERIDO;ALD AUTOMOTIVE LIMITADA .;SANTA INES II SPA ALD;PARTICULARES;;;;;;;;;04-04-2025;;;;;;;05-08-2025;;;;02-09-2025
45729-JXBG45;1356;13-03-2025;2;JXBG45;83250049943;ANULACION;GENERICO;NO;NO APLICA;VEHÍCULOS DE RENTA LTDA.  ;Vehículos de Renta Ltda.  ;LEASING;;;;;;;;;;;;;;;;;;;;
45729-SJTF80;1356;13-03-2025;3;SJTF80;;ADJUDICADO;TRANSF A SI;NO;TRANSFERIDO;AUTORENTAS TATTERSALL LIMITADA  ;AUTORENTAS TATTERSALL LIMITADA  ;PARTICULARES;;;;;;;;;;;;;;;03-09-2025;05-09-2025;;;;29-09-2025
45729-RLPR34;1356;13-03-2025;4;RLPR34;83250033103;ADJUDICADO;MERA;NO;TRANSFERIDO;BANCO DE CHILE  ;LEASING DEL PACIFICO SPA ;LEASING;;;;;;;03-06-2025;06-06-2025;06-06-2025;17-06-2025;19-06-2025;20-06-2025;;;24-06-2025;26-06-2025;08-07-2025;;;15-07-2025
45729-PXSH32;1356;13-03-2025;5;PXSH32;83250033368;ADJUDICADO;COMPRA PARA;NO;TRANSFERIDO;ALD AUTOMOTIVE LIMITADA .;SANTA INES II SPA ALD;PARTICULARES;;;;;;;;;04-04-2025;;;;;;;05-08-2025;;;;02-09-2025
45729-PXSH29;1356;13-03-2025;6;PXSH29;83250033251;ADJUDICADO;COMPRA PARA;NO;TRANSFERIDO;ALD AUTOMOTIVE LIMITADA .;SANTA INES II SPA ALD;PARTICULARES;;;;;;;;;04-04-2025;;;;;;;05-08-2025;;;;02-09-2025
45729-RFLK29;1356;13-03-2025;7;RFLK29;83250033533;ADJUDICADO;COMPRA PARA;NO;TRANSFERIDO;ALD AUTOMOTIVE LIMITADA .;SANTA INES II SPA ALD;PARTICULARES;;;;;;;;;04-04-2025;;;;;;;05-08-2025;;;;02-09-2025
45729-RKGH23;1356;13-03-2025;8;RKGH23;83250033392;ADJUDICADO;MERA;NO;TRANSFERIDO;BANCO DE CRÉDITO E INVERSIONES  ;LEASING DEL PACIFICO SPA ;LEASING;;;;;;;29-05-2025;06-06-2025;06-06-2025;17-06-2025;;;;;25-06-2025;26-06-2025;08-07-2025;;;15-07-2025
45729-LZYR92;1356;13-03-2025;9;LZYR92;;ADJUDICADO;TRANSF A SI;NO;TRANSFERIDO;AUTORENTAS TATTERSALL LIMITADA  ;AUTORENTAS TATTERSALL LIMITADA  ;PARTICULARES;;;;;;;;;;;;;;;31-10-2025;03-11-2025;;;;07-01-2025
45729-RRWR77;1356;13-03-2025;10;RRWR77;83250033327;ADJUDICADO;COMPRA PARA;NO;TRANSFERIDO;ALD AUTOMOTIVE LIMITADA .;SANTA INES II SPA ALD;PARTICULARES;;;;;;;;;04-04-2025;;;;;;;22-07-2025;;;;21-08-2025
45729-PYPK17;1356;13-03-2025;11;PYPK17;83250033061;ADJUDICADO;COMPRA PARA;NO;TRANSFERIDO;ALD AUTOMOTIVE LIMITADA .;SANTA INES II SPA ALD;PARTICULARES;;;;;;;;;04-04-2025;;;;;;;05-08-2025;;;;02-09-2025
45729-PBKC96;1356;13-03-2025;12;PBKC96;;ADJUDICADO;DERIVACION;NO;TRANSFERIDO;OLX LATAM CAR GROUP SPA  ;OLX LATAM CAR GROUP SPA  ;PARTICULARES;;;;;;;;;;;;;;;;23-04-2025;;;;18-05-2025
45729-SFWD64;1356;13-03-2025;13;SFWD64;83250049828;ADJUDICADO;MERA;NO;TRANSFERIDO;BANCO DE CRÉDITO E INVERSIONES  ;LEASING DEL PACIFICO SPA ;LEASING;;;;;;;10-04-2025;06-06-2025;06-06-2025;17-06-2025;;;;;25-06-2025;26-06-2025;08-07-2025;;;15-07-2025
45729-RGLT27;1356;13-03-2025;14;RGLT27;83250049133;ANULACION;GENERICO;NO;NO APLICA;BANCO DE CRÉDITO E INVERSIONES  ;LEASING DEL PACIFICO SPA ;LEASING;;;;;;;;;;;;;;;;;;;;
45729-JXVV94;1356;13-03-2025;15;JXVV94;83250049810;ANULACION;GENERICO;NO;NO APLICA;SOCIEDAD GALLARDO ANTILAF LIMITADA  ;LEASING DEL PACIFICO SPA ;LEASING;;;;;;;;;;;;;;;;;;;;
45729-RHJL27;1356;13-03-2025;16;RHJL27;83250049844;ADJUDICADO;GENERICO;NO;TRANSFERIDO;LEASING DEL PACIFICO SPA ;LEASING DEL PACIFICO SPA ;LEASING;;;;;;;;;;;;;;;03-04-2025;04-04-2025;;;;05-05-2025
45729-KBLC97;1356;13-03-2025;17;KBLC97;83250033806;ADJUDICADO;GENERICO;NO;TRANSFERIDO;TECNOFUSION HDPE SPA  ;Vehículos de Renta Ltda.  ;LEASING;;;;;;;;;;;;;;;03-04-2025;04-04-2025;;;;05-05-2025
45729-PHTS25;1356;13-03-2025;18;PHTS25;;ADJUDICADO;DERIVACION;NO;TRANSFERIDO;LUISA FERNANDA SALAZAR MANZO  ;SANTA INES II SPA POMPEYO;AUTOMOTORAS;;;;;;;;;;;;;;;24-09-2025;05-10-2025;;;;30-10-2025
45729-LVHB75;1356;13-03-2025;19;LVHB75;83250033053;ADJUDICADO;COMPRA PARA;NO;TRANSFERIDO;ALD AUTOMOTIVE LIMITADA .;SANTA INES II SPA ALD;PARTICULARES;;;;;;;;;04-04-2025;;;;;;;22-07-2025;;;;21-08-2025
45729-RJLX49;1356;13-03-2025;20;RJLX49;83250033111;ADJUDICADO;MERA;NO;TRANSFERIDO;BANCO SECURITY  ;LEASING DEL PACIFICO SPA ;LEASING;;;;;;;10-04-2025;03-07-2025;04-07-2025;09-07-2025;10-07-2025;11-07-2025;;;11-07-2025;15-07-2025;28-07-2025;;;05-08-2025
45729-RHSF78;1356;13-03-2025;21;RHSF78;83250033384;DESISTIMIENTO;MERA;NO;NO APLICA;BANCO DE CRÉDITO E INVERSIONES  ;LEASING DEL PACIFICO SPA ;LEASING;;;;;;;;;;;;;;;;;;;;
45729-LSLC77;1356;13-03-2025;22;LSLC77;83250049786;ADJUDICADO;GENERICO;NO;TRANSFERIDO;TERESA EDWARDS BRAUN  ;Citroen Chile S. A. C.  ;BFE;;;;;;;;;;;;;;;;26-08-2025;;;;22-09-2025
45729-LHWK82;1356;13-03-2025;23;LHWK82;24200712784;ADJUDICADO;GENERICO;NO;TRANSFERIDO;UNIDAD CREDITOS SA  ;UNIDAD CREDITOS SA  ;BFE;;;;;;;;;;;;;;;03-04-2025;04-04-2025;;;;05-05-2025
45736-LXPH87;1357;20-03-2025;1;LXPH87;;ADJUDICADO;MERA;SI;TRANSFERIDO;SCOTIABANK CHILE  ;AUTORENTAS DEL PACIFICO SPA;COMPRADIRECTA;;;;;;;16-04-2025;04-06-2025;04-06-2025;05-06-2025;05-06-2025;06-06-2025;;;06-06-2025;11-06-2025;23-06-2025;;;30-06-2025
45736-SKZW26;1357;20-03-2025;2;SKZW26;8325004924;ADJUDICADO;MERA;NO;TRANSFERIDO;ITAU CORPBANCA  ;LEASING DEL PACIFICO SPA ;LEASING;;;;;;;22-04-2025;07-05-2025;09-05-2025;14-05-2025;14-05-2025;15-05-2025;;;20-05-2025;20-05-2025;;;;10-06-2025
45736-SFXG85;1357;20-03-2025;3;SFXG85;8325004997;ADJUDICADO;MERA;NO;TRANSFERIDO;ITAU CORPBANCA  ;LEASING DEL PACIFICO SPA ;LEASING;;;;;;;26-05-2025;16-06-2025;18-05-2025;24-06-2025;07-07-2025;07-07-2025;;;07-07-2025;06-08-2025;12-08-2025;;;25-08-2025
45736-SRVF64;1357;20-03-2025;4;SRVF64;8325004935;ADJUDICADO;MERA;NO;TRANSFERIDO;BANCO DE CRÉDITO E INVERSIONES  ;LEASING DEL PACIFICO SPA ;LEASING;;;;;;;22-04-2025;26-05-2025;29-05-2025;04-06-2025;05-06-2025;06-06-2025;;;09-06-2025;10-06-2025;23-06-2025;;;01-07-2025
45736-SFWD61;1357;20-03-2025;5;SFWD61;8325004998;ADJUDICADO;MERA;NO;TRANSFERIDO;BANCO DE CRÉDITO E INVERSIONES  ;LEASING DEL PACIFICO SPA ;LEASING;;;;;;;22-04-2025;26-05-2025;29-05-2025;04-06-2025;05-06-2025;06-06-2025;;;09-06-2025;10-06-2025;23-06-2025;;;01-07-2025
45736-SFWD51;1357;20-03-2025;6;SFWD51;83250049968;ADJUDICADO;MERA;NO;TRANSFERIDO;BANCO DE CRÉDITO E INVERSIONES  ;LEASING DEL PACIFICO SPA ;LEASING;;;;;;;22-04-2025;26-05-2025;29-05-2025;04-06-2025;05-06-2025;06-06-2025;;;09-06-2025;10-06-2025;23-06-2025;;;01-07-2025
45736-SFWD78;1357;20-03-2025;7;SFWD78;8325004995;ADJUDICADO;MERA;NO;TRANSFERIDO;BANCO DE CRÉDITO E INVERSIONES  ;LEASING DEL PACIFICO SPA ;LEASING;;;;;;;22-04-2025;26-05-2025;29-05-2025;04-06-2025;05-06-2025;06-06-2025;;;09-06-2025;10-06-2025;23-06-2025;;;01-07-2025
45736-SBRF59;1357;20-03-2025;8;SBRF59;8325004926;ADJUDICADO;MERA;NO;TRANSFERIDO;BANCO DE CRÉDITO E INVERSIONES  ;LEASING DEL PACIFICO SPA ;LEASING;;;;;;;22-04-2025;26-05-2025;29-05-2025;04-06-2025;05-06-2025;06-06-2025;;;09-06-2025;10-06-2025;23-06-2025;;;01-07-2025
45736-SCCX64;1357;20-03-2025;9;SCCX64;8325004925;ADJUDICADO;MERA;NO;TRANSFERIDO;BANCO CONSORCIO  ;LEASING DEL PACIFICO SPA ;LEASING;;;;;;;29-05-2025;14-07-2025;14-07-2025;24-07-2025;25-07-2025;28-07-2025;;;30-07-2025;31-07-2025;11-08-2025;;;20-08-2025
45736-RTLD97;1357;20-03-2025;10;RTLD97;8325004963;ANULACION;MERA;NO;NO APLICA;SCOTIABANK CHILE  ;LEASING DEL PACIFICO SPA ;LEASING;;;;;;;;;;;;;;;;;;;;
45736-SBGY43;1357;20-03-2025;11;SBGY43;8325004920;ADJUDICADO;MERA;NO;TRANSFERIDO;SCOTIABANK CHILE  ;LEASING DEL PACIFICO SPA ;LEASING;;;;;;;19-08-2025;19-11-2025;20-11-2025;25-11-2025;25-11-2025;26-11-2025;;;01-12-2025;02-12-2025;;;;05-01-2025
45736-SHKX97;1357;20-03-2025;12;SHKX97;83250049992;ADJUDICADO;COMPRA PARA;NO;TRANSFERIDO;ALD AUTOMOTIVE LIMITADA .;SANTA INES II SPA ALD;PARTICULARES;;;;;;;;;04-04-2025;;;;;;;22-07-2025;;;;21-08-2025
45736-PTVF23;1357;20-03-2025;13;PTVF23;8325004947;ADJUDICADO;COMPRA PARA;NO;TRANSFERIDO;ALD AUTOMOTIVE LIMITADA .;SANTA INES II SPA ALD;PARTICULARES;;;;;;;;;04-04-2025;13-08-2025;;;;;06-08-2025;12-08-2025;;;;03-10-2025
45736-LTLZ65;1357;20-03-2025;14;LTLZ65;8325004922;ADJUDICADO;GENERICO;NO;TRANSFERIDO;SANTANDER CONSUMER FINANCE LIMITADA  ;SANTANDER CONSUMER;BFE;;;;;;;;;;;;;;;03-04-2025;04-04-2025;;;;05-05-2025
45736-SGFW48;1357;20-03-2025;15;SGFW48;;ADJUDICADO;TRANSF A SI;NO;TRANSFERIDO;UVI TECH CHILE SPA  ;KAVAK;AUTOMOTORAS;;;;;;;;;;;;;;;20-05-2025;20-05-2025;;;;10-06-2025
45736-RBBH84;1357;20-03-2025;16;RBBH84;24150209104;ADJUDICADO;GENERICO;NO;TRANSFERIDO;SANTANDER CONSUMER FINANCE LIMITADA  ;SANTANDER CONSUMER;BFE;;;;;;;;;;;;;;;03-04-2025;04-04-2025;;;;26-06-2025
45736-RFKF73;1357;20-03-2025;17;RFKF73;24170024558;ADJUDICADO;GENERICO;NO;TRANSFERIDO;SANTANDER CONSUMER FINANCE LIMITADA  ;SANTANDER CONSUMER;BFE;;;;;;;;;;;;;;;03-04-2025;04-04-2025;;;;05-05-2025
45736-SCJT24;1357;20-03-2025;18;SCJT24;8325004934;ADJUDICADO;MERA;NO;TRANSFERIDO;BANCO DE CRÉDITO E INVERSIONES  ;LEASING DEL PACIFICO SPA ;LEASING;;;;;;;22-04-2025;26-05-2025;29-05-2025;04-06-2025;05-06-2025;06-06-2025;;;09-06-2025;10-06-2025;23-06-2025;;;01-07-2025
45736-LSVY98;1357;20-03-2025;19;LSVY98;83330051786;ADJUDICADO;GENERICO;NO;TRANSFERIDO;SANTANDER CONSUMER FINANCE LIMITADA  ;SANTANDER CONSUMER;BFE;;;;;;;;;;;;;;;03-04-2025;04-04-2025;;;;05-05-2025
45736-PJRD67;1357;20-03-2025;20;PJRD67;;ADJUDICADO;TRANSF A SI;NO;TRANSFERIDO;AUTORENTAS TATTERSALL LIMITADA  ;AUTORENTAS TATTERSALL LIMITADA  ;PARTICULARES;;;;;;;;;;;;;;;11-06-2025;23-06-2025;;;;11-07-2025
45736-PTCB20;1357;20-03-2025;21;PTCB20;8325004909;ANULACION;MERA;NO;NO APLICA;BANCO DE CHILE  ;LEASING DEL PACIFICO SPA ;LEASING;;;;;;;;;;;;;;;;;;;;
45736-LTLK72;1357;20-03-2025;22;LTLK72;83250049497;ADJUDICADO;MERA;NO;TRANSFERIDO;BANCO DE CRÉDITO E INVERSIONES  ;LEASING DEL PACIFICO SPA ;LEASING;;;;;;;22-04-2025;26-05-2025;29-05-2025;04-06-2025;05-06-2025;06-06-2025;;;09-06-2025;10-06-2025;23-06-2025;;;01-07-2025
45736-LHWJ14;1357;20-03-2025;23;LHWJ14;8325004921;ADJUDICADO;MERA;NO;TRANSFERIDO;BANCO DE CHILE  ;LEASING DEL PACIFICO SPA ;LEASING;;;;;;;03-06-2025;06-06-2025;06-06-2025;17-06-2025;19-06-2025;20-06-2025;;;24-06-2025;26-06-2025;08-07-2025;;;15-07-2025
45736-LKRR67;1357;20-03-2025;24;LKRR67;83250049364;ADJUDICADO;MERA;NO;TRANSFERIDO;SCOTIABANK CHILE  ;LEASING DEL PACIFICO SPA ;LEASING;;;;;;;24-04-2025;04-06-2025;04-06-2025;05-06-2025;05-06-2025;06-06-2025;;;06-06-2025;11-06-2025;23-06-2025;;;30-06-2025
45736-LLVL77;1357;20-03-2025;25;LLVL77;8325004923;ADJUDICADO;MERA;NO;TRANSFERIDO;ITAU CORPBANCA  ;LEASING DEL PACIFICO SPA ;LEASING;;;;;;;22-04-2025;07-05-2025;09-05-2025;14-05-2025;14-05-2025;15-05-2025;;;20-05-2025;20-05-2025;;;;10-06-2025
45736-RGCK91;1357;20-03-2025;26;RGCK91;83250033814;ADJUDICADO;GENERICO;NO;TRANSFERIDO;SANTANDER CONSUMER FINANCE LIMITADA  ;SANTANDER CONSUMER;BFE;;;;;;;;;;;;;;;03-04-2025;04-04-2025;;;;05-05-2025
45736-SRDV42;1357;20-03-2025;27;SRDV42;8325004943;ADJUDICADO;GENERICO;NO;TRANSFERIDO;SANTANDER CONSUMER FINANCE LIMITADA  ;SANTANDER CONSUMER;BFE;;;;;;;;;;;;;;;03-04-2025;04-04-2025;;;;05-05-2025
45736-SBSG36;1357;20-03-2025;28;SBSG36;24200728863;ADJUDICADO;GENERICO;NO;TRANSFERIDO;SANTANDER CONSUMER FINANCE LIMITADA  ;SANTANDER CONSUMER;BFE;;;;;;;;;;;;;;;02-04-2025;04-04-2025;;;;28-05-2025
45736-RDDB14;1357;20-03-2025;29;RDDB14;24170034995;ADJUDICADO;GENERICO;NO;TRANSFERIDO;SANTANDER CONSUMER FINANCE LIMITADA  ;SANTANDER CONSUMER;BFE;;;;;;;;;;;;;;;03-04-2025;04-04-2025;;;;05-05-2025
45736-RGCF12;1357;20-03-2025;30;RGCF12;79110134297;ADJUDICADO;GENERICO;NO;TRANSFERIDO;SANTANDER CONSUMER FINANCE LIMITADA  ;SANTANDER CONSUMER;BFE;;;;;;;;;;;;;;;03-04-2025;04-04-2025;;;;05-05-2025
45736-LVKW14;1357;20-03-2025;31;LVKW14;;ADJUDICADO;GENERICO;NO;TRANSFERIDO;OLX FINANCIAL CHILE SPA  ;OLX FINANCIAL CHILE SPA  ;AUTOMOTORAS;;;;;;;;;;;;;;;;10-04-2025;;;;13-05-2025
45736-RZDK89;1357;20-03-2025;32;RZDK89;24150148120;ADJUDICADO;GENERICO;NO;TRANSFERIDO;SANTANDER CONSUMER FINANCE LIMITADA  ;SANTANDER CONSUMER;BFE;;;;;;;;;;;;;;;03-04-2025;04-04-2025;;;;05-05-2025
45736-PTCH72;1357;20-03-2025;33;PTCH72;24150209542;ADJUDICADO;GENERICO;NO;TRANSFERIDO;SANTANDER CONSUMER FINANCE LIMITADA  ;SANTANDER CONSUMER;BFE;;;;;;;;;;;;;;;03-04-2025;04-04-2025;;;;05-05-2025
45736-RFBJ28;1357;20-03-2025;34;RFBJ28;24050459791;ADJUDICADO;GENERICO;NO;TRANSFERIDO;SANTANDER CONSUMER FINANCE LIMITADA  ;SANTANDER CONSUMER;BFE;;;;;;;;;;;;;;;03-04-2025;04-04-2025;;;;05-05-2025
45743-TDDG81;1358;27-03-2025;1;TDDG81;;ADJUDICADO;COMPRA PARA;SI;TRANSFERIDO;PABLO DAVID CARREÑO ORTIZ  ;SANTA INES II SPA DIFOR;COMPRADIRECTA;;;;;;;;;15-04-2025;;;;;;23-09-2025;24-09-2025;;;;14-10-2025
45743-LZYZ90;1358;27-03-2025;2;LZYZ90;;ADJUDICADO;TRANSF A SI;NO;TRANSFERIDO;AUTORENTAS TATTERSALL LIMITADA  ;AUTORENTAS TATTERSALL LIMITADA  ;PARTICULARES;;;;;;;;;;;;;;;19-05-2025;20-05-2025;;;;10-06-2025
45743-KHJY35;1358;27-03-2025;3;KHJY35;81070093513;ADJUDICADO;GENERICO;NO;TRANSFERIDO;SANTANDER CONSUMER FINANCE LIMITADA  ;SANTANDER CONSUMER;BFE;;;;;;;;;;;;;;;17-04-2025;22-04-2025;;;;16-05-2025
45743-SWPF77;1358;27-03-2025;4;SWPF77;83250086747;ADJUDICADO;GENERICO;NO;TRANSFERIDO;CLAUDIA DE LAS MERCEDES RAMÍREZ OSSES  ;Citroen Chile S. A. C.  ;BFE;;;;;;;;;;;;;;;23-05-2025;26-05-2025;;;;13-06-2025
45743-RWCL90;1358;27-03-2025;5;RWCL90;;ADJUDICADO;DERIVACION;NO;TRANSFERIDO;ERNESTO JAVIER VALENZUELA PIZARRO  ;SANTA INES II SPA POMPEYO;AUTOMOTORAS;;;;;;;;;;;;;;;25-09-2025;26-09-2025;;;;20-10-2025
45743-LTWP71;1358;27-03-2025;6;LTWP71;;ADJUDICADO;TRANSF A SI;NO;TRANSFERIDO;ROSE MARIE SABA SAMUR  ;KAVAK;AUTOMOTORAS;;;;;;;;;;;;;;;20-05-2025;20-05-2025;;;;10-06-2025
45743-SZWK85;1358;27-03-2025;7;SZWK85;24200683373;ADJUDICADO;GENERICO;NO;TRANSFERIDO;SANTANDER CONSUMER FINANCE LIMITADA  ;SANTANDER CONSUMER;BFE;;;;;;;;;;;;;;;17-04-2025;22-04-2025;;;;16-05-2025
45743-PTCB74;1358;27-03-2025;8;PTCB74;;ADJUDICADO;GENERICO;NO;TRANSFERIDO;HUIMICLEY MARCHENA MORERA  ;ACTIVA MOVILIDAD II SPA  ;AUTOMOTORAS;;;;;;;;;;;;;;;23-05-2025;27-05-2025;;;;01-07-2025
45743-STYW81;1358;27-03-2025;9;STYW81;82160691430;ADJUDICADO;GENERICO;NO;TRANSFERIDO;SANTANDER CONSUMER FINANCE LIMITADA  ;SANTANDER CONSUMER;BFE;;;;;;;;;;;;;;;17-04-2025;22-04-2025;;;;16-05-2025
45743-RHSF78;1358;27-03-2025;10;RHSF78;83250033384;ADJUDICADO;MERA;NO;TRANSFERIDO;BANCO DE CRÉDITO E INVERSIONES  ;LEASING DEL PACIFICO SPA ;LEASING;;;;;;;28-04-2025;26-05-2025;29-05-2025;04-06-2025;05-06-2025;06-06-2025;;;09-06-2025;10-06-2025;23-06-2025;;;01-07-2025
45743-PKHP76;1358;27-03-2025;11;PKHP76;;DESISTIMIENTO;GENERICO;SI;NO APLICA;ICAFAL MAQUINARIA LIMITADA;ICAFAL MAQUINARIA LIMITADA;BFE;;;;;;;;;;;;;;;;;;;;
45743-RLWX44;1358;27-03-2025;12;RLWX44;83250086077;ADJUDICADO;GENERICO;NO;TRANSFERIDO;SANTANDER CONSUMER FINANCE LIMITADA  ;SANTANDER CONSUMER;BFE;;;;;;;;;;;;;;;17-04-2025;22-04-2025;;;;16-05-2025
45743-RPXB75;1358;27-03-2025;13;RPXB75;81500316625;ADJUDICADO;GENERICO;NO;TRANSFERIDO;SANTANDER CONSUMER FINANCE LIMITADA  ;SANTANDER CONSUMER;BFE;;;;;;;;;;;;;;;17-04-2025;22-04-2025;;;;16-05-2025
45743-SJLC28;1358;27-03-2025;14;SJLC28;83250086671;DESISTIMIENTO;MERA;NO;NO APLICA;BANCO DE CRÉDITO E INVERSIONES  ;AUTORENTAS DEL PACIFICO SPA;LEASING;;;;;;;;;;;;;;;;;;;;
45743-RYLV73;1358;27-03-2025;15;RYLV73;83250086697;DESISTIMIENTO;MERA;NO;NO APLICA;SCOTIABANK CHILE;AUTORENTAS DEL PACIFICO SPA;LEASING;;;;;;;;;;;;;;;;;;;;
45743-RGLW53;1358;27-03-2025;16;RGLW53;83250086721;ADJUDICADO;MERA;NO;TRANSFERIDO;BANCO DE CRÉDITO E INVERSIONES  ;LEASING DEL PACIFICO SPA ;LEASING;;;;;;;22-04-2025;26-05-2025;29-05-2025;04-06-2025;05-06-2025;06-06-2025;;;09-06-2025;10-06-2025;23-06-2025;;;01-07-2025
45743-RGLT27;1358;27-03-2025;17;RGLT27;83250049133;ADJUDICADO;MERA;NO;TRANSFERIDO;BANCO DE CRÉDITO E INVERSIONES  ;LEASING DEL PACIFICO SPA ;LEASING;;;;;;;22-04-2025;26-05-2025;29-05-2025;04-06-2025;05-06-2025;06-06-2025;;;09-06-2025;10-06-2025;23-06-2025;;;01-07-2025
45743-PSVJ40;1358;27-03-2025;18;PSVJ40;83250086739;ADJUDICADO;MERA;NO;TRANSFERIDO;BANCO DE CHILE  ;LEASING DEL PACIFICO SPA ;LEASING;;;;;;;03-06-2025;06-06-2025;06-06-2025;17-06-2025;19-06-2025;20-06-2025;;;24-06-2025;26-06-2025;08-07-2025;;;15-07-2025
45743-PCLJ52;1358;27-03-2025;19;PCLJ52;83250086655;ADJUDICADO;MERA;NO;TRANSFERIDO;BANCO DE CHILE  ;LEASING DEL PACIFICO SPA ;LEASING;;;;;;;03-06-2025;06-06-2025;06-06-2025;17-06-2025;19-06-2025;20-06-2025;;;24-06-2025;26-06-2025;08-07-2025;;;15-07-2025
45743-KWSY84;1358;27-03-2025;20;KWSY84;24150158509;ADJUDICADO;GENERICO;NO;TRANSFERIDO;LEASING DEL PACIFICO SPA ;LEASING DEL PACIFICO SPA ;LEASING;;;;;;;22-04-2025;;;;;;;;17-04-2025;22-04-2025;;;;08-05-2025
45743-PCLH17;1358;27-03-2025;21;PCLH17;83250086796;ADJUDICADO;GENERICO;NO;TRANSFERIDO;JUAN EVANGELISTA MONCADA JEREZ  ;LEASING DEL PACIFICO SPA ;LEASING;;;;;;;;;;;;;;;17-04-2025;22-04-2025;;01-10-2025;10-10-2025;11-11-2025
45743-LZYY41;1358;27-03-2025;22;LZYY41;83250086689;ADJUDICADO;GENERICO;NO;TRANSFERIDO;LEASING DEL PACIFICO SPA ;LEASING DEL PACIFICO SPA ;LEASING;;;;;;;;;;;;;;;17-04-2025;22-04-2025;;;;16-05-2025
45743-PBDB56;1358;27-03-2025;23;PBDB56;83250086663;ADJUDICADO;MERA;NO;TRANSFERIDO;BANCO SANTANDER CHILE  ;AUTORENTAS DEL PACIFICO SPA;LEASING;;;;;;;17-06-2025;25-06-2025;04-07-2025;09-07-2025;10-07-2025;11-07-2025;;;11-07-2025;15-07-2025;28-07-2025;;;05-08-2025
45743-JXVV94;1358;27-03-2025;24;JXVV94;83250049810;ADJUDICADO;GENERICO;NO;TRANSFERIDO;SOCIEDAD GALLARDO ANTILAF LIMITADA  ;LEASING DEL PACIFICO SPA ;LEASING;;;;;;;;;;;;;;;21-04-2025;22-04-2025;;;;08-05-2025
45743-FKPZ80;1358;27-03-2025;25;FKPZ80;83250086788;ADJUDICADO;GENERICO;NO;TRANSFERIDO;UNIDAD CREDITOS SA  ;UNIDAD CREDITOS SA  ;BFE;;;;;;;;;;;;;;;17-04-2025;22-04-2025;;;;16-05-2025
45743-KCWL66;1358;27-03-2025;26;KCWL66;;ADJUDICADO;TRANSF A SI;NO;TRANSFERIDO;ERNESTO DÍAZ PONCE  ;KAVAK;AUTOMOTORAS;;;;;;;;;;;;;;;20-05-2025;20-05-2025;;;;10-06-2025
45743-RYVH44;1358;27-03-2025;27;RYVH44;83250086770;ADJUDICADO;GENERICO;NO;TRANSFERIDO;UNIDAD CREDITOS SA  ;UNIDAD CREDITOS SA  ;BFE;;;;;;;;;;;;;;;17-04-2025;22-04-2025;;;;16-05-2025
45743-LKXC25;1358;27-03-2025;28;LKXC25;;ADJUDICADO;TRANSF A SI;NO;TRANSFERIDO;NANCY MARGARITA GARRIDO LARA  ;KAVAK;AUTOMOTORAS;;;;;;;;;;;;;;;20-05-2025;20-05-2025;;;;10-06-2025
45743-JXBG45;1358;27-03-2025;29;JXBG45;83250049943;ADJUDICADO;GENERICO;NO;TRANSFERIDO;VEHÍCULOS DE RENTA LTDA.  ;Vehículos de Renta Ltda.  ;LEASING;;;;;;;;;;;;;;;17-04-2025;22-04-2025;;;;08-05-2025
45743-RYRW78;1358;27-03-2025;30;RYRW78;83250086085;ADJUDICADO;GENERICO;NO;TRANSFERIDO;SANTANDER CONSUMER FINANCE LIMITADA  ;SANTANDER CONSUMER;BFE;;;;;;;;;;;;;;;17-04-2025;22-04-2025;;;;16-05-2025
45743-RPSS19;1358;27-03-2025;31;RPSS19;;ADJUDICADO;COMPRA PARA;SI;TRANSFERIDO;JAIRO EDUARDO AMPUERO PIÑA  ;SANTA INES II SPA DIFOR;COMPRADIRECTA;;;;;;;;;15-04-2025;;;;;;23-09-2025;24-09-2025;;;;14-10-2025
45743-SSPH51;1358;27-03-2025;32;SSPH51;83250086135;ADJUDICADO;GENERICO;NO;TRANSFERIDO;SANTANDER CONSUMER FINANCE LIMITADA  ;SANTANDER CONSUMER;BFE;;;;;;;;;;;;;;;17-04-2025;22-04-2025;;;;16-05-2025
45743-SSDK99;1358;27-03-2025;33;SSDK99;24170153050;ADJUDICADO;GENERICO;NO;TRANSFERIDO;SANTANDER CONSUMER FINANCE LIMITADA  ;SANTANDER CONSUMER;BFE;;;;;;;;;;;;;;;17-04-2025;22-04-2025;;;;16-05-2025
45743-GZVJ59;1358;27-03-2025;34;GZVJ59;;ADJUDICADO;DERIVACION;NO;TRANSFERIDO;CARLOS HERNÁN SEPÚLVEDA DURÁN  ;SANTA INES II SPA POMPEYO;AUTOMOTORAS;;;;;;;;;;;;;;;29-05-2025;30-05-2025;17-06-2025;;;24-06-2025
45743-RZCX90;1358;27-03-2025;35;RZCX90;83250086705;ADJUDICADO;LIQ;NO;TRANSFERIDO;RUBEN DARIO CONTRERAS BERNAR  ;LIQUIDACION;LIQUIDACIONES;;;;;;;;;;;;;;;09-01-2026;14-01-2026;15-05-2025;;;16-02-2026
45743-JZRJ16;1358;27-03-2025;36;JZRJ16;83250086713;ADJUDICADO;LIQ;NO;SOLICITUD DE TRANSFERENCIA;CRISTIAN HUGO HERNÁNDEZ GUTIÉRREZ  ;LIQUIDACION;LIQUIDACIONES;[28/07] UNIDAD RECHAZADA VENDEDOR CON DEUDA DE PENSION DE ALIMENTOS VIGENTE;28-07-2026;;;;;;;;;;;;;29-04-2025;30-04-2025;;30-05-2025;;
45743-DGHB61;1358;27-03-2025;37;DGHB61;83250086762;ADJUDICADO;LIQ;NO;TRANSFERIDO;ANDRÉS ANTONIO RIVERA PIZARRO  ;LIQUIDACION;LIQUIDACIONES;;;;;;;;;;;;;;;20-11-2025;21-11-2025;;;;24-12-2025
45743-KPDY61;1358;27-03-2025;38;KPDY61;24170141592;SIN POSTOR;LIQ;NO;NO APLICA;GANADERA NICO SPA  ;LIQUIDACION;LIQUIDACIONES;;;;;;;;;;;;;;;;;;;;
45743-JSHW58;1358;27-03-2025;39;JSHW58;83250086754;SIN POSTOR;LIQ;NO;NO APLICA;RESSO SPA  ;LIQUIDACION;LIQUIDACIONES;;;;;;;;;;;;;;;;;;;;
45750-JYJK42;1363;03-04-2025;1;JYJK42;;ADJUDICADO;COMPRA PARA;SI;TRANSFERIDO;ALD AUTOMOTIVE LIMITADA .;SANTA INES II SPA ALD;COMPRADIRECTA;;;;;;;;;19-05-2025;;;;;;;05-08-2025;;;;02-09-2025
45750-LCWR22;1363;03-04-2025;2;LCWR22;;ADJUDICADO;MERA;NO;TRANSFERIDO;BANCO DE CHILE  ;VEHICULOS DE RENTA LTDA;LEASING;;;;;;;03-06-2025;;;;;;;;14-10-2025;15-10-2025;;;;02-12-2025
45750-LGPY30;1363;03-04-2025;3;LGPY30;;ADJUDICADO;GENERICO;NO;TRANSFERIDO;LEASING DEL PACIFICO SPA ;LEASING DEL PACIFICO SPA ;LEASING;;;;;;;;;;;;;;;29-04-2025;30-04-2025;;;;26-05-2025
45750-SVBP30;1363;03-04-2025;4;SVBP30;;ANULACION;GENERICO;NO;NO APLICA;EUROPARTS SPA  ;Citroen Chile S. A. C.  ;AUTOMOTORAS;;;;;;;;;;;;;;;;;;;;
45750-RSFR32;1363;03-04-2025;5;RSFR32;;ADJUDICADO;COMPRA PARA;SI;TRANSFERIDO;JOSÉ LUIS PAZ AGURTO  ;SANTA INES II SPA DIFOR;COMPRADIRECTA;;;;;;;;;15-04-2025;;;;;;23-09-2025;24-09-2025;;;;14-10-2025
45750-TDZD30;1363;03-04-2025;6;TDZD30;;ADJUDICADO;COMPRA PARA;SI;TRANSFERIDO;ROGERS REIMAC VENEGAS OLAVARRÍA  ;SANTA INES II SPA DIFOR;COMPRADIRECTA;;;;;;;;;15-04-2025;;;;;;23-09-2025;24-09-2025;;;;14-10-2025
45750-PGKR17;1363;03-04-2025;7;PGKR17;;ADJUDICADO;TRANSF A SI;SI;TRANSFERIDO;SALINAS Y FABRES SA  ;SANTA INES II SPA SALFA USADOS;COMPRADIRECTA;;;;;;;;;;;;;;;12-08-2025;12-08-2025;;;;02-09-2025
45750-RPVK49;1363;03-04-2025;8;RPVK49;;ADJUDICADO;DERIVACION;SI;TRANSFERIDO;MANUEL FLORENTINO CANDIA BELLO  ;SANTA INES II SPA POMPEYO;COMPRADIRECTA;;;;;;;;;;;;;;;09-06-2025;10-06-2025;;;;30-06-2025
45750-HZDD55;1363;03-04-2025;9;HZDD55;;ADJUDICADO;TRANSF A SI;SI;TRANSFERIDO;GERSON ANTONIO CASTRO VEGA  ;SANTA INES II SPA SALFA USADOS;COMPRADIRECTA;;;;;;;;;;;;;;;12-08-2025;12-08-2025;;;;02-09-2025
45750-DFKR14;1363;03-04-2025;10;DFKR14;;SUSPENDIDO;GENERICO;SI;NO APLICA;SALINAS Y FABRES S A;SANTA INES II SPA SALFA USADOS;COMPRADIRECTA;;;;;;;;;;;;;;;;;;;;
45750-LVPS36;1363;03-04-2025;11;LVPS36;;ADJUDICADO;GENERICO;NO;TRANSFERIDO;TANNER SERVICIOS FINANCIEROS S.A  ;Tanner Servicios Financieros S.A  ;BFE;;;;;;;;;;;;;;;29-04-2025;30-04-2025;;;;26-05-2025
45750-SGCL78;1363;03-04-2025;12;SGCL78;;ADJUDICADO;GENERICO;NO;TRANSFERIDO;SANTANDER CONSUMER FINANCE LIMITADA  ;SANTANDER CONSUMER;BFE;;;;;;;;;;;;;;;29-04-2025;30-04-2025;;;;26-05-2025
45750-SHDS16;1363;03-04-2025;13;SHDS16;;ADJUDICADO;GENERICO;NO;TRANSFERIDO;SANTANDER CONSUMER FINANCE LIMITADA  ;SANTANDER CONSUMER;BFE;;;;;;;;;;;;;;;29-04-2025;30-04-2025;;;;26-05-2025
45750-RPDP12;1363;03-04-2025;14;RPDP12;;ADJUDICADO;GENERICO;NO;TRANSFERIDO;TANNER SERVICIOS FINANCIEROS S.A  ;Tanner Servicios Financieros S.A  ;BFE;;;;;;;;;;;;;;;29-04-2025;30-04-2025;;;;26-05-2025
45750-RTKL30;1363;03-04-2025;15;RTKL30;;ADJUDICADO;GENERICO;NO;TRANSFERIDO;SANTANDER CONSUMER FINANCE LIMITADA  ;SANTANDER CONSUMER;BFE;;;;;;;;;;;;;;;29-04-2025;30-04-2025;;;;26-05-2025
45750-LFYL46;1363;03-04-2025;16;LFYL46;;ADJUDICADO;MERA;NO;TRANSFERIDO;BANCO SANTANDER CHILE  ;LEASING DEL PACIFICO SPA ;LEASING;;;;;;;06-05-2025;08-05-2025;09-05-2025;14-05-2025;14-05-2025;15-05-2025;;;20-05-2025;20-05-2025;;;;10-06-2025
45757-SFBL16;1364;10-04-2025;1;SFBL16;;ADJUDICADO;COMPRA PARA;SI;TRANSFERIDO;ALD AUTOMOTIVE LIMITADA .;SANTA INES II SPA ALD;COMPRADIRECTA;;;;;;;;;19-05-2025;;;;;;;22-07-2025;;;;21-08-2025
45757-LWPC77;1364;10-04-2025;2;LWPC77;;ADJUDICADO;LIQ;NO;TRANSFERIDO;EXPORTADORA Y COMERCIALIZADORA CALAFATE  ;LIQUIDACION;LIQUIDACIONES;;;;;;;;;;;;;;;23-03-2026;25-03-2026;25-04-2025;;;06-05-2026
45757-LPYP79;1364;10-04-2025;3;LPYP79;;ADJUDICADO;LIQ;NO;TRANSFERIDO;EXPORTADORA Y COMERCIALIZADORA CALAFATE  ;LIQUIDACION;LIQUIDACIONES;;;;;;;;;;;;;;;23-03-2026;25-03-2026;25-04-2025;;;06-05-2026
45757-RVBW11;1364;10-04-2025;4;RVBW11;;ADJUDICADO;LIQ;NO;TRANSFERIDO;EXPORTADORA Y COMERCIALIZADORA CALAFATE  ;LIQUIDACION;LIQUIDACIONES;;;;;;;;;;;;;;;10-04-2026;17-04-2026;25-04-2025;;;20-05-2026
45757-PGBF35;1364;10-04-2025;5;PGBF35;;DESISTIMIENTO;LIQ;NO;NO APLICA;EXPORTADORA Y COMERCIALIZADORA CALAFATE  ;LIQUIDACION;LIQUIDACIONES;;;;;;;;;;;;;;;;;;;;
45757-JZGX55;1364;10-04-2025;6;JZGX55;;ADJUDICADO;LIQ;NO;TRANSFERIDO;EXPORTADORA Y COMERCIALIZADORA CALAFATE  ;LIQUIDACION;LIQUIDACIONES;;;;;;;;;;;;;;;07-04-2026;17-04-2026;25-04-2025;;;20-05-2026
45757-KLLR72;1364;10-04-2025;7;KLLR72;;ADJUDICADO;DERIVACION;SI;TRANSFERIDO;JUAN CRISTIAN GONZÁLEZ GONZÁLEZ   KAVAK;SANTA INES II SPA KAVAK  ;COMPRADIRECTA;;;;;;;;;;;;;;;01-09-2025;02-09-2025;;;;27-09-2025
45757-JGBV79;1364;10-04-2025;8;JGBV79;;ADJUDICADO;DERIVACION;SI;TRANSFERIDO;MARÍA FRANCISCA CORTÉS AGUIRRE  OLX;SANTA INES II SPA OLX;COMPRADIRECTA;;;;;;;;;;;;;;;19-05-2025;19-05-2025;;;;07-06-2025
45757-RTJS32;1364;10-04-2025;9;RTJS32;;DESISTIMIENTO;DERIVACION;SI;NO APLICA;ALD AUTOMOTIVE LIMITADA .;SANTA INES II SPA OLX;COMPRADIRECTA;;;;;;;;;;;;;;;;;;;;
45757-PGTR35;1364;10-04-2025;10;PGTR35;;ADJUDICADO;DERIVACION;SI;TRANSFERIDO;VICENTE ANDRÉS VILLAVICENCIO OGAZ  OLX;SANTA INES II SPA OLX;COMPRADIRECTA;;;;;;;;;;;;;;;04-06-2025;05-06-2025;;;;26-06-2025
45757-RPLB86;1364;10-04-2025;11;RPLB86;;DESISTIMIENTO;DERIVACION;SI;NO APLICA;Pompeyo Carrasco Automóviles SPA  ;SANTA INES II SPA POMPEYO;COMPRADIRECTA;;;;;;;;;;;;;;;;;;;;
45757-RFGX76;1364;10-04-2025;12;RFGX76;;ADJUDICADO;COMPRA PARA;SI;TRANSFERIDO;ALD AUTOMOTIVE LIMITADA .;SANTA INES II SPA ALD;COMPRADIRECTA;;;;;;;;;19-05-2025;27-08-2025;;;;;07-08-2025;27-08-2025;;;;16-09-2025
45757-PHYK75;1364;10-04-2025;13;PHYK75;;ADJUDICADO;DERIVACION;SI;TRANSFERIDO;DIEGO ALBERTO BRAVO GÓMEZ  KAVAK;SANTA INES II SPA KAVAK  ;COMPRADIRECTA;;;;;;;;;;;;;;;29-05-2025;11-06-2025;;;;11-08-2025
45757-LZZK89;1364;10-04-2025;14;LZZK89;;ADJUDICADO;MERA;SI;TRANSFERIDO;BANCO SANTANDER CHILE  ;SANTA INES II SPA MITTA;COMPRADIRECTA;;;;;;;06-05-2025;08-05-2025;09-05-2025;14-05-2025;14-05-2025;15-05-2025;;;20-05-2025;20-05-2025;;;;10-06-2025
45757-KGGD55;1364;10-04-2025;15;KGGD55;;ADJUDICADO;DERIVACION;SI;TRANSFERIDO;MACARENA MARÍA UGARTE EPPLE  OLX;SANTA INES II SPA OLX;COMPRADIRECTA;;;;;;;;;;;;;;;04-06-2025;05-06-2025;;;;25-06-2025
45757-HKBY68;1364;10-04-2025;16;HKBY68;;ADJUDICADO;DERIVACION;SI;TRANSFERIDO;SEBASTIÁN ALEXANDER SÁNCHEZ ORDÓÑEZ KAVAK  ;SANTA INES II SPA KAVAK  ;COMPRADIRECTA;;;;;;;;;;;;;;;29-05-2025;11-06-2025;;;;11-08-2025
45757-SPKV96;1364;10-04-2025;17;SPKV96;;ADJUDICADO;COMPRA PARA;SI;TRANSFERIDO;ALD AUTOMOTIVE LIMITADA .;SANTA INES II SPA ALD;COMPRADIRECTA;;;;;;;;;19-05-2025;;;;;;;11-08-2025;;;;02-09-2025
45757-PYPK35;1364;10-04-2025;18;PYPK35;;ADJUDICADO;COMPRA PARA;SI;TRANSFERIDO;ALD AUTOMOTIVE LIMITADA .;SANTA INES II SPA ALD;COMPRADIRECTA;;;;;;;;;19-05-2025;;;;;;07-08-2025;29-09-2025;;;;20-10-2025
45757-SKSF12;1364;10-04-2025;19;SKSF12;;ADJUDICADO;COMPRA PARA;SI;TRANSFERIDO;ALD AUTOMOTIVE LIMITADA .;SANTA INES II SPA ALD;COMPRADIRECTA;;;;;;;;;19-05-2025;;;;;;12-08-2025;12-08-2025;;;;02-09-2025
45757-SKSD15;1364;10-04-2025;20;SKSD15;;ADJUDICADO;COMPRA PARA;SI;TRANSFERIDO;ALD AUTOMOTIVE LIMITADA .;SANTA INES II SPA ALD;COMPRADIRECTA;;;;;;;;;19-05-2025;;;;;;;05-08-2025;;;;02-09-2025
45757-GBPC84;1364;10-04-2025;21;GBPC84;;ADJUDICADO;GENERICO;SI;TRANSFERIDO;FRANCISCO ISMAEL BERGUECIO MARTÍNEZ  ;FRANCISCO ISMAEL BERGUECIO MARTÍNEZ  ;COMPRADIRECTA;;;;;;;;;;;;;;;06-05-2025;06-05-2025;;;;29-05-2025
45757-GSZB40;1364;10-04-2025;22;GSZB40;;ADJUDICADO;DERIVACION;SI;TRANSFERIDO;JOSÉ IGNACIO VELÁSQUEZ TOLEDO  KAVAK;SANTA INES II SPA KAVAK  ;COMPRADIRECTA;;;;;;;;;;;;;;;20-08-2025;22-08-2025;;;;23-09-2025
45757-GVHC15;1364;10-04-2025;23;GVHC15;;DESISTIMIENTO;GENERICO;SI;NO APLICA;JUAN LUIS SILVA DEVIA;Pompeyo Carrasco Automóviles SPA  ;COMPRADIRECTA;;;;;;;;;;;;;;;;;;;;
45757-HYBW90;1364;10-04-2025;24;HYBW90;;SIN POSTOR;LIQ;NO;NO APLICA;LIQUIDACION;LIQUIDACION;LIQUIDACIONES;;;;;;;;;;;;;;;;;;;;
45764-RGFY39;1365;17-04-2025;1;RGFY39;;ADJUDICADO;GENERICO;NO;TRANSFERIDO;SANTANDER CONSUMER FINANCE LIMITADA  ;SANTANDER CONSUMER;BFE;;;;;;;;;;;;;;;29-04-2025;30-04-2025;;;;26-05-2025
45764-RLHB36;1365;17-04-2025;2;RLHB36;;ADJUDICADO;MERA;SI;TRANSFERIDO;BANCO BICE  ;SANTA INES II SPA MITTA;COMPRADIRECTA;;;;;;;15-05-2025;03-01-1900;04-07-2025;09-07-2025;10-07-2025;11-07-2025;;;11-07-2025;15-07-2025;28-07-2025;;;05-08-2025
45764-LVKC50;1365;17-04-2025;3;LVKC50;;ADJUDICADO;GENERICO;SI;TRANSFERIDO;LEASING DEL PACIFICO SPA ;SANTA INES II SPA MITTA;COMPRADIRECTA;;;;;;;;;;;;;;;14-05-2025;16-06-2025;;;;09-06-2025
45764-PKHP76;1365;17-04-2025;4;PKHP76;;ADJUDICADO;TRANSF A SI;SI;TRANSFERIDO;ICAFAL MAQUINARIA LIMITADA  ;ICAFAL MAQUINARIA LIMITADA  ;COMPRADIRECTA;;;;;;;;;;;;;;;12-08-2025;12-08-2025;;;;02-09-2025
45764-SJLC28;1365;17-04-2025;5;SJLC28;;ADJUDICADO;MERA;NO;TRANSFERIDO;BANCO DE CRÉDITO E INVERSIONES  ;LEASING DEL PACIFICO SPA ;LEASING;;;;;;;29-05-2025;06-06-2025;06-06-2025;17-06-2025;17-06-2025;18-06-2025;;;25-06-2025;26-06-2025;08-07-2025;;;15-07-2025
45764-RYLV73;1365;17-04-2025;6;RYLV73;;DESISTIMIENTO;GENERICO;NO;NO APLICA;MITTA;MITTA;LEASING;;;;;;;;;;;;;;;;;;;;
45764-SLZT90;1365;17-04-2025;7;SLZT90;;ADJUDICADO;GENERICO;NO;TRANSFERIDO;SANTANDER CONSUMER FINANCE LIMITADA  ;SANTANDER CONSUMER;BFE;;;;;;;;;;;;;;;29-04-2025;30-04-2025;;;;26-05-2025
45764-TPYS76;1365;17-04-2025;8;TPYS76;;ADJUDICADO;GENERICO;NO;TRANSFERIDO;SANTANDER CONSUMER FINANCE LIMITADA  ;SANTANDER CONSUMER;BFE;;;;;;;;;;;;;;;29-04-2025;30-04-2025;;;;26-05-2025
45764-RLPR43;1365;17-04-2025;9;RLPR43;;ADJUDICADO;MERA;SI;TRANSFERIDO;BANCO DE CHILE  ;SANTA INES II SPA MITTA;COMPRADIRECTA;;;;;;;03-06-2025;06-06-2025;06-06-2025;17-06-2025;19-06-2025;20-06-2025;;;24-06-2025;26-06-2025;08-07-2025;;;15-07-2025
45764-KLVH82;1365;17-04-2025;10;KLVH82;;DESISTIMIENTO;DERIVACION;SI;NO APLICA;KAVAK;SANTA INES II SPA KAVAK  ;COMPRADIRECTA;;;;;;;;;;;;;;;;;;;;
45764-JLWH64;1365;17-04-2025;11;JLWH64;;ADJUDICADO;GENERICO;NO;TRANSFERIDO;SANTANDER CONSUMER FINANCE LIMITADA  ;SANTANDER CONSUMER;BFE;;;;;;;;;26-05-2025;;;;;;29-04-2025;30-04-2025;;;;26-05-2025
45764-SGRX20;1365;17-04-2025;12;SGRX20;;ADJUDICADO;GENERICO;NO;TRANSFERIDO;SANTANDER CONSUMER FINANCE LIMITADA  ;SANTANDER CONSUMER;BFE;;;;;;;;;;;;;;;29-04-2025;30-04-2025;;;;26-05-2025
45764-SKJL77;1365;17-04-2025;13;SKJL77;;DESISTIMIENTO;GENERICO;NO;NO APLICA;FRANCISCA ALEJANDRA DONOSO BARRÍA  ;FRANCISCA ALEJANDRA DONOSO BARRÍA  ;BFE;;;;;;;;;;;;;;;;;;;;
45764-HDKX92;1365;17-04-2025;14;HDKX92;;ADJUDICADO;GENERICO;NO;TRANSFERIDO;SANTANDER CONSUMER FINANCE LIMITADA  ;SANTANDER CONSUMER;BFE;;;;;;;;;;;;;;;29-04-2025;30-04-2025;;;;26-05-2025
45764-PYPK14;1365;17-04-2025;15;PYPK14;;ADJUDICADO;COMPRA PARA;SI;TRANSFERIDO;ALD AUTOMOTIVE LIMITADA .;SANTA INES II SPA ALD;COMPRADIRECTA;;;;;;;;;19-05-2025;;;;;;07-08-2025;25-08-2025;;;;16-09-2025
45764-SKSD88;1365;17-04-2025;16;SKSD88;;ADJUDICADO;COMPRA PARA;SI;TRANSFERIDO;ALD AUTOMOTIVE LIMITADA .;SANTA INES II SPA ALD;COMPRADIRECTA;;;;;;;;;19-05-2025;;;;;;;05-08-2025;;;;02-09-2025
45771-LTBX71;1366;24-04-2025;1;LTBX71;;ADJUDICADO;MERA;SI;TRANSFERIDO;BANCO INTERNACIONAL  ;SANTA INES II SPA MITTA;COMPRADIRECTA;;;;;;;15-05-2025;04-07-2025;04-07-2025;09-07-2025;10-07-2025;11-07-2025;;;14-07-2025;15-07-2025;28-07-2025;;;04-08-2025
45771-PSGC85;1366;24-04-2025;2;PSGC85;;ADJUDICADO;MERA;SI;TRANSFERIDO;BANCO BICE  ;SANTA INES II SPA MITTA;COMPRADIRECTA;;;;;;;27-05-2025;03-07-2025;04-07-2025;09-07-2025;10-07-2025;11-07-2025;;;11-07-2025;15-07-2025;28-07-2025;;;05-08-2025
45771-PPDC66;1366;24-04-2025;3;PPDC66;;DESISTIMIENTO;MERA;SI;NO APLICA;SCOTIABANK CHILE  ;SANTA INES II SPA MITTA;COMPRADIRECTA;;;;;;;;;;;;;;;;;;;;
45771-LYCR57;1366;24-04-2025;4;LYCR57;;ADJUDICADO;MERA;SI;TRANSFERIDO;BANCO DE CHILE  ;SANTA INES II SPA MITTA;COMPRADIRECTA;;;;;;;03-06-2025;06-06-2025;06-06-2025;17-06-2025;19-06-2025;20-06-2025;;;24-06-2025;26-06-2025;08-07-2025;;;15-07-2025
45771-PHSX65;1366;24-04-2025;5;PHSX65;;ADJUDICADO;GENERICO;SI;TRANSFERIDO;LEASING DEL PACIFICO SPA ;SANTA INES II SPA MITTA;COMPRADIRECTA;;;;;;;;;19-05-2025;;;;;;14-05-2025;19-05-2025;;;;09-06-2025
45771-LXJY32;1366;24-04-2025;6;LXJY32;;ADJUDICADO;COMPRA PARA;SI;TRANSFERIDO;ALD AUTOMOTIVE LIMITADA .;SANTA INES II SPA ALD;COMPRADIRECTA;;;;;;;;;19-05-2025;;;;;;;05-08-2025;;;;02-09-2025
45771-PGRW41;1366;24-04-2025;7;PGRW41;;ADJUDICADO;MERA;SI;TRANSFERIDO;SCOTIABANK CHILE  ;SANTA INES II SPA MITTA;COMPRADIRECTA;;;;;;;27-05-2025;04-06-2025;04-06-2025;05-06-2025;05-06-2025;06-06-2025;;;06-06-2025;11-06-2025;23-06-2025;;;30-06-2025
45771-PSHL66;1366;24-04-2025;8;PSHL66;;ADJUDICADO;DERIVACION;SI;TRANSFERIDO;COMERCIAL Y NEGOCIOS VICTOR JILBERTO SPA  ;SANTA INES II SPA POMPEYO;COMPRADIRECTA;;;;;;;;;;;;;;;;07-08-2025;;;;27-08-2025
45771-PCXS91;1366;24-04-2025;9;PCXS91;;ADJUDICADO;GENERICO;SI;TRANSFERIDO;LEASING DEL PACIFICO SPA ;SANTA INES II SPA MITTA;COMPRADIRECTA;;;;;;;;;;;;;;;14-05-2025;16-05-2025;;;;09-06-2025
45771-KLXW41;1366;24-04-2025;10;KLXW41;;DESISTIMIENTO;MERA;NO;NO APLICA;BANCO DE CHILE  ;MITTA;LEASING;;;;;;;;;;;;;;;;;;;;
45771-RXVT55;1366;24-04-2025;11;RXVT55;;DESISTIMIENTO;COMPRA PARA;SI;NO APLICA;ALD AUTOMOTIVE LIMITADA .;SANTA INES II SPA ALD;COMPRADIRECTA;;;;;;;;;;;;;;;;;;;;
45771-JZDT46;1366;24-04-2025;12;JZDT46;;ADJUDICADO;DERIVACION;SI;TRANSFERIDO;CAROLINA ANTONIA MORALES TOLOSA  ;SANTA INES II SPA KAVAK  ;COMPRADIRECTA;;;;;;;;;;;;;;;20-05-2025;05-06-2025;;;;23-09-2025
45771-HXXS87;1366;24-04-2025;13;HXXS87;;ADJUDICADO;LIQ;NO;GESTION MACAL;AMILKAR FABIAN CARDENAS PEREZ  ;LIQUIDACION;LIQUIDACIONES;[14/04] CON LIMITACIONES AUN ;14-04-2026;;;;;;;;;;;;;;;03-09-2025;;;
45771-SVCV81;1366;24-04-2025;14;SVCV81;;ADJUDICADO;GENERICO;NO;TRANSFERIDO;ACTIVA MOVILIDAD II SPA  ;ACTIVA MOVILIDAD II SPA  ;LEASING;;;;;;;;;;;;;;;14-05-2025;16-05-2025;;;;09-06-2025
45771-SDWF28;1366;24-04-2025;15;SDWF28;;ADJUDICADO;GENERICO;NO;TRANSFERIDO;ACTIVA MOVILIDAD II SPA  ;ACTIVA MOVILIDAD II SPA  ;LEASING;;;;;;;;;;;;;;;14-05-2025;16-05-2025;;;;09-06-2025
45771-SWBJ79;1366;24-04-2025;16;SWBJ79;;DESISTIMIENTO;MERA;NO;NO APLICA;EUROPARTS SPA . .;Citroen Chile S. A. C.  ;AUTOMOTORAS;;;;;;;;;;;;;;;;;;;;
45771-SWBL10;1366;24-04-2025;17;SWBL10;;ADJUDICADO;GENERICO;NO;TRANSFERIDO;EUROPARTS SPA . .;Citroen Chile S. A. C.  ;AUTOMOTORAS;;;;;;;;;;;;;;;14-05-2025;16-05-2025;;;;09-06-2025
45771-SWBJ88;1366;24-04-2025;18;SWBJ88;;ADJUDICADO;GENERICO;NO;TRANSFERIDO;EUROPARTS SPA . .;Citroen Chile S. A. C.  ;AUTOMOTORAS;;;;;;;;;;;;;;;23-05-2025;23-05-2025;;;;09-06-2025
45771-SYYL55;1366;24-04-2025;19;SYYL55;;DESISTIMIENTO;COMPRA PARA;SI;NO APLICA;FRANK NELSON CABAÑAS BARRERA  ;SANTA INES II SPA DIFOR;COMPRADIRECTA;;;;;;;;;;;;;;;;;;;;
45771-SWZP38;1366;24-04-2025;20;SWZP38;;DESISTIMIENTO;GENERICO;NO;NO APLICA;ACTIVA MOVILIDAD II SPA  ;ACTIVA MOVILIDAD II SPA  ;LEASING;;;;;;;;;;;;;;;;;;;;
45771-SYGP71;1366;24-04-2025;21;SYGP71;;ADJUDICADO;GENERICO;NO;TRANSFERIDO;ACTIVA MOVILIDAD II SPA  ;ACTIVA MOVILIDAD II SPA  ;LEASING;;;;;;;;;;;;;;;14-05-2025;16-05-2025;;;;09-06-2025
45771-SWZP40;1366;24-04-2025;22;SWZP40;;ADJUDICADO;GENERICO;NO;TRANSFERIDO;ACTIVA MOVILIDAD II SPA  ;ACTIVA MOVILIDAD II SPA  ;LEASING;;;;;;;;;;;;;;;14-05-2025;16-05-2025;;;;09-06-2025
45771-SWDS34;1366;24-04-2025;23;SWDS34;;ADJUDICADO;GENERICO;NO;TRANSFERIDO;ACTIVA MOVILIDAD II SPA  ;ACTIVA MOVILIDAD II SPA  ;LEASING;;;;;;;;;;;;;;;14-05-2025;22-05-2025;;;;10-06-2025
45771-SWJR99;1366;24-04-2025;24;SWJR99;;ADJUDICADO;GENERICO;NO;TRANSFERIDO;ACTIVA MOVILIDAD II SPA  ;ACTIVA MOVILIDAD II SPA  ;LEASING;;;;;;;;;;;;;;;14-05-2025;16-05-2025;;;;09-06-2025
45771-SCYG24;1366;24-04-2025;25;SCYG24;;SIN POSTOR;GENERICO;NO;NO APLICA;ACTIVA MOVILIDAD II SPA  ;ACTIVA MOVILIDAD II SPA  ;LEASING;;;;;;;;;;;;;;;;;;;;
45771-SCZZ74;1366;24-04-2025;26;SCZZ74;;ADJUDICADO;GENERICO;NO;TRANSFERIDO;ACTIVA MOVILIDAD II SPA  ;ACTIVA MOVILIDAD II SPA  ;LEASING;;;;;;;;;;;;;;;14-05-2025;16-05-2025;;;;09-06-2025
45771-RXSP45;1366;24-04-2025;27;RXSP45;;ADJUDICADO;GENERICO;NO;TRANSFERIDO;ACTIVA MOVILIDAD II SPA  ;ACTIVA MOVILIDAD II SPA  ;LEASING;;;;;;;;;;;;;;;14-05-2025;16-05-2025;;;;09-06-2025
45771-PLXD62;1366;24-04-2025;28;PLXD62;;DESISTIMIENTO;LIQ;NO;NO APLICA;YOSELIN VANESA NÚÑEZ MONSALVE  ;LIQUIDACION;LIQUIDACIONES;;;;;;;;;;;;;;;;;;;;
45771-SCRZ85;1366;24-04-2025;29;SCRZ85;;ADJUDICADO;COMPRA PARA;SI;TRANSFERIDO;ALD AUTOMOTIVE LIMITADA .;SANTA INES II SPA ALD;COMPRADIRECTA;;;;;;;;;19-05-2025;;;;;;10-10-2025;17-10-2025;;;;06-11-2025
45771-PYPJ92;1366;24-04-2025;30;PYPJ92;;ADJUDICADO;COMPRA PARA;SI;TRANSFERIDO;ALD AUTOMOTIVE LIMITADA .;SANTA INES II SPA ALD;COMPRADIRECTA;;;;;;;;;19-05-2025;;;;;;10-10-2025;17-10-2025;;;;06-11-2025
45771-SGPS51;1366;24-04-2025;31;SGPS51;;ADJUDICADO;DERIVACION;SI;TRANSFERIDO;AUTOMOTRIZ DENALI SPA  ;SANTA INES II SPA KAVAK  ;COMPRADIRECTA;;;;;;;;;;;;;;;14-09-2025;15-09-2025;;;;14-10-2025
45771-SKSC69;1366;24-04-2025;32;SKSC69;;ADJUDICADO;COMPRA PARA;SI;TRANSFERIDO;ALD AUTOMOTIVE LIMITADA .;SANTA INES II SPA ALD;COMPRADIRECTA;;;;;;;;;19-05-2025;;;;;;07-08-2025;25-08-2025;;;;16-09-2025
45771-SRCT33;1366;24-04-2025;33;SRCT33;;DESISTIMIENTO;COMPRA PARA;SI;NO APLICA;NEOSOL INGENIERIA Y SERVICIOS SPA  ;SANTA INES II SPA DIFOR;COMPRADIRECTA;;;;;;;;;;;;;;;;;;;;
45771-KHCJ39;1366;24-04-2025;34;KHCJ39;;ADJUDICADO;DERIVACION;SI;TRANSFERIDO;AMÉRICO SEBASTIÁN JARA YÁÑEZ  ;SANTA INES II SPA KAVAK  ;COMPRADIRECTA;;;;;;;;;;;;;;;14-08-2025;14-08-2025;;;;23-09-2025
45771-JGYT20;1366;24-04-2025;35;JGYT20;;DESISTIMIENTO;DERIVACION;SI;NO APLICA;ANGELA CROXATTO VIVIANI  ;SANTA INES II SPA KAVAK  ;COMPRADIRECTA;;;;;;;;;;;;;;;;;;;;
45771-DFKR14;1366;24-04-2025;36;DFKR14;;ADJUDICADO;TRANSF A SI;SI;TRANSFERIDO;SALINAS Y FABRES SA  ;SANTA INES II SPA SALFA USADOS;COMPRADIRECTA;;;;;;;;;;;;;;;11-06-2025;23-06-2025;;;;11-07-2025
45771-JKJV10;1366;24-04-2025;37;JKJV10;;ADJUDICADO;DERIVACION;SI;TRANSFERIDO;CARLOS ENRIQUE MATURANA MARÍN  ;SANTA INES II SPA OLX;COMPRADIRECTA;;;;;;;;;;;;;;;28-07-2025;07-08-2025;;;;27-08-2025
45771-FLSS46;1366;24-04-2025;38;FLSS46;;ADJUDICADO;DERIVACION;SI;TRANSFERIDO;VICENTE BALLAS MATTE  ;SANTA INES II SPA KAVAK  ;COMPRADIRECTA;;;;;;;;;;;;;;;20-05-2025;05-06-2025;;;;11-08-2025
45771-HDVH88;1366;24-04-2025;39;HDVH88;;ADJUDICADO;DERIVACION;SI;TRANSFERIDO;REINALDO ANDRÉS ACEVEDO BRAVO  ;SANTA INES II SPA KAVAK  ;COMPRADIRECTA;;;;;;;;;;;;;;;23-05-2025;17-06-2025;;;;07-07-2025
45771-HYBW90;1366;24-04-2025;40;HYBW90;;ADJUDICADO;LIQ;NO;GESTION MACAL;RICARDO ROBERTO GUERRERO PAREDES  ;LIQUIDACION;LIQUIDACIONES;[14/04] CON LIMITACIONES DE ZONA FRANCA;14-04-2026;;;;;;;;;;;;;;;21-08-2025;;;
45771-LVCT37;1366;24-04-2025;41;LVCT37;;ADJUDICADO;LIQ;NO;TRANSFERIDO;JONATHAN ANDRÉS PINO TAPIA  ;LIQUIDACION;LIQUIDACIONES;;;;;;;;;;;;;;;11-02-2026;17-02-2026;21-08-2025;;;30-03-2026
45771-RRKX14;1366;24-04-2025;42;RRKX14;;SIN POSTOR;LIQ;NO;NO APLICA;YURJACY RAMON GONZALEZ PEREZ  ;LIQUIDACION;LIQUIDACIONES;;;;;;;;;;;;;;;;;;;;
45771-RTDC34;1366;24-04-2025;43;RTDC34;;SIN POSTOR;LIQ;NO;NO APLICA;JUAN LUIS HERNANDEZ ALVARADO  ;LIQUIDACION;LIQUIDACIONES;;;;;;;;;;;;;;;;;;;;
45771-HXJ050;1366;24-04-2025;44;HXJ050;;SIN POSTOR;LIQ;NO;NO APLICA;CINTHYA ANDREA GARRIDO MAUREIRA EN LIQUIDACIÓN  ;LIQUIDACION;LIQUIDACIONES;;;;;;;;;;;;;;;;;;;;
45785-THVS21;1370;08-05-2025;1;THVS21;;ADJUDICADO;MERA;NO;TRANSFERIDO;MARUBENI HOLDING LTDA  ;ACTIVA MOVILIDAD II SPA  ;LEASING;;;;;;;;;;;;;;;30-09-2025;01-10-2025;;;;21-10-2025
45785-SXLX34;1370;08-05-2025;2;SXLX34;;ANULACION;GENERICO;NO;NO APLICA;ACTIVA MOVILIDAD II SPA  ;ACTIVA MOVILIDAD II SPA  ;LEASING;;;;;;;;;;;;;;;02-06-2025;05-06-2025;;;;26-06-2025
45785-SBHH32;1370;08-05-2025;3;SBHH32;;ADJUDICADO;LIQ;NO;TRANSFERIDO;IMPRENTA FIGRAF SPA  ;LIQUIDACION;LIQUIDACIONES;;;;;;;;;;;;;;;20-01-2026;21-01-2026;21-08-2025;;;26-02-2026
45785-RWWK77;1370;08-05-2025;4;RWWK77;;DESISTIMIENTO;LIQ;NO;NO APLICA;CAMILO ERNESTO BELEÑO HERAZO  ;LIQUIDACION;LIQUIDACIONES;;;;;;;;;;;;;;;;;;;;
45785-PBDV20;1370;08-05-2025;5;PBDV20;;ADJUDICADO;LIQ;NO;TRANSFERIDO;NICOLE DENISSE LÓPEZ FUENZALIDA  ;LIQUIDACION;LIQUIDACIONES;;;;;;;;;;;;;;;10-04-2026;14-04-2026;21-08-2025;;;20-05-2026
45785-TFHW58;1370;08-05-2025;6;TFHW58;;DESISTIMIENTO;GENERICO;NO;NO APLICA;ACTIVA MOVILIDAD II SPA  ;ACTIVA MOVILIDAD II SPA  ;LEASING;;;;;;;;;;;;;;;;;;;;
45785-TFHW46;1370;08-05-2025;7;TFHW46;;DESISTIMIENTO;GENERICO;NO;NO APLICA;ACTIVA MOVILIDAD II SPA  ;ACTIVA MOVILIDAD II SPA  ;LEASING;;;;;;;;;;;;;;;;;;;;
45785-TFHW82;1370;08-05-2025;8;TFHW82;;DESISTIMIENTO;GENERICO;NO;NO APLICA;ACTIVA MOVILIDAD II SPA  ;ACTIVA MOVILIDAD II SPA  ;LEASING;;;;;;;;;;;;;;;;;;;;
45785-TFHW25;1370;08-05-2025;9;TFHW25;;DESISTIMIENTO;GENERICO;NO;NO APLICA;ACTIVA MOVILIDAD II SPA  ;ACTIVA MOVILIDAD II SPA  ;LEASING;;;;;;;;;;;;;;;;;;;;
45785-TBKD68;1370;08-05-2025;10;TBKD68;;DESISTIMIENTO;GENERICO;NO;NO APLICA;ACTIVA MOVILIDAD II SPA  ;ACTIVA MOVILIDAD II SPA  ;LEASING;;;;;;;;;;;;;;;;;;;;
45785-TFHX19;1370;08-05-2025;11;TFHX19;;ADJUDICADO;GENERICO;NO;TRANSFERIDO;ACTIVA MOVILIDAD II SPA  ;ACTIVA MOVILIDAD II SPA  ;LEASING;;;;;;;;;;;;;;;02-06-2025;05-06-2025;;;;15-07-2025
45785-TFHV23;1370;08-05-2025;12;TFHV23;;DESISTIMIENTO;GENERICO;NO;NO APLICA;ACTIVA MOVILIDAD II SPA  ;ACTIVA MOVILIDAD II SPA  ;LEASING;;;;;;;;;;;;;;;;;;;;
45785-TFHW75;1370;08-05-2025;13;TFHW75;;ADJUDICADO;GENERICO;NO;TRANSFERIDO;ACTIVA MOVILIDAD II SPA  ;ACTIVA MOVILIDAD II SPA  ;LEASING;;;;;;;;;;;;;;;02-06-2025;05-06-2025;;;;26-06-2025
45785-TFHW29;1370;08-05-2025;14;TFHW29;;ADJUDICADO;GENERICO;NO;TRANSFERIDO;ACTIVA MOVILIDAD II SPA  ;ACTIVA MOVILIDAD II SPA  ;LEASING;;;;;;;;;;;;;;;02-06-2025;05-06-2025;;;;26-06-2025
45785-TFHX33;1370;08-05-2025;15;TFHX33;;ADJUDICADO;GENERICO;NO;TRANSFERIDO;ACTIVA MOVILIDAD II SPA  ;ACTIVA MOVILIDAD II SPA  ;LEASING;;;;;;;;;;;;;;;02-06-2025;05-06-2025;;;;26-06-2025
45785-TFHV11;1370;08-05-2025;16;TFHV11;;ADJUDICADO;GENERICO;NO;TRANSFERIDO;ACTIVA MOVILIDAD II SPA  ;ACTIVA MOVILIDAD II SPA  ;LEASING;;;;;;;;;;;;;;;02-06-2025;05-06-2025;;;;26-06-2025
45785-TFHW28;1370;08-05-2025;17;TFHW28;;ADJUDICADO;GENERICO;NO;TRANSFERIDO;ACTIVA MOVILIDAD II SPA  ;ACTIVA MOVILIDAD II SPA  ;LEASING;;;;;;;;;;;;;;;02-06-2025;05-06-2025;;;;26-06-2025
45785-TBKD42;1370;08-05-2025;18;TBKD42;;ADJUDICADO;GENERICO;NO;TRANSFERIDO;ACTIVA MOVILIDAD II SPA  ;ACTIVA MOVILIDAD II SPA  ;LEASING;;;;;;;;;;;;;;;02-06-2025;05-06-2025;;;;26-06-2025
45785-TFHV14;1370;08-05-2025;19;TFHV14;;ADJUDICADO;GENERICO;NO;TRANSFERIDO;ACTIVA MOVILIDAD II SPA  ;ACTIVA MOVILIDAD II SPA  ;LEASING;;;;;;;;;;;;;;;02-06-2025;05-06-2025;;;;26-06-2025
45785-TFHW43;1370;08-05-2025;20;TFHW43;;ADJUDICADO;GENERICO;NO;TRANSFERIDO;ACTIVA MOVILIDAD II SPA  ;ACTIVA MOVILIDAD II SPA  ;LEASING;;;;;;;;;;;;;;;02-06-2025;05-06-2025;;;;26-06-2025
45785-TFHW48;1370;08-05-2025;21;TFHW48;;DESISTIMIENTO;GENERICO;NO;NO APLICA;ACTIVA MOVILIDAD II SPA  ;ACTIVA MOVILIDAD II SPA  ;LEASING;;;;;;;;;;;;;;;;;;;;
45785-SZYS74;1370;08-05-2025;22;SZYS74;;ADJUDICADO;GENERICO;NO;TRANSFERIDO;ACTIVA MOVILIDAD II SPA  ;ACTIVA MOVILIDAD II SPA  ;LEASING;;;;;;;;;;;;;;;02-06-2025;05-06-2025;;;;26-06-2025
45785-SVCV66;1370;08-05-2025;23;SVCV66;;ADJUDICADO;GENERICO;NO;TRANSFERIDO;ACTIVA MOVILIDAD II SPA  ;ACTIVA MOVILIDAD II SPA  ;LEASING;;;;;;;;;;;;;;;02-06-2025;05-06-2025;;;;08-08-2025
45785-SZYS92;1370;08-05-2025;24;SZYS92;;ADJUDICADO;GENERICO;NO;TRANSFERIDO;ACTIVA MOVILIDAD II SPA  ;ACTIVA MOVILIDAD II SPA  ;LEASING;;;;;;;;;;;;;;;02-06-2025;05-06-2025;;;;26-06-2025
45785-SVCV84;1370;08-05-2025;25;SVCV84;;ADJUDICADO;GENERICO;NO;TRANSFERIDO;ACTIVA MOVILIDAD II SPA  ;ACTIVA MOVILIDAD II SPA  ;LEASING;;;;;;;;;;;;;;;02-06-2025;05-06-2025;;;;15-07-2025
45785-SZYT27;1370;08-05-2025;26;SZYT27;;ADJUDICADO;GENERICO;NO;TRANSFERIDO;ACTIVA MOVILIDAD II SPA  ;ACTIVA MOVILIDAD II SPA  ;LEASING;;;;;;;;;;;;;;;02-06-2025;05-06-2025;;;;26-06-2025
45785-SZYS82;1370;08-05-2025;27;SZYS82;;ADJUDICADO;GENERICO;NO;TRANSFERIDO;ACTIVA MOVILIDAD II SPA  ;ACTIVA MOVILIDAD II SPA  ;LEASING;;;;;;;;;;;;;;;02-06-2025;05-06-2025;;;;26-06-2025
45785-SZYS87;1370;08-05-2025;28;SZYS87;;ADJUDICADO;GENERICO;NO;TRANSFERIDO;ACTIVA MOVILIDAD II SPA  ;ACTIVA MOVILIDAD II SPA  ;LEASING;;;;;;;;;;;;;;;02-06-2025;05-06-2025;;;;26-06-2025
45785-SZYS72;1370;08-05-2025;29;SZYS72;;ADJUDICADO;GENERICO;NO;TRANSFERIDO;ACTIVA MOVILIDAD II SPA  ;ACTIVA MOVILIDAD II SPA  ;LEASING;;;;;;;;;;;;;;;02-06-2025;05-06-2025;;;;26-06-2025
45785-SZYS64;1370;08-05-2025;30;SZYS64;;ADJUDICADO;GENERICO;NO;TRANSFERIDO;ACTIVA MOVILIDAD II SPA  ;ACTIVA MOVILIDAD II SPA  ;LEASING;;;;;;;;;;;;;;;02-06-2025;05-06-2025;;;;26-06-2025
45785-SVCV70;1370;08-05-2025;31;SVCV70;;ADJUDICADO;GENERICO;NO;TRANSFERIDO;ACTIVA MOVILIDAD II SPA  ;ACTIVA MOVILIDAD II SPA  ;LEASING;;;;;;;;;;;;;;;02-06-2025;05-06-2025;;;;26-06-2025
45785-SZYS62;1370;08-05-2025;32;SZYS62;;ADJUDICADO;GENERICO;NO;TRANSFERIDO;ACTIVA MOVILIDAD II SPA  ;ACTIVA MOVILIDAD II SPA  ;LEASING;;;;;;;;;;;;;;;02-06-2025;05-06-2025;;;;26-06-2025
45785-SVCC43;1370;08-05-2025;33;SVCC43;;ADJUDICADO;GENERICO;NO;TRANSFERIDO;ACTIVA MOVILIDAD II SPA  ;ACTIVA MOVILIDAD II SPA  ;LEASING;;;;;;;;;;;;;;;02-06-2025;05-06-2025;;;;26-06-2025
45785-SZYS96;1370;08-05-2025;34;SZYS96;;ADJUDICADO;GENERICO;NO;TRANSFERIDO;ACTIVA MOVILIDAD II SPA  ;ACTIVA MOVILIDAD II SPA  ;LEASING;;;;;;;;;;;;;;;02-06-2025;05-06-2025;;;;26-06-2025
45785-SVCV73;1370;08-05-2025;35;SVCV73;;ADJUDICADO;GENERICO;NO;TRANSFERIDO;ACTIVA MOVILIDAD II SPA  ;ACTIVA MOVILIDAD II SPA  ;LEASING;;;;;;;;;;;;;;;02-06-2025;05-06-2025;;;;26-06-2025
45785-SVCV68;1370;08-05-2025;36;SVCV68;;ADJUDICADO;GENERICO;NO;TRANSFERIDO;ACTIVA MOVILIDAD II SPA  ;ACTIVA MOVILIDAD II SPA  ;LEASING;;;;;;;;;;;;;;;02-06-2025;05-06-2025;;;;26-06-2025
45785-SVCV67;1370;08-05-2025;37;SVCV67;;DESISTIMIENTO;GENERICO;NO;NO APLICA;ACTIVA MOVILIDAD II SPA  ;ACTIVA MOVILIDAD II SPA  ;LEASING;;;;;;;;;;;;;;;;;;;;
45785-SVCV80;1370;08-05-2025;38;SVCV80;;DESISTIMIENTO;GENERICO;NO;NO APLICA;ACTIVA MOVILIDAD II SPA  ;ACTIVA MOVILIDAD II SPA  ;LEASING;;;;;;;;;;;;;;;;;;;;
45785-SDWF42;1370;08-05-2025;39;SDWF42;;ADJUDICADO;GENERICO;NO;TRANSFERIDO;ACTIVA MOVILIDAD II SPA  ;ACTIVA MOVILIDAD II SPA  ;LEASING;;;;;;;;;;;;;;;02-06-2025;05-06-2025;;;;26-06-2025
45785-RZZW36;1370;08-05-2025;40;RZZW36;;ADJUDICADO;GENERICO;NO;TRANSFERIDO;ACTIVA MOVILIDAD II SPA  ;ACTIVA MOVILIDAD II SPA  ;LEASING;;;;;;;;;;;;;;;02-06-2025;05-06-2025;;;;26-06-2025
45785-SDWF16;1370;08-05-2025;41;SDWF16;;ANULACION;GENERICO;NO;NO APLICA;ACTIVA MOVILIDAD II SPA  ;ACTIVA MOVILIDAD II SPA  ;LEASING;;;;;;;;;;;;;;;02-06-2025;05-06-2025;;;;
45785-SDWF31;1370;08-05-2025;42;SDWF31;;ADJUDICADO;GENERICO;NO;TRANSFERIDO;ACTIVA MOVILIDAD II SPA  ;ACTIVA MOVILIDAD II SPA  ;LEASING;;;;;;;;;;;;;;;02-06-2025;05-06-2025;;;;26-06-2025
45785-SDWF19;1370;08-05-2025;43;SDWF19;;ADJUDICADO;GENERICO;NO;TRANSFERIDO;ACTIVA MOVILIDAD II SPA  ;ACTIVA MOVILIDAD II SPA  ;LEASING;;;;;;;;;;;;;;;02-06-2025;05-06-2025;;;;26-06-2025
45785-RZZW53;1370;08-05-2025;44;RZZW53;;ADJUDICADO;GENERICO;NO;TRANSFERIDO;ACTIVA MOVILIDAD II SPA  ;ACTIVA MOVILIDAD II SPA  ;LEASING;;;;;;;;;;;;;;;02-06-2025;05-06-2025;;;;26-06-2025
45785-RZZG91;1370;08-05-2025;45;RZZG91;;ADJUDICADO;GENERICO;NO;TRANSFERIDO;ACTIVA MOVILIDAD II SPA  ;ACTIVA MOVILIDAD II SPA  ;LEASING;;;;;;;;;;;;;;;02-06-2025;05-06-2025;;;;26-06-2025
45785-RZZW20;1370;08-05-2025;46;RZZW20;;ADJUDICADO;GENERICO;NO;TRANSFERIDO;LA ESTRELLA LEASING LTDA  ;ACTIVA MOVILIDAD II SPA  ;LEASING;;;;;;;;;;;;;;;21-07-2025;22-07-2025;;;;11-08-2025
45785-RZZW40;1370;08-05-2025;47;RZZW40;;ADJUDICADO;GENERICO;NO;TRANSFERIDO;ACTIVA MOVILIDAD II SPA  ;ACTIVA MOVILIDAD II SPA  ;LEASING;;;;;;;;;;;;;;;02-06-2025;05-06-2025;;;;26-06-2025
45785-RZZW54;1370;08-05-2025;48;RZZW54;;ADJUDICADO;GENERICO;NO;TRANSFERIDO;ACTIVA MOVILIDAD II SPA  ;ACTIVA MOVILIDAD II SPA  ;LEASING;;;;;;;;;;;;;;;02-06-2025;05-06-2025;;;;26-06-2025
45785-RZZW37;1370;08-05-2025;49;RZZW37;;DESISTIMIENTO;GENERICO;NO;NO APLICA;ACTIVA MOVILIDAD II SPA  ;ACTIVA MOVILIDAD II SPA  ;LEASING;;;;;;;;;;;;;;;;;;;;
45785-RXCV64;1370;08-05-2025;50;RXCV64;;ADJUDICADO;GENERICO;NO;TRANSFERIDO;ACTIVA MOVILIDAD II SPA  ;ACTIVA MOVILIDAD II SPA  ;LEASING;;;;;;;;;;;;;;;02-06-2025;05-06-2025;;;;26-06-2025
45785-RXSS61;1370;08-05-2025;51;RXSS61;;ADJUDICADO;GENERICO;NO;TRANSFERIDO;ACTIVA MOVILIDAD II SPA  ;ACTIVA MOVILIDAD II SPA  ;LEASING;;;;;;;;;;;;;;;02-06-2025;05-06-2025;;;;26-06-2025
45785-RSLB11;1370;08-05-2025;52;RSLB11;;ADJUDICADO;GENERICO;NO;TRANSFERIDO;ACTIVA MOVILIDAD II SPA  ;ACTIVA MOVILIDAD II SPA  ;LEASING;;;;;;;;;;;;;;;02-06-2025;05-06-2025;;;;26-06-2025
45785-RVSB58;1370;08-05-2025;53;RVSB58;;ADJUDICADO;GENERICO;NO;TRANSFERIDO;ACTIVA MOVILIDAD II SPA  ;ACTIVA MOVILIDAD II SPA  ;LEASING;;;;;;;;;;;;;;;02-06-2025;05-06-2025;;;;15-07-2025
45785-TBRT27;1370;08-05-2025;54;TBRT27;;DESISTIMIENTO;GENERICO;NO;NO APLICA;ACTIVA MOVILIDAD II SPA  ;ACTIVA MOVILIDAD II SPA  ;LEASING;;;;;;;;;;;;;;;;;;;;
45785-TBRT28;1370;08-05-2025;55;TBRT28;;ADJUDICADO;GENERICO;NO;TRANSFERIDO;ACTIVA MOVILIDAD II SPA  ;ACTIVA MOVILIDAD II SPA  ;LEASING;;;;;;;;;;;;;;;02-06-2025;05-06-2025;;;;26-06-2025
45785-TCFT93;1370;08-05-2025;56;TCFT93;;ADJUDICADO;GENERICO;NO;TRANSFERIDO;ACTIVA MOVILIDAD II SPA  ;ACTIVA MOVILIDAD II SPA  ;LEASING;;;;;;;;;;;;;;;02-06-2025;05-06-2025;;;;26-06-2025
45785-SZRF43;1370;08-05-2025;57;SZRF43;;ADJUDICADO;GENERICO;NO;TRANSFERIDO;ACTIVA MOVILIDAD II SPA  ;ACTIVA MOVILIDAD II SPA  ;LEASING;;;;;;;;;;;;;;;02-06-2025;05-06-2025;;;;26-06-2025
45785-SYGP51;1370;08-05-2025;58;SYGP51;;ADJUDICADO;GENERICO;NO;TRANSFERIDO;ACTIVA MOVILIDAD II SPA  ;ACTIVA MOVILIDAD II SPA  ;LEASING;;;;;;;;;;;;;;;02-06-2025;05-06-2025;;;;26-06-2025
45785-SWZP41;1370;08-05-2025;59;SWZP41;;ADJUDICADO;GENERICO;NO;TRANSFERIDO;ACTIVA MOVILIDAD II SPA  ;ACTIVA MOVILIDAD II SPA  ;LEASING;;;;;;;;;;;;;;;02-06-2025;05-06-2025;;;;26-06-2025
45785-SYGR22;1370;08-05-2025;60;SYGR22;;ADJUDICADO;GENERICO;NO;TRANSFERIDO;ACTIVA MOVILIDAD II SPA  ;ACTIVA MOVILIDAD II SPA  ;LEASING;;;;;;;;;;;;;;;02-06-2025;05-06-2025;;;;26-06-2025
45785-SWZP37;1370;08-05-2025;61;SWZP37;;ADJUDICADO;GENERICO;NO;TRANSFERIDO;ACTIVA MOVILIDAD II SPA  ;ACTIVA MOVILIDAD II SPA  ;LEASING;;;;;;;;;;;;;;;02-06-2025;05-06-2025;;;;26-06-2025
45785-SYGP47;1370;08-05-2025;62;SYGP47;;ADJUDICADO;GENERICO;NO;TRANSFERIDO;ACTIVA MOVILIDAD II SPA  ;ACTIVA MOVILIDAD II SPA  ;LEASING;;;;;;;;;;;;;;;02-06-2025;05-06-2025;;;;26-06-2025
45785-SWWD52;1370;08-05-2025;63;SWWD52;;DESISTIMIENTO;GENERICO;NO;NO APLICA;ACTIVA MOVILIDAD II SPA  ;ACTIVA MOVILIDAD II SPA  ;LEASING;;;;;;;;;;;;;;;;;;;;
45785-SWZP34;1370;08-05-2025;64;SWZP34;;ADJUDICADO;GENERICO;NO;TRANSFERIDO;ACTIVA MOVILIDAD II SPA  ;ACTIVA MOVILIDAD II SPA  ;LEASING;;;;;;;;;;;;;;;02-06-2025;05-06-2025;;;;26-06-2025
45785-SYGR17;1370;08-05-2025;65;SYGR17;;ADJUDICADO;GENERICO;NO;TRANSFERIDO;ACTIVA MOVILIDAD II SPA  ;ACTIVA MOVILIDAD II SPA  ;LEASING;;;;;;;;;;;;;;;02-06-2025;05-06-2025;;;;26-06-2025
45785-SYGP91;1370;08-05-2025;66;SYGP91;;ADJUDICADO;GENERICO;NO;TRANSFERIDO;ACTIVA MOVILIDAD II SPA  ;ACTIVA MOVILIDAD II SPA  ;LEASING;;;;;;;;;;;;;;;02-06-2025;05-06-2025;;;;26-06-2025
45785-SWDR63;1370;08-05-2025;67;SWDR63;;ADJUDICADO;GENERICO;NO;TRANSFERIDO;ACTIVA MOVILIDAD II SPA  ;ACTIVA MOVILIDAD II SPA  ;LEASING;;;;;;;;;;;;;;;02-06-2025;05-06-2025;;;;26-06-2025
45785-SYGP67;1370;08-05-2025;68;SYGP67;;DESISTIMIENTO;GENERICO;NO;NO APLICA;ACTIVA MOVILIDAD II SPA  ;ACTIVA MOVILIDAD II SPA  ;LEASING;;;;;;;;;;;;;;;;;;;;
45785-SYGR27;1370;08-05-2025;69;SYGR27;;ADJUDICADO;GENERICO;NO;TRANSFERIDO;ACTIVA MOVILIDAD II SPA  ;ACTIVA MOVILIDAD II SPA  ;LEASING;;;;;;;;;;;;;;;02-06-2025;27-06-2025;;;;21-07-2025
45785-SWZP39;1370;08-05-2025;70;SWZP39;;ADJUDICADO;GENERICO;NO;TRANSFERIDO;ACTIVA MOVILIDAD II SPA  ;ACTIVA MOVILIDAD II SPA  ;LEASING;;;;;;;;;;;;;;;02-06-2025;05-06-2025;;;;26-06-2025
45785-SYGP46;1370;08-05-2025;71;SYGP46;;DESISTIMIENTO;GENERICO;NO;NO APLICA;ACTIVA MOVILIDAD II SPA  ;ACTIVA MOVILIDAD II SPA  ;LEASING;;;;;;;;;;;;;;;;;;;;
45785-SWZP38;1370;08-05-2025;72;SWZP38;;ADJUDICADO;GENERICO;NO;TRANSFERIDO;ACTIVA MOVILIDAD II SPA  ;ACTIVA MOVILIDAD II SPA  ;LEASING;;;;;;;;;;;;;;;02-06-2025;05-06-2025;;;;26-06-2025
45785-SWZP30;1370;08-05-2025;73;SWZP30;;ADJUDICADO;GENERICO;NO;TRANSFERIDO;ACTIVA MOVILIDAD II SPA  ;ACTIVA MOVILIDAD II SPA  ;LEASING;;;;;;;;;;;;;;;02-06-2025;27-06-2025;;;;21-07-2025
45785-SWDS41;1370;08-05-2025;74;SWDS41;;ADJUDICADO;GENERICO;NO;TRANSFERIDO;ACTIVA MOVILIDAD II SPA  ;ACTIVA MOVILIDAD II SPA  ;LEASING;;;;;;;;;;;;;;;02-06-2025;05-06-2025;;;;26-06-2025
45785-SYGR23;1370;08-05-2025;75;SYGR23;;ADJUDICADO;GENERICO;NO;TRANSFERIDO;ACTIVA MOVILIDAD II SPA  ;ACTIVA MOVILIDAD II SPA  ;LEASING;;;;;;;;;;;;;;;02-06-2025;05-06-2025;;;;26-06-2025
45785-SWZP27;1370;08-05-2025;76;SWZP27;;DESISTIMIENTO;GENERICO;NO;NO APLICA;ACTIVA MOVILIDAD II SPA  ;ACTIVA MOVILIDAD II SPA  ;LEASING;;;;;;;;;;;;;;;;;;;;
45785-SYGP56;1370;08-05-2025;77;SYGP56;;DESISTIMIENTO;GENERICO;NO;NO APLICA;ACTIVA MOVILIDAD II SPA  ;ACTIVA MOVILIDAD II SPA  ;LEASING;;;;;;;;;;;;;;;;;;;;
45785-SWDR71;1370;08-05-2025;78;SWDR71;;ADJUDICADO;GENERICO;NO;TRANSFERIDO;ACTIVA MOVILIDAD II SPA  ;ACTIVA MOVILIDAD II SPA  ;LEASING;;;;;;;;;;;;;;;02-06-2025;05-06-2025;;;;26-06-2025
45785-SWDS35;1370;08-05-2025;79;SWDS35;;ADJUDICADO;GENERICO;NO;TRANSFERIDO;ACTIVA MOVILIDAD II SPA  ;ACTIVA MOVILIDAD II SPA  ;LEASING;;;;;;;;;;;;;;;02-06-2025;05-06-2025;;;;26-06-2025
45785-SYGP43;1370;08-05-2025;80;SYGP43;;DESISTIMIENTO;GENERICO;NO;NO APLICA;ACTIVA MOVILIDAD II SPA  ;ACTIVA MOVILIDAD II SPA  ;LEASING;;;;;;;;;;;;;;;;;;;;
45785-SYGP92;1370;08-05-2025;81;SYGP92;;ADJUDICADO;GENERICO;NO;TRANSFERIDO;ACTIVA MOVILIDAD II SPA  ;ACTIVA MOVILIDAD II SPA  ;LEASING;;;;;;;;;;;;;;;02-06-2025;05-06-2025;;;;26-06-2025
45785-SWZP35;1370;08-05-2025;82;SWZP35;;ADJUDICADO;GENERICO;NO;TRANSFERIDO;ACTIVA MOVILIDAD II SPA  ;ACTIVA MOVILIDAD II SPA  ;LEASING;;;;;;;;;;;;;;;02-06-2025;05-06-2025;;;;26-06-2025
45785-SYGR14;1370;08-05-2025;83;SYGR14;;ADJUDICADO;GENERICO;NO;TRANSFERIDO;ACTIVA MOVILIDAD II SPA  ;ACTIVA MOVILIDAD II SPA  ;LEASING;;;;;;;;;;;;;;;02-06-2025;05-06-2025;;;;26-06-2025
45785-SVCT87;1370;08-05-2025;84;SVCT87;;ADJUDICADO;GENERICO;NO;TRANSFERIDO;ACTIVA MOVILIDAD II SPA  ;ACTIVA MOVILIDAD II SPA  ;LEASING;;;;;;;;;;;;;;;02-06-2025;05-06-2025;;;;26-06-2025
45785-SWZP32;1370;08-05-2025;85;SWZP32;;ADJUDICADO;GENERICO;NO;TRANSFERIDO;ACTIVA MOVILIDAD II SPA  ;ACTIVA MOVILIDAD II SPA  ;LEASING;;;;;;;;;;;;;;;02-06-2025;05-06-2025;;;;26-06-2025
45785-SWDS38;1370;08-05-2025;86;SWDS38;;ADJUDICADO;GENERICO;NO;TRANSFERIDO;ACTIVA MOVILIDAD II SPA  ;ACTIVA MOVILIDAD II SPA  ;LEASING;;;;;;;;;;;;;;;02-06-2025;05-06-2025;;;;26-06-2025
45785-SWZP33;1370;08-05-2025;87;SWZP33;;ADJUDICADO;GENERICO;NO;TRANSFERIDO;ACTIVA MOVILIDAD II SPA  ;ACTIVA MOVILIDAD II SPA  ;LEASING;;;;;;;;;;;;;;;02-06-2025;05-06-2025;;;;26-06-2025
45785-SWZP31;1370;08-05-2025;88;SWZP31;;ADJUDICADO;GENERICO;NO;TRANSFERIDO;ACTIVA MOVILIDAD II SPA  ;ACTIVA MOVILIDAD II SPA  ;LEASING;;;;;;;;;;;;;;;02-06-2025;05-06-2025;;;;26-06-2025
45785-SDZF93;1370;08-05-2025;89;SDZF93;;ADJUDICADO;GENERICO;NO;TRANSFERIDO;ACTIVA MOVILIDAD II SPA  ;ACTIVA MOVILIDAD II SPA  ;LEASING;;;;;;;;;;;;;;;02-06-2025;05-06-2025;;;;26-06-2025
45785-SCYG50;1370;08-05-2025;90;SCYG50;;ADJUDICADO;GENERICO;NO;TRANSFERIDO;ACTIVA MOVILIDAD II SPA  ;ACTIVA MOVILIDAD II SPA  ;LEASING;;;;;;;;;;;;;;;02-06-2025;05-06-2025;;;;26-06-2025
45785-SBPK86;1370;08-05-2025;91;SBPK86;;DESISTIMIENTO;GENERICO;NO;NO APLICA;ACTIVA MOVILIDAD II SPA  ;ACTIVA MOVILIDAD II SPA  ;LEASING;;;;;;;;;;;;;;;;;;;;
45785-SBPF10;1370;08-05-2025;92;SBPF10;;ADJUDICADO;GENERICO;NO;TRANSFERIDO;ACTIVA MOVILIDAD II SPA  ;ACTIVA MOVILIDAD II SPA  ;LEASING;;;;;;;;;;;;;;;02-06-2025;05-06-2025;;;;26-06-2025
45785-SCYP93;1370;08-05-2025;93;SCYP93;;ADJUDICADO;GENERICO;NO;TRANSFERIDO;ACTIVA MOVILIDAD II SPA  ;ACTIVA MOVILIDAD II SPA  ;LEASING;;;;;;;;;;;;;;;02-06-2025;05-06-2025;;;;26-06-2025
45785-SCZZ76;1370;08-05-2025;94;SCZZ76;;ADJUDICADO;GENERICO;NO;TRANSFERIDO;ACTIVA MOVILIDAD II SPA  ;ACTIVA MOVILIDAD II SPA  ;LEASING;;;;;;;;;;;;;;;02-06-2025;05-06-2025;;;;26-06-2025
45785-SCYF87;1370;08-05-2025;95;SCYF87;;ADJUDICADO;GENERICO;NO;TRANSFERIDO;ACTIVA MOVILIDAD II SPA  ;ACTIVA MOVILIDAD II SPA  ;LEASING;;;;;;;;;;;;;;;02-06-2025;05-06-2025;;;;26-06-2025
45785-RVVW42;1370;08-05-2025;96;RVVW42;;ADJUDICADO;GENERICO;NO;TRANSFERIDO;ACTIVA MOVILIDAD II SPA  ;ACTIVA MOVILIDAD II SPA  ;LEASING;;;;;;;;;;;;;;;02-06-2025;05-06-2025;;;;26-06-2025
45785-SCYF91;1370;08-05-2025;97;SCYF91;;ADJUDICADO;GENERICO;NO;TRANSFERIDO;ACTIVA MOVILIDAD II SPA  ;ACTIVA MOVILIDAD II SPA  ;LEASING;;;;;;;;;;;;;;;02-06-2025;05-06-2025;;;;26-06-2025
45785-SBPK87;1370;08-05-2025;98;SBPK87;;ADJUDICADO;GENERICO;NO;TRANSFERIDO;ACTIVA MOVILIDAD II SPA  ;ACTIVA MOVILIDAD II SPA  ;LEASING;;;;;;;;;;;;;;;02-06-2025;05-06-2025;;;;26-06-2025
45785-RXSP46;1370;08-05-2025;99;RXSP46;;ADJUDICADO;GENERICO;NO;TRANSFERIDO;ACTIVA MOVILIDAD II SPA  ;ACTIVA MOVILIDAD II SPA  ;LEASING;;;;;;;;;;;;;;;02-06-2025;05-06-2025;;;;26-06-2025
45785-SDKL54;1370;08-05-2025;100;SDKL54;;ADJUDICADO;GENERICO;NO;TRANSFERIDO;ACTIVA MOVILIDAD II SPA  ;ACTIVA MOVILIDAD II SPA  ;LEASING;;;;;;;;;;;;;;;02-06-2025;05-06-2025;;;;26-06-2025
45785-RBBG62;1370;08-05-2025;101;RBBG62;;ADJUDICADO;GENERICO;NO;TRANSFERIDO;ACTIVA MOVILIDAD II SPA  ;ACTIVA MOVILIDAD II SPA  ;LEASING;;;;;;;;;;;;;;;02-06-2025;05-06-2025;;;;26-06-2025
45785-RDPD26;1370;08-05-2025;102;RDPD26;;ADJUDICADO;GENERICO;NO;TRANSFERIDO;ACTIVA MOVILIDAD II SPA  ;ACTIVA MOVILIDAD II SPA  ;LEASING;;;;;;;;;;;;;;;02-06-2025;05-06-2025;;;;26-06-2025
45785-SSGK50;1370;08-05-2025;103;SSGK50;;ADJUDICADO;GENERICO;NO;TRANSFERIDO;ACTIVA MOVILIDAD II SPA  ;ACTIVA MOVILIDAD II SPA  ;LEASING;;;;;;;;;;;;;;;02-06-2025;05-06-2025;;;;26-06-2025
45785-SVFS15;1370;08-05-2025;104;SVFS15;;DESISTIMIENTO;GENERICO;NO;NO APLICA;ACTIVA MOVILIDAD II SPA  ;ACTIVA MOVILIDAD II SPA  ;LEASING;;;;;;;;;;;;;;;;;;;;
45785-SLKD67;1370;08-05-2025;105;SLKD67;;ADJUDICADO;GENERICO;NO;TRANSFERIDO;ACTIVA MOVILIDAD II SPA  ;ACTIVA MOVILIDAD II SPA  ;LEASING;;;;;;;;;;;;;;;02-06-2025;05-06-2025;;;;26-06-2025
45785-LWJX28;1370;08-05-2025;106;LWJX28;;ADJUDICADO;LIQ;NO;TRANSFERIDO;MARÍA PRISCILA CÁDIZ PICHULAF  ;LIQUIDACION;LIQUIDACIONES;;;;;;;;;;;;;;;13-01-2026;15-01-2026;21-08-2025;;;19-02-2026
45785-PRKR14;1370;08-05-2025;107;PRKR14;;ADJUDICADO;LIQ;NO;TRANSFERIDO;CONSTANZA CAROLINA FLORES CHIHUAILLÁN  ;LIQUIDACION;LIQUIDACIONES;;;;;;;;;;;;;;;09-01-2026;14-01-2026;;;;16-02-2026
45792-TLXY59;1371;15-05-2025;1;TLXY59;;ADJUDICADO;DERIVACION;SI;TRANSFERIDO;MARCIA ANDREA TRONCOSO RÍOS  ;SANTA INES II SPA KAVAK  ;COMPRADIRECTA;;;;;;;;;;;;;;;12-06-2025;16-06-2025;;;;11-08-2025
45792-SFCX63;1371;15-05-2025;2;SFCX63;;DESISTIMIENTO;MERA;SI;NO APLICA;NO ENCO;SANTA INES II SPA MITTA;COMPRADIRECTA;;;;;;;;;;;;;;;;;;;;
45792-RHBC50;1371;15-05-2025;3;RHBC50;;ADJUDICADO;MERA;SI;TRANSFERIDO;BANCO BICE  ;SANTA INES II SPA MITTA;COMPRADIRECTA;;;;;;;03-06-2025;09-07-2025;09-07-2025;24-07-2025;25-07-2025;28-07-2025;;;30-07-2025;31-07-2025;11-08-2025;;;20-08-2025
45792-SKRJ70;1371;15-05-2025;4;SKRJ70;;ADJUDICADO;GENERICO;NO;TRANSFERIDO;SANTANDER CONSUMER FINANCE LIMITADA  ;SANTANDER CONSUMER;BFE;;;;;;;;;;;;;;;03-06-2025;05-06-2025;;;;26-06-2025
45792-KLBR98;1371;15-05-2025;5;KLBR98;;ADJUDICADO;DERIVACION;SI;TRANSFERIDO;NESTOR FELIPE SHIJAP CABRERA  ;SANTA INES II SPA KAVAK  ;COMPRADIRECTA;;;;;;;;;;;;;;;11-08-2025;11-08-2025;;;;24-09-2025
45792-KJZV12;1371;15-05-2025;6;KJZV12;;ADJUDICADO;GENERICO;SI;TRANSFERIDO;LEASING DEL PACIFICO SPA ;SANTA INES II SPA MITTA;COMPRADIRECTA;;;;;;;;;;;;;;;03-06-2025;05-06-2025;;;;26-06-2025
45792-LCXZ75;1371;15-05-2025;7;LCXZ75;;ADJUDICADO;DERIVACION;SI;TRANSFERIDO;CRISTIAN ANDRÉS CONTRERAS BRAIN  ;SANTA INES II SPA KAVAK  ;COMPRADIRECTA;;;;;;;;;;;;;;;17-06-2025;07-07-2025;;;;11-08-2025
45792-LSKK61;1371;15-05-2025;8;LSKK61;;ADJUDICADO;DERIVACION;SI;TRANSFERIDO;ANDREA DOLORES ESTURILLO ROJAS  ;SANTA INES II SPA KAVAK  ;COMPRADIRECTA;;;;;;;;;;;;;;;20-08-2025;21-08-2025;;;;23-09-2025
45792-LVCP61;1371;15-05-2025;9;LVCP61;;ADJUDICADO;DERIVACION;SI;TRANSFERIDO;CAROLINA ALEJANDRA MARDONES LABARCA  ;SANTA INES II SPA KAVAK  ;COMPRADIRECTA;;;09-sept;;;;;;;;;;;;08-09-2025;09-09-2025;;;;14-10-2025
45792-PDSH60;1371;15-05-2025;10;PDSH60;;DESISTIMIENTO;DERIVACION;SI;NO APLICA;NO ENCO;SANTA INES II SPA OLX;COMPRADIRECTA;;;;;;;;;;;;;;;;;;;;
45792-KRYL41;1371;15-05-2025;11;KRYL41;;ADJUDICADO;DERIVACION;SI;TRANSFERIDO;EDMUNDO ORLANDO BERMEDO GARCÍA  ;SANTA INES II SPA OLX;COMPRADIRECTA;;;;;;;;;;;;;;;09-07-2025;29-07-2025;;;;19-08-2025
45792-SVBP30;1371;15-05-2025;12;SVBP30;;ADJUDICADO;GENERICO;NO;TRANSFERIDO;EUROPARTS SPA . .;Citroen Chile S. A. C.  ;AUTOMOTORAS;;;;;;;;;;;;;;;03-06-2025;05-06-2025;;;;26-06-2025
45792-TFHW48;1371;15-05-2025;13;TFHW48;;DESISTIMIENTO;GENERICO;NO;NO APLICA;NO ENCO;ACTIVA MOVILIDAD II SPA;LEASING;;;;;;;;;;;;;;;;;;;;
45792-TKVZ14;1371;15-05-2025;14;TKVZ14;;ADJUDICADO;DERIVACION;SI;TRANSFERIDO;LATAM CAR GROUP SPA ;SANTA INES II SPA OLX;COMPRADIRECTA;;;;;;;;;;;;;;;09-07-2025;29-07-2025;;;;19-08-2025
45792-TKYK20;1371;15-05-2025;15;TKYK20;;ADJUDICADO;DERIVACION;SI;TRANSFERIDO;LATAM CAR GROUP SPA ;SANTA INES II SPA OLX;COMPRADIRECTA;;;;;;;;;;;;;;;17-06-2025;29-07-2025;;;;19-08-2025
45792-LKRS98;1371;15-05-2025;16;LKRS98;;DESISTIMIENTO;MERA;SI;NO APLICA;NO ENCO;LEASING DEL PACIFICO SPA ;COMPRADIRECTA;;;;;;;;;;;;;;;;;;;;
45792-KWJP84;1371;15-05-2025;17;KWJP84;;ADJUDICADO;MERA;SI;TRANSFERIDO;BANCO DE CHILE  ;SANTA INES II SPA MITTA;COMPRADIRECTA;;;;;;;13-08-2025;04-08-2025;04-08-2025;19-08-2025;21-08-2025;;;;03-09-2025;05-09-2025;09-09-2025;;;29-09-2025
45792-KPGK39;1371;15-05-2025;18;KPGK39;;DESISTIMIENTO;DERIVACION;SI;NO APLICA;NO ENCO;SANTA INES II SPA KAVAK  ;COMPRADIRECTA;;;;;;;;;;;;;;;;;;;;
45792-RTJS32;1371;15-05-2025;19;RTJS32;;ADJUDICADO;DERIVACION;SI;TRANSFERIDO;DENISSE ANDREA TORO VERDUGO  ;SANTA INES II SPA OLX;COMPRADIRECTA;;;;;;;;;;;;;;;27-06-2025;29-07-2025;;;;15-08-2025
45792-KWDR92;1371;15-05-2025;20;KWDR92;;ADJUDICADO;DERIVACION;SI;TRANSFERIDO;ANASTASIA MARÍA VERA DURÁN  ;SANTA INES II SPA KAVAK  ;COMPRADIRECTA;;;27-06-2025;;;;;;;;;;;;17-06-2025;26-06-2025;;;;11-08-2025
45792-JDFG52;1371;15-05-2025;21;JDFG52;;ADJUDICADO;DERIVACION;SI;TRANSFERIDO;LUIS ALEJANDRO MELIPILLÁN SALDIVIA  ;SANTA INES II SPA OLX;COMPRADIRECTA;;;;;;;;;;;;;;;09-07-2025;29-07-2025;;;;19-08-2025
45792-PDRY43;1371;15-05-2025;22;PDRY43;;ADJUDICADO;DERIVACION;SI;TRANSFERIDO;IGNACIO ANDRÉS VILLALOBOS CASTRO  ;SANTA INES II SPA KAVAK  ;COMPRADIRECTA;;;;;;;;;;;;;;;08-09-2025;09-09-2025;;;;14-10-2025
45792-KKDL39;1371;15-05-2025;23;KKDL39;;ADJUDICADO;DERIVACION;SI;TRANSFERIDO;SOFÍA DANAE SIERRALTA JARA  ;SANTA INES II SPA KAVAK  ;COMPRADIRECTA;;;;;;;;;;;;;;;10-10-2025;22-10-2025;;;;21-11-2025
45792-SWBK66;1371;15-05-2025;24;SWBK66;;ADJUDICADO;GENERICO;NO;TRANSFERIDO;EUROPARTS SPA . .;Citroen Chile S. A. C.  ;AUTOMOTORAS;;;;;;;;;;;;;;;03-06-2025;05-06-2025;;;;26-06-2025
45792-SWDK36;1371;15-05-2025;25;SWDK36;;ADJUDICADO;GENERICO;NO;TRANSFERIDO;EUROPARTS SPA . .;Citroen Chile S. A. C.  ;AUTOMOTORAS;;;;;;;;;;;;;;;06-06-2025;06-06-2025;;;;27-06-2025
45792-SYYL55;1371;15-05-2025;26;SYYL55;;ADJUDICADO;COMPRA PARA;SI;TRANSFERIDO;FRANK NELSON CABAÑAS BARRERA  ;SANTA INES II SPA DIFOR;COMPRADIRECTA;;;;;;;;;15-04-2025;;;;;;23-09-2025;24-09-2025;;;;14-10-2025
45792-SBPK86;1371;15-05-2025;27;SBPK86;;ADJUDICADO;GENERICO;NO;TRANSFERIDO;ACTIVA MOVILIDAD II SPA  ;ACTIVA MOVILIDAD II SPA  ;LEASING;;;;;;;;;;;;;;;03-06-2025;05-06-2025;;;;26-06-2025
45792-PBPZ47;1371;15-05-2025;28;PBPZ47;;ADJUDICADO;DERIVACION;SI;TRANSFERIDO;COSECHE SPA  ;SANTA INES II SPA OLX;COMPRADIRECTA;;;;;;;;;;;;;;;17-06-2025;18-06-2025;;;;08-07-2025
45792-PKTV44;1371;15-05-2025;29;PKTV44;;ADJUDICADO;DERIVACION;SI;TRANSFERIDO;OLX LATAM CAR GROUP SPA  ;SANTA INES II SPA OLX;COMPRADIRECTA;;;;;;;;;;;;;;;17-06-2025;29-07-2025;;;;19-08-2025
45792-PDLC86;1371;15-05-2025;30;PDLC86;;ANULACION;DERIVACION;SI;NO APLICA;CRISTHIAN ANTONIO JOSÉ VALENZUELA ROMO  ;SANTA INES II SPA OLX;COMPRADIRECTA;;;;;;;;;;;;;;;;;;;;
45792-PKXJ61;1371;15-05-2025;31;PKXJ61;;ADJUDICADO;DERIVACION;SI;TRANSFERIDO;NICOLE STEPHANIE VARGAS SÁNCHEZ  ;SANTA INES II SPA OLX;COMPRADIRECTA;;;;;;;;;;;;;;;17-06-2025;29-07-2025;;;;19-08-2025
45792-RSHC58;1371;15-05-2025;32;RSHC58;;ADJUDICADO;GENERICO;NO;TRANSFERIDO;SANTANDER CONSUMER FINANCE LIMITADA  ;SANTANDER CONSUMER;BFE;;;;;;;;;;;;;;;03-06-2025;05-06-2025;;;;26-06-2025
45792-RWZL44;1371;15-05-2025;33;RWZL44;;ADJUDICADO;MERA;SI;TRANSFERIDO;BANCO DE CRÉDITO E INVERSIONES  ;SANTA INES II SPA MITTA;COMPRADIRECTA;;;;;;;13-08-2025;22-08-2025;01-09-2025;09-09-2025;09-09-2025;14-10-2025;;;14-10-2025;14-10-2025;;;;11-11-2025
45792-KBWV60;1371;15-05-2025;34;KBWV60;;DESISTIMIENTO;DERIVACION;SI;NO APLICA;NO ENCO;SANTA INES II SPA KAVAK  ;COMPRADIRECTA;;;;;;;;;;;;;;;;;;;;
45792-JZWD15;1371;15-05-2025;35;JZWD15;;ADJUDICADO;DERIVACION;SI;TRANSFERIDO;JAVIER ENRIQUE ZAPATA BENÍTEZ  ;SANTA INES II SPA OLX;COMPRADIRECTA;;;;;;;;;;;;;;;24-06-2025;18-08-2025;;;;04-09-2025
45792-JPDR31;1371;15-05-2025;36;JPDR31;;ADJUDICADO;DERIVACION;SI;TRANSFERIDO;RUTH MARION MARÍN LEAL  ;SANTA INES II SPA OLX;COMPRADIRECTA;;;;;;;;;;;;;;;17-06-2025;29-07-2025;;;;19-08-2025
45792-JHCH93;1371;15-05-2025;37;JHCH93;;ADJUDICADO;DERIVACION;SI;TRANSFERIDO;EXIWEL EDUARDO COROS SANTANDER  ;SANTA INES II SPA KAVAK  ;COMPRADIRECTA;;;;;;;;;;;;;;;08-09-2025;09-09-2025;;;;14-10-2025
45792-KLVH82;1371;15-05-2025;38;KLVH82;;ADJUDICADO;DERIVACION;SI;TRANSFERIDO;CAROL ISABEL DÍAZ DÍAZ  ;SANTA INES II SPA KAVAK  ;COMPRADIRECTA;;;;;;;;;;;;;;;20-08-2025;21-08-2025;;;;01-10-2025
45792-LJZC43;1371;15-05-2025;39;LJZC43;;ADJUDICADO;DERIVACION;SI;TRANSFERIDO;ALFREDO RODRIGO FIGUEROA CONTRERAS  ;SANTA INES II SPA KAVAK  ;COMPRADIRECTA;;;;;;;;;;;;;;;17-06-2025;07-07-2025;;;;11-08-2025
45792-SKJL77;1371;15-05-2025;40;SKJL77;;ADJUDICADO;GENERICO;NO;TRANSFERIDO;FRANCISCA ALEJANDRA DONOSO BARRÍA  ;SANTANDER CONSUMER;BFE;;;;;;;;;;;;;;;03-06-2025;05-06-2025;;;;26-06-2025
45792-SBZZ82;1371;15-05-2025;41;SBZZ82;;ADJUDICADO;GENERICO;NO;TRANSFERIDO;SANTANDER CONSUMER FINANCE LIMITADA  ;SANTANDER CONSUMER;BFE;;;;;;;;;;;;;;;03-06-2025;05-06-2025;;;;26-06-2025
45792-RPLB86;1371;15-05-2025;42;RPLB86;;DESISTIMIENTO;DERIVACION;SI;NO APLICA;NO ENCO;SANTA INES II SPA POMPEYO;COMPRADIRECTA;;;;;;;;;;;;;;;;;;;;
45792-JRWW40;1371;15-05-2025;43;JRWW40;;ADJUDICADO;DERIVACION;SI;TRANSFERIDO;MARIA DE LOS ANGELES ARIZTIA LARRAIN  ;SANTA INES II SPA OLX;COMPRADIRECTA;;;;;;;;;;;;;;;17-06-2025;29-07-2025;;;;19-08-2025
45792-PCJR84;1371;15-05-2025;44;PCJR84;;ADJUDICADO;DERIVACION;SI;TRANSFERIDO;RAÚL ARTEMIO MANSILLA BARRIENTOS  ;SANTA INES II SPA OLX;COMPRADIRECTA;;;;;;;;;;;;;;;28-07-2025;18-08-2025;;;;05-09-2025
45792-LGGS86;1371;15-05-2025;45;LGGS86;;ADJUDICADO;MERA;SI;TRANSFERIDO;BANCO DE CHILE  ;SANTA INES II SPA MITTA;COMPRADIRECTA;;;;;;;13-08-2025;04-08-2025;04-08-2025;19-08-2025;21-08-2025;;;;03-09-2025;05-09-2025;09-09-2025;;;30-09-2025
45792-JWFC48;1371;15-05-2025;46;JWFC48;;ADJUDICADO;DERIVACION;SI;TRANSFERIDO;LJUBICA SUSAN LORENA TOLIC CARDEMIL  ;SANTA INES II SPA OLX;COMPRADIRECTA;;;;;;;;;;;;;;;17-06-2025;18-08-2025;;;;04-09-2025
45792-HYJX47;1371;15-05-2025;47;HYJX47;;ADJUDICADO;GENERICO;NO;TRANSFERIDO;ANDRES RICARDO SYLVESTER ARQUIOLA;PARTICULAR;PARTICULARES;;;;;;;;;;;;;;;21-07-2025;22-07-2025;;;;11-08-2025
45792-GVHC15;1371;15-05-2025;48;GVHC15;;ADJUDICADO;DERIVACION;NO;TRANSFERIDO;JUAN LUIS SILVA DEVIA;SANTA INES II SPA POMPEYO;AUTOMOTORAS;;;;;;;;;;;;;;;;07-08-2025;;;;28-08-2025
45799-SFCX63;1372;22-05-2025;1;SFCX63;;ADJUDICADO;MERA;SI;TRANSFERIDO;SCOTIABANK CHILE  ;SANTA INES II SPA MITTA;COMPRADIRECTA;;;;;;;01-07-2025;09-07-2025;09-07-2025;24-07-2025;25-07-2025;28-07-2025;;;30-07-2025;31-07-2025;11-08-2025;;;20-08-2025
45799-PPDC66;1372;22-05-2025;2;PPDC66;;ADJUDICADO;MERA;SI;TRANSFERIDO;SCOTIABANK CHILE  ;SANTA INES II SPA MITTA;COMPRADIRECTA;;;;;;;01-07-2025;09-07-2025;09-07-2025;24-07-2025;25-07-2025;28-07-2025;;;30-07-2025;12-08-2025;;;;04-09-2025
45799-SLXR25;1372;22-05-2025;3;SLXR25;;ADJUDICADO;GENERICO;NO;TRANSFERIDO;GAMA SERVICIOS FINANCIEROS S.A. ;GAMA SERVICIOS FINANCIEROS S.A. ;LEASING;;;;;;;;;;;;;;;12-06-2025;13-06-2025;;;;15-07-2025
45799-SYGR60;1372;22-05-2025;4;SYGR60;;ADJUDICADO;GENERICO;NO;TRANSFERIDO;GAMA SERVICIOS FINANCIEROS S.A. ;GAMA SERVICIOS FINANCIEROS S.A. ;LEASING;;;;;;;;;;;;;;;12-06-2025;13-06-2025;;;;15-07-2025
45799-RPDW30;1372;22-05-2025;5;RPDW30;;ADJUDICADO;GENERICO;NO;TRANSFERIDO;GAMA SERVICIOS FINANCIEROS S.A. ;GAMA SERVICIOS FINANCIEROS S.A. ;LEASING;;;;;;;;;;;;;;;12-06-2025;13-06-2025;;;;15-07-2025
45799-LXHC75;1372;22-05-2025;6;LXHC75;;ADJUDICADO;GENERICO;NO;TRANSFERIDO;GAMA SERVICIOS FINANCIEROS S.A. ;GAMA SERVICIOS FINANCIEROS S.A. ;LEASING;;;;;;;;;;;;;;;12-06-2025;27-06-2025;;;;21-07-2025
45799-KLXW41;1372;22-05-2025;7;KLXW41;;ADJUDICADO;GENERICO;SI;TRANSFERIDO;LEASING DEL PACIFICO SPA ;SANTA INES II SPA MITTA;COMPRADIRECTA;;;;;;;;;;;;;;;11-06-2025;28-07-2025;;;;18-08-2025
45799-SDKX80;1372;22-05-2025;8;SDKX80;;ADJUDICADO;GENERICO;NO;TRANSFERIDO;GAMA SERVICIOS FINANCIEROS S.A. ;GAMA SERVICIOS FINANCIEROS S.A. ;LEASING;;;;;;;;;;;;;;;12-06-2025;13-06-2025;;;;15-07-2025
45799-RPRD87;1372;22-05-2025;9;RPRD87;;ADJUDICADO;GENERICO;NO;TRANSFERIDO;SANTANDER CONSUMER FINANCE LIMITADA  ;SANTANDER CONSUMER;BFE;;;;;;;;;;;;;;;11-06-2025;12-06-2025;;;;03-07-2025
45799-SRCT33;1372;22-05-2025;10;SRCT33;;DESISTIMIENTO;GENERICO;NO;NO APLICA;ACTIVA MOVILIDAD II SPA  ;ACTIVA MOVILIDAD II SPA  ;LEASING;;;;;;;;;;;;;;;;;;;;
45799-PSKV10;1372;22-05-2025;11;PSKV10;;ADJUDICADO;GENERICO;NO;TRANSFERIDO;GAMA SERVICIOS FINANCIEROS S.A. ;GAMA SERVICIOS FINANCIEROS S.A. ;LEASING;;;;;;;;;;;;;;;12-06-2025;13-06-2025;;;;15-07-2025
45799-RRFL56;1372;22-05-2025;12;RRFL56;;ADJUDICADO;GENERICO;NO;TRANSFERIDO;SANTANDER CONSUMER FINANCE LIMITADA  ;SANTANDER CONSUMER;BFE;;;;;;;;;;;;;;;11-06-2025;31-07-2025;;;;21-08-2025
45799-RPJT65;1372;22-05-2025;13;RPJT65;;ADJUDICADO;COMPRA PARA;SI;TRANSFERIDO;ALD AUTOMOTIVE LIMITADA .;SANTA INES II SPA ALD;COMPRADIRECTA;;;;;;;;;05-06-2025;;;;;;07-08-2025;25-08-2025;;;;16-09-2025
45799-TFBF19;1372;22-05-2025;14;TFBF19;;ADJUDICADO;GENERICO;NO;TRANSFERIDO;GAMA SERVICIOS FINANCIEROS S.A. ;GAMA SERVICIOS FINANCIEROS S.A. ;LEASING;;;;;;;;;;;;;;;12-06-2025;13-06-2025;;;;15-07-2025
45799-RXVT55;1372;22-05-2025;15;RXVT55;;ADJUDICADO;COMPRA PARA;SI;TRANSFERIDO;ALD AUTOMOTIVE LIMITADA .;SANTA INES II SPA ALD;COMPRADIRECTA;;;;;;;;;10-06-2025;;;;;;;22-07-2025;;;;21-08-2025
45799-TBKD68;1372;22-05-2025;16;TBKD68;;SIN POSTOR;GENERICO;NO;NO APLICA;ACTIVA MOVILIDAD II SPA  ;ACTIVA MOVILIDAD II SPA ;LEASING;;;;;;;;;;;;;;;;;;;;
45799-TFHV23;1372;22-05-2025;17;TFHV23;;ADJUDICADO;GENERICO;NO;TRANSFERIDO;ACTIVA MOVILIDAD II SPA  ;ACTIVA MOVILIDAD II SPA  ;LEASING;;;;;;;;;;;;;;;10-06-2025;12-06-2025;;;;02-07-2025
45799-TFHW25;1372;22-05-2025;18;TFHW25;;DESISTIMIENTO;GENERICO;NO;NO APLICA;ACTIVA MOVILIDAD II SPA  ;ACTIVA MOVILIDAD II SPA  ;LEASING;;;;;;;;;;;;;;;;;;;;
45799-TFHW46;1372;22-05-2025;19;TFHW46;;DESISTIMIENTO;GENERICO;NO;NO APLICA;ACTIVA MOVILIDAD II SPA  ;ACTIVA MOVILIDAD II SPA  ;LEASING;;;;;;;;;;;;;;;;;;;;
45799-TFHW58;1372;22-05-2025;20;TFHW58;;ADJUDICADO;GENERICO;NO;TRANSFERIDO;ACTIVA MOVILIDAD II SPA  ;ACTIVA MOVILIDAD II SPA  ;LEASING;;;;;;;;;;;;;;;10-06-2025;12-06-2025;;;;02-07-2025
45799-TFHW82;1372;22-05-2025;21;TFHW82;;ADJUDICADO;GENERICO;NO;TRANSFERIDO;ACTIVA MOVILIDAD II SPA  ;ACTIVA MOVILIDAD II SPA  ;LEASING;;;;;;;;;;;;;;;10-06-2025;12-06-2025;;;;02-07-2025
45799-TKYJ92;1372;22-05-2025;22;TKYJ92;;ADJUDICADO;DERIVACION;SI;TRANSFERIDO;OLX LATAM CAR GROUP SPA  ;SANTA INES II SPA OLX;COMPRADIRECTA;;;;;;;;;;;;;;;09-07-2025;29-07-2025;;;;19-08-2025
45799-TKYK23;1372;22-05-2025;23;TKYK23;;ADJUDICADO;DERIVACION;SI;TRANSFERIDO;LATAM CAR GROUP SPA ;SANTA INES II SPA OLX;COMPRADIRECTA;;;;;;;;;;;;;;;28-07-2025;07-08-2025;;;;28-08-2025
45799-SRVR74;1372;22-05-2025;24;SRVR74;;ADJUDICADO;GENERICO;NO;TRANSFERIDO;GAMA SERVICIOS FINANCIEROS S.A. ;GAMA SERVICIOS FINANCIEROS S.A. ;LEASING;;;;;;;;;;;;;;;;;04-06-2025;;;15-07-2025
45799-LWXY72;1372;22-05-2025;25;LWXY72;;ADJUDICADO;DERIVACION;SI;TRANSFERIDO;GONZALO ANTONIO ROBLERO ESPINOZA  ;SANTA INES II SPA OLX;COMPRADIRECTA;;;;;;;;;;;;;;;09-07-2025;29-07-2025;;;;19-08-2025
45799-SVCV67;1372;22-05-2025;26;SVCV67;;ADJUDICADO;GENERICO;NO;TRANSFERIDO;ACTIVA MOVILIDAD II SPA  ;ACTIVA MOVILIDAD II SPA  ;LEASING;;;;;;;;;;;;;;;10-06-2025;12-06-2025;;;;02-07-2025
45799-SVCV80;1372;22-05-2025;27;SVCV80;;DESISTIMIENTO;GENERICO;NO;NO APLICA;ACTIVA MOVILIDAD II SPA  ;ACTIVA MOVILIDAD II SPA  ;LEASING;;;;;;;;;;;;;;;;;;;;
45799-RZZW37;1372;22-05-2025;28;RZZW37;;ADJUDICADO;GENERICO;NO;TRANSFERIDO;ACTIVA MOVILIDAD II SPA  ;ACTIVA MOVILIDAD II SPA  ;LEASING;;;;;;;;;;;;;;;10-06-2025;12-06-2025;;;;02-07-2025
45799-LVLK65;1372;22-05-2025;29;LVLK65;;ADJUDICADO;COMPRA PARA;SI;TRANSFERIDO;ALD AUTOMOTIVE LIMITADA .;SANTA INES II SPA ALD;COMPRADIRECTA;;;;;;;;;05-06-2025;;;;;;;05-08-2025;;;;02-09-2025
45799-SPXY32;1372;22-05-2025;30;SPXY32;;ADJUDICADO;DERIVACION;SI;TRANSFERIDO;MARÍA CAROLINA DIAZ-ROMERO DE LA FUENTE  ;SANTA INES II SPA OLX;COMPRADIRECTA;;;;;;;;;;;;;;;17-06-2025;18-08-2025;;;;05-09-2025
45799-TFCW76;1372;22-05-2025;31;TFCW76;;ANULACION;GENERICO;NO;NO APLICA;ACTIVA MOVILIDAD II SPA  ;ACTIVA MOVILIDAD II SPA  ;LEASING;;;;;;;;;;;;;;;;;;;;
45799-PRYX61;1372;22-05-2025;32;PRYX61;;ADJUDICADO;GENERICO;NO;TRANSFERIDO;SANTANDER CONSUMER FINANCE LIMITADA  ;SANTANDER CONSUMER;BFE;;;;;;;;;;;;;;;11-06-2025;13-06-2025;;;;18-07-2025
45799-PFBP66;1372;22-05-2025;33;PFBP66;;ADJUDICADO;COMPRA PARA;SI;TRANSFERIDO;ALD AUTOMOTIVE LIMITADA .;SANTA INES II SPA ALD;COMPRADIRECTA;;;;;;;;;05-06-2025;;;;;;01-06-2025;06-11-2025;;;;15-12-2025
45799-PLWF73;1372;22-05-2025;34;PLWF73;;ADJUDICADO;DERIVACION;SI;TRANSFERIDO;AUTOMOTRIZ CORDILLERA S.A.  ;SANTA INES II SPA OLX;COMPRADIRECTA;;;;;;;;;;;;;;;16-06-2025;22-08-2025;;;;23-09-2025
45799-TFWJ67;1372;22-05-2025;35;TFWJ67;;ADJUDICADO;GENERICO;NO;TRANSFERIDO;GAMA SERVICIOS FINANCIEROS S.A. ;GAMA SERVICIOS FINANCIEROS S.A. ;LEASING;;;;;;;;;;;;;;;;;04-06-2025;;;15-07-2025
45799-SBLX72;1372;22-05-2025;36;SBLX72;;ANULACION;GENERICO;NO;NO APLICA;ACTIVA MOVILIDAD II SPA  ;ACTIVA MOVILIDAD II SPA  ;LEASING;;;;;;;;;;;;;;;;;;;;
45799-RXBK32;1372;22-05-2025;37;RXBK32;;ADJUDICADO;GENERICO;NO;TRANSFERIDO;GAMA SERVICIOS FINANCIEROS S.A. ;GAMA SERVICIOS FINANCIEROS S.A. ;LEASING;;;;;;;;;;;;;;;12-06-2025;13-06-2025;;;;15-07-2025
45799-TBRT27;1372;22-05-2025;38;TBRT27;;ADJUDICADO;GENERICO;NO;TRANSFERIDO;ACTIVA MOVILIDAD II SPA  ;ACTIVA MOVILIDAD II SPA  ;LEASING;;;;;;;;;;;;;;;10-06-2025;12-06-2025;;;;02-07-2025
45799-SWWD52;1372;22-05-2025;39;SWWD52;;ADJUDICADO;GENERICO;NO;TRANSFERIDO;ACTIVA MOVILIDAD II SPA  ;ACTIVA MOVILIDAD II SPA  ;LEASING;;;;;;;;;;;;;;;10-06-2025;12-06-2025;;;;02-07-2025
45799-SYGP67;1372;22-05-2025;40;SYGP67;;DESISTIMIENTO;GENERICO;NO;NO APLICA;ACTIVA MOVILIDAD II SPA  ;ACTIVA MOVILIDAD II SPA  ;LEASING;;;;;;;;;;;;;;;;;;;;
45799-SYGP46;1372;22-05-2025;41;SYGP46;;ADJUDICADO;GENERICO;NO;TRANSFERIDO;ACTIVA MOVILIDAD II SPA  ;ACTIVA MOVILIDAD II SPA  ;LEASING;;;;;;;;;;;;;;;10-06-2025;12-06-2025;;;;02-07-2025
45799-SWZP27;1372;22-05-2025;42;SWZP27;;ADJUDICADO;GENERICO;NO;TRANSFERIDO;ACTIVA MOVILIDAD II SPA  ;ACTIVA MOVILIDAD II SPA  ;LEASING;;;;;;;;;;;;;;;10-06-2025;12-06-2025;;;;02-07-2025
45799-SYGP56;1372;22-05-2025;43;SYGP56;;ADJUDICADO;GENERICO;NO;TRANSFERIDO;ACTIVA MOVILIDAD II SPA  ;ACTIVA MOVILIDAD II SPA  ;LEASING;;;;;;;;;;;;;;;10-06-2025;12-06-2025;;;;02-07-2025
45799-SYGP43;1372;22-05-2025;44;SYGP43;;DESISTIMIENTO;GENERICO;NO;NO APLICA;ACTIVA MOVILIDAD II SPA  ;ACTIVA MOVILIDAD II SPA  ;LEASING;;;;;;;;;;;;;;;;;;;;
45799-SWBR29;1372;22-05-2025;45;SWBR29;;ADJUDICADO;GENERICO;NO;TRANSFERIDO;EUROPARTS SPA . .;Citroen Chile S. A. C.  ;AUTOMOTORAS;;;;;;;;;;;;;;;06-06-2025;06-06-2025;;;;27-06-2025
45799-SWBR20;1372;22-05-2025;46;SWBR20;;ADJUDICADO;GENERICO;NO;TRANSFERIDO;EUROPARTS SPA . .;Citroen Chile S. A. C.  ;AUTOMOTORAS;;;;;;;;;;;;;;;06-06-2025;06-06-2025;;;;27-06-2025
45799-SXPJ54;1372;22-05-2025;47;SXPJ54;;ADJUDICADO;GENERICO;NO;TRANSFERIDO;GAMA SERVICIOS FINANCIEROS S.A. ;GAMA SERVICIOS FINANCIEROS S.A. ;LEASING;;;;;;;;;;;;;;;12-06-2025;13-06-2025;;;;15-07-2025
45799-SCYG24;1372;22-05-2025;48;SCYG24;;ADJUDICADO;GENERICO;NO;TRANSFERIDO;ACTIVA MOVILIDAD II SPA  ;ACTIVA MOVILIDAD II SPA  ;LEASING;;;;;;;;;;;;;;;10-06-2025;12-06-2025;;;;02-07-2025
45799-PYJS47;1372;22-05-2025;49;PYJS47;;ADJUDICADO;COMPRA PARA;SI;TRANSFERIDO;ALD AUTOMOTIVE LIMITADA .;SANTA INES II SPA ALD;COMPRADIRECTA;;;;;;;;;05-06-2025;;;;;;;05-08-2025;;;;02-09-2025
45799-RYVB44;1372;22-05-2025;50;RYVB44;;ADJUDICADO;GENERICO;NO;TRANSFERIDO;GAMA SERVICIOS FINANCIEROS S.A. ;GAMA SERVICIOS FINANCIEROS S.A. ;LEASING;;;;;;;;;;;;;;;12-06-2025;13-06-2025;;;;15-07-2025
45799-SBHB10;1372;22-05-2025;51;SBHB10;;ADJUDICADO;GENERICO;NO;TRANSFERIDO;GAMA SERVICIOS FINANCIEROS S.A. ;GAMA SERVICIOS FINANCIEROS S.A. ;LEASING;;;;;;;;;;;;;;;12-06-2025;13-06-2025;;;;15-07-2025
45799-PFBC91;1372;22-05-2025;52;PFBC91;;DESISTIMIENTO;COMPRA PARA;NO;NO APLICA;ALD AUTOMOTIVE LIMITADA .;SANTA INES II SPA ALD;COMPRADIRECTA;;;;;;;;;;;;;;;;;;;;
45799-SKDL74;1372;22-05-2025;53;SKDL74;;ADJUDICADO;DERIVACION;SI;TRANSFERIDO;LATAM CAR GROUP SPA ;SANTA INES II SPA OLX;COMPRADIRECTA;;;;;;;;;;;;;;;09-07-2025;07-08-2025;;;;27-08-2025
45799-RWKS22;1372;22-05-2025;54;RWKS22;;ADJUDICADO;GENERICO;NO;TRANSFERIDO;GAMA SERVICIOS FINANCIEROS S.A. ;GAMA SERVICIOS FINANCIEROS S.A. ;LEASING;;;;;;;;;;;;;;;12-06-2025;13-06-2025;;;;15-07-2025
45799-RRLH25;1372;22-05-2025;55;RRLH25;;ADJUDICADO;GENERICO;NO;TRANSFERIDO;GAMA SERVICIOS FINANCIEROS S.A. ;GAMA SERVICIOS FINANCIEROS S.A. ;LEASING;;;;;;;;;;;;;;;12-06-2025;13-06-2025;;;;15-07-2025
45799-RPCY55;1372;22-05-2025;56;RPCY55;;ADJUDICADO;GENERICO;NO;TRANSFERIDO;GAMA SERVICIOS FINANCIEROS S.A. ;GAMA SERVICIOS FINANCIEROS S.A. ;LEASING;;;;;;;;;;;;;;;;;04-06-2025;;;15-07-2025
45799-RBDB50;1372;22-05-2025;57;RBDB50;;ADJUDICADO;GENERICO;NO;TRANSFERIDO;GAMA SERVICIOS FINANCIEROS S.A. ;GAMA SERVICIOS FINANCIEROS S.A. ;LEASING;;;;;;;;;;;;;;;12-06-2025;13-06-2025;;;;15-07-2025
45799-PJSL55;1372;22-05-2025;58;PJSL55;;ADJUDICADO;GENERICO;NO;TRANSFERIDO;GAMA SERVICIOS FINANCIEROS S.A. ;GAMA SERVICIOS FINANCIEROS S.A. ;LEASING;;;;;;;;;;;;;;;12-06-2025;13-06-2025;;;;15-07-2025
45799-PRTY45;1372;22-05-2025;59;PRTY45;;ADJUDICADO;GENERICO;NO;TRANSFERIDO;GAMA SERVICIOS FINANCIEROS S.A. ;GAMA SERVICIOS FINANCIEROS S.A. ;LEASING;;;;;;;;;;;;;;;12-06-2025;13-06-2025;;;;15-07-2025
45799-PRTZ10;1372;22-05-2025;60;PRTZ10;;ADJUDICADO;GENERICO;NO;TRANSFERIDO;GAMA SERVICIOS FINANCIEROS S.A. ;GAMA SERVICIOS FINANCIEROS S.A. ;LEASING;;;;;;;;;;;;;;;12-06-2025;13-06-2025;;;;15-07-2025
45799-LTHJ80;1372;22-05-2025;61;LTHJ80;;ADJUDICADO;GENERICO;NO;TRANSFERIDO;GAMA SERVICIOS FINANCIEROS S.A. ;GAMA SERVICIOS FINANCIEROS S.A. ;LEASING;;;;;;;;;;;;;;;12-06-2025;13-06-2025;;;;15-07-2025
45799-PDYY95;1372;22-05-2025;62;PDYY95;;ADJUDICADO;GENERICO;NO;TRANSFERIDO;GAMA SERVICIOS FINANCIEROS S.A. ;GAMA SERVICIOS FINANCIEROS S.A. ;LEASING;;;;;;;;;;;;;;;12-06-2025;13-06-2025;;;;15-07-2025
45799-THHC84;1372;22-05-2025;63;THHC84;;ADJUDICADO;GENERICO;NO;TRANSFERIDO;SANTANDER CONSUMER FINANCE LIMITADA  ;SANTANDER CONSUMER;BFE;;;;;;;;;;;;;;;11-06-2025;12-06-2025;;;;03-07-2025
45799-SVWL44;1372;22-05-2025;64;SVWL44;;DESISTIMIENTO;GENERICO;NO;NO APLICA;ACTIVA MOVILIDAD II SPA  ;ACTIVA MOVILIDAD II SPA  ;LEASING;;;;;;;;;;;;;;;;;;;;
45799-RYLS40;1372;22-05-2025;65;RYLS40;;ADJUDICADO;GENERICO;NO;TRANSFERIDO;SANTANDER CONSUMER FINANCE LIMITADA  ;SANTANDER CONSUMER;BFE;;;;;;;;;;;;;;;11-06-2025;12-06-2025;;;;03-07-2025
45799-CPCX89;1372;22-05-2025;66;CPCX89;;ADJUDICADO;DERIVACION;SI;TRANSFERIDO;ESTEBAN AURELIO SILVA MONDACA  ;SANTA INES II SPA KAVAK  ;COMPRADIRECTA;;;;;;;;;;;;;;;08-09-2025;09-09-2025;;;;14-10-2025
45799-HYCV21;1372;22-05-2025;67;HYCV21;;ADJUDICADO;GENERICO;NO;TRANSFERIDO;SANTANDER CONSUMER FINANCE LIMITADA  ;SANTANDER CONSUMER;BFE;;;;;;;;;;;;;;;11-06-2025;12-06-2025;;;;03-07-2025
45799-SVFS15;1372;22-05-2025;68;SVFS15;;ADJUDICADO;GENERICO;NO;TRANSFERIDO;ACTIVA MOVILIDAD II SPA  ;ACTIVA MOVILIDAD II SPA  ;LEASING;;;;;;;;;;;;;;;10-06-2025;12-06-2025;;;;02-07-2025
45799-SBPT15;1372;22-05-2025;69;SBPT15;;ADJUDICADO;GENERICO;NO;TRANSFERIDO;GAMA SERVICIOS FINANCIEROS S.A. ;GAMA SERVICIOS FINANCIEROS S.A. ;LEASING;;;;;;;;;;;;;;;;;04-06-2025;;;15-07-2025
45799-HPSG39;1372;22-05-2025;70;HPSG39;;ADJUDICADO;GENERICO;NO;TRANSFERIDO;SANTANDER CONSUMER FINANCE LIMITADA  ;SANTANDER CONSUMER;BFE;;;;;;;;;;;;;;;11-06-2025;12-06-2025;;;;03-07-2025
45799-RTDL64;1372;22-05-2025;71;RTDL64;;ADJUDICADO;GENERICO;NO;TRANSFERIDO;SANTANDER CONSUMER FINANCE LIMITADA  ;SANTANDER CONSUMER;BFE;;;;;;;;;;;;;;;11-06-2025;12-06-2025;;;;03-07-2025
45799-KPPF41;1372;22-05-2025;72;KPPF41;;ADJUDICADO;GENERICO;NO;TRANSFERIDO;SANTANDER CONSUMER FINANCE LIMITADA  ;SANTANDER CONSUMER;BFE;;;;;;;;;;;;;;;11-06-2025;12-06-2025;;;;03-07-2025
45806-LTHY81;1373;29-05-2025;2;LTHY81;;ANULACION;LIQ;NO;NO APLICA;TECNOLOGIA E INGENIERIA SPA.  ;LIQUIDACION;LIQUIDACIONES;;;;;;;;;;;;;;;;;;;;
45806-PBCB97;1373;29-05-2025;3;PBCB97;;ADJUDICADO;DERIVACION;SI;TRANSFERIDO;LATAM CAR GROUP SPA ;SANTA INES II SPA OLX;COMPRADIRECTA;;;;;;;;;;;;;;;09-07-2025;07-08-2025;;;;27-08-2025
45806-HTFK45;1373;29-05-2025;4;HTFK45;;ADJUDICADO;DERIVACION;SI;TRANSFERIDO;GUILLERMO EDUARDO JAURE ELGUETA  ;SANTA INES II SPA KAVAK  ;COMPRADIRECTA;;;;;;;;;;;;;;;18-07-2025;29-07-2025;;;;01-10-2025
45806-SFGF66;1373;29-05-2025;17;SFGF66;;ADJUDICADO;DERIVACION;SI;TRANSFERIDO;DANIELA CONSTANZA GUERRERO GUZMÁN  ;SANTA INES II SPA KAVAK  ;COMPRADIRECTA;;;;;;;;;;;;;;;08-09-2025;09-09-2025;;;;14-10-2025
45806-PTJF32;1373;29-05-2025;18;PTJF32;;ADJUDICADO;DERIVACION;SI;TRANSFERIDO;MARCO ANTONIO NAVARRO GÁRATE  ;SANTA INES II SPA KAVAK  ;COMPRADIRECTA;;;;;;;;;;;;;;;08-09-2025;09-09-2025;;;;14-10-2025
45806-JWWF49;1373;29-05-2025;19;JWWF49;;ADJUDICADO;DERIVACION;SI;TRANSFERIDO;FERNANDO IGOR ELÍAS BREVIS GONZÁLEZ  ;SANTA INES II SPA KAVAK  ;COMPRADIRECTA;;;;;;;;;;;;;;;;07-07-2025;;;;01-08-2025
45806-HFWZ69;1373;29-05-2025;20;HFWZ69;;ADJUDICADO;LIQ;NO;TRANSFERIDO;TECNOLOGIA E INGENIERIA SPA.  ;LIQUIDACION;LIQUIDACIONES;;;;;;;;;;;;;;;13-01-2026;12-02-2026;20-08-2025;;;25-03-2025
45806-RKRF15;1373;29-05-2025;21;RKRF15;;ADJUDICADO;LIQ;NO;TRANSFERIDO;TECNOLOGIA E INGENIERIA SPA.  ;LIQUIDACION;LIQUIDACIONES;;;;;;;;;;;;;;;13-01-2026;12-02-2026;20-08-2025;;;25-03-2025
45806-PYBP47;1373;29-05-2025;63;PYBP47;;ADJUDICADO;GENERICO;NO;TRANSFERIDO;ACTIVA MOVILIDAD II SPA  ;ACTIVA MOVILIDAD II SPA  ;LEASING;;;;;;;;;;;;;;;17-06-2025;26-08-2025;;;;16-09-2025
45806-LPYC50;1373;29-05-2025;64;LPYC50;;ADJUDICADO;LIQ;NO;TRANSFERIDO;TECNOLOGIA E INGENIERIA SPA.  ;LIQUIDACION;LIQUIDACIONES;;;;;;;;;;;;;;;13-01-2026;12-02-2026;20-08-2025;;;25-03-2025
45806-LPSW83;1373;29-05-2025;65;LPSW83;;ANULACION;LIQ;NO;NO APLICA;TECNOLOGIA E INGENIERIA SPA.  ;LIQUIDACION;LIQUIDACIONES;;;;;;;;;;;;;;;;;;;;
45806-JGYW56;1373;29-05-2025;66;JGYW56;;ADJUDICADO;LIQ;NO;TRANSFERIDO;TECNOLOGIA E INGENIERIA SPA.  ;LIQUIDACION;LIQUIDACIONES;;;;;;;;;;;;;;;13-01-2026;16-01-2026;;;;19-02-2026
45806-KRZC74;1373;29-05-2025;88;KRZC74;;ADJUDICADO;DERIVACION;SI;TRANSFERIDO;ISMAEL ALEJANDRO HENRÍQUEZ GUTIÉRREZ  ;SANTA INES II SPA KAVAK  ;COMPRADIRECTA;;;;;;;;;;;;;;;01-09-2025;03-09-2025;;;;02-10-2025
45806-JFSX20;1373;29-05-2025;89;JFSX20;;ADJUDICADO;DERIVACION;SI;TRANSFERIDO;IRMA ELIANA LOZADA LÓPEZ  ;SANTA INES II SPA KAVAK  ;COMPRADIRECTA;;;;;;;;;;;;;;;18-07-2025;29-07-2025;;;;01-10-2025
45806-FHJP34;1373;29-05-2025;90;FHJP34;;ADJUDICADO;DERIVACION;SI;TRANSFERIDO;ORIANA SOLEDAD MATURANA ROZAS  ;SANTA INES II SPA KAVAK  ;COMPRADIRECTA;;;;;;;;;;;;;;;11-08-2025;11-08-2025;;;;01-10-2025
45806-CXBZ62;1373;29-05-2025;92;CXBZ62;;DESISTIMIENTO;LIQ;NO;NO APLICA;CESAR GABRIEL MORALES FIGUEROA EN LIQUIDACIÓN    ;LIQUIDACION;LIQUIDACIONES;;;;;;;;;;;;;;;;;;;;
45806-THRC21;1373;29-05-2025;1;THRC21;;ADJUDICADO;GENERICO;NO;TRANSFERIDO;ACTIVA MOVILIDAD II SPA  ;ACTIVA MOVILIDAD II SPA  ;LEASING;;;;;;;;;;;;;;;17-06-2025;09-07-2025;;;;29-07-2025
45806-TFLK22;1373;29-05-2025;10;TFLK22;;ADJUDICADO;GENERICO;NO;TRANSFERIDO;ACTIVA MOVILIDAD II SPA  ;ACTIVA MOVILIDAD II SPA  ;LEASING;;;;;;;;;;;;;;;17-06-2025;19-06-2025;;;;01-08-2025
45806-TFHX46;1373;29-05-2025;11;TFHX46;;ANULACION;GENERICO;NO;NO APLICA;ACTIVA MOVILIDAD II SPA  ;ACTIVA MOVILIDAD II SPA  ;LEASING;;;;;;;;;;;;;;;17-06-2025;19-06-2025;;;;
45806-TFHX29;1373;29-05-2025;13;TFHX29;;ADJUDICADO;GENERICO;NO;TRANSFERIDO;ACTIVA MOVILIDAD II SPA  ;ACTIVA MOVILIDAD II SPA  ;LEASING;;;;;;;;;;;;;;;17-06-2025;07-07-2025;;;;29-07-2025
45806-TDRJ57;1373;29-05-2025;15;TDRJ57;;ADJUDICADO;GENERICO;NO;TRANSFERIDO;LA ESTRELLA LEASING LTDA  ;ACTIVA MOVILIDAD II SPA  ;LEASING;;;;;;;;;;;;;;;18-11-2025;20-11-2025;;;;23-12-2025
45806-TFCJ24;1373;29-05-2025;16;TFCJ24;;ADJUDICADO;GENERICO;NO;TRANSFERIDO;ACTIVA MOVILIDAD II SPA  ;ACTIVA MOVILIDAD II SPA  ;LEASING;;;;;;;;;;;;;;;17-06-2025;19-06-2025;;;;01-08-2025
45806-SZRH37;1373;29-05-2025;22;SZRH37;;ADJUDICADO;GENERICO;NO;TRANSFERIDO;ACTIVA MOVILIDAD II SPA  ;ACTIVA MOVILIDAD II SPA  ;LEASING;;;;;;;;;;;;;;;17-06-2025;19-06-2025;;;;01-08-2025
45806-SWRC17;1373;29-05-2025;23;SWRC17;;ADJUDICADO;GENERICO;NO;TRANSFERIDO;ACTIVA MOVILIDAD II SPA  ;ACTIVA MOVILIDAD II SPA  ;LEASING;;;;;;;;;;;;;;;17-06-2025;19-06-2025;;;;01-08-2025
45806-SZRH17;1373;29-05-2025;24;SZRH17;;ADJUDICADO;GENERICO;NO;TRANSFERIDO;ACTIVA MOVILIDAD II SPA  ;ACTIVA MOVILIDAD II SPA  ;LEASING;;;;;;;;;;;;;;;17-06-2025;19-06-2025;;;;01-08-2025
45806-SWDS32;1373;29-05-2025;25;SWDS32;;ADJUDICADO;GENERICO;NO;TRANSFERIDO;ACTIVA MOVILIDAD II SPA  ;ACTIVA MOVILIDAD II SPA  ;LEASING;;;;;;;;;;;;;;;17-06-2025;19-06-2025;;;;10-07-2025
45806-SWJL58;1373;29-05-2025;26;SWJL58;;ADJUDICADO;GENERICO;NO;TRANSFERIDO;ACTIVA MOVILIDAD II SPA  ;ACTIVA MOVILIDAD II SPA  ;LEASING;;;;;;;;;;;;;;;17-06-2025;19-06-2025;;;;10-07-2025
45806-SWWD47;1373;29-05-2025;27;SWWD47;;ADJUDICADO;GENERICO;NO;TRANSFERIDO;ACTIVA MOVILIDAD II SPA  ;ACTIVA MOVILIDAD II SPA  ;LEASING;;;;;;;;;;;;;;;17-06-2025;19-06-2025;;;;01-08-2025
45806-SWWD97;1373;29-05-2025;28;SWWD97;;ADJUDICADO;GENERICO;NO;TRANSFERIDO;ACTIVA MOVILIDAD II SPA  ;ACTIVA MOVILIDAD II SPA  ;LEASING;;;;;;;;;;;;;;;17-06-2025;12-09-2025;;;;20-10-2025
45806-SYGR63;1373;29-05-2025;29;SYGR63;;ADJUDICADO;GENERICO;NO;TRANSFERIDO;ACTIVA MOVILIDAD II SPA  ;ACTIVA MOVILIDAD II SPA  ;LEASING;;;;;;;;;;;;;;;17-06-2025;19-06-2025;;;;01-08-2025
45806-SWZP23;1373;29-05-2025;30;SWZP23;;ADJUDICADO;GENERICO;NO;TRANSFERIDO;ACTIVA MOVILIDAD II SPA  ;ACTIVA MOVILIDAD II SPA  ;LEASING;;;;;;;;;;;;;;;17-06-2025;19-06-2025;;;;01-08-2025
45806-SWJP68;1373;29-05-2025;31;SWJP68;;ADJUDICADO;GENERICO;NO;TRANSFERIDO;ACTIVA MOVILIDAD II SPA  ;ACTIVA MOVILIDAD II SPA  ;LEASING;;;;;;;;;;;;;;;17-06-2025;19-06-2025;;;;10-07-2025
45806-SYGP27;1373;29-05-2025;32;SYGP27;;ADJUDICADO;GENERICO;NO;TRANSFERIDO;ACTIVA MOVILIDAD II SPA  ;ACTIVA MOVILIDAD II SPA  ;LEASING;;;;;;;;;;;;;;;17-06-2025;19-06-2025;;;;01-08-2025
45806-SWJR54;1373;29-05-2025;33;SWJR54;;ADJUDICADO;GENERICO;NO;TRANSFERIDO;ACTIVA MOVILIDAD II SPA  ;ACTIVA MOVILIDAD II SPA  ;LEASING;;;;;;;;;;;;;;;17-06-2025;19-06-2025;;;;10-07-2025
45806-SWRD97;1373;29-05-2025;34;SWRD97;;ADJUDICADO;GENERICO;NO;TRANSFERIDO;ACTIVA MOVILIDAD II SPA  ;ACTIVA MOVILIDAD II SPA  ;LEASING;;;;;;;;;;;;;;;17-06-2025;19-06-2025;;;;01-08-2025
45806-SWRB89;1373;29-05-2025;35;SWRB89;;ADJUDICADO;GENERICO;NO;TRANSFERIDO;ACTIVA MOVILIDAD II SPA  ;ACTIVA MOVILIDAD II SPA  ;LEASING;;;;;;;;;;;;;;;17-06-2025;19-06-2025;;;;01-08-2025
45806-SWWD38;1373;29-05-2025;36;SWWD38;;ADJUDICADO;GENERICO;NO;TRANSFERIDO;ACTIVA MOVILIDAD II SPA  ;ACTIVA MOVILIDAD II SPA  ;LEASING;;;;;;;;;;;;;;;17-06-2025;19-06-2025;;;;01-08-2025
45806-SYGP41;1373;29-05-2025;37;SYGP41;;ADJUDICADO;GENERICO;NO;TRANSFERIDO;ACTIVA MOVILIDAD II SPA  ;ACTIVA MOVILIDAD II SPA  ;LEASING;;;;;;;;;;;;;;;17-06-2025;19-06-2025;01-08-2025;;;14-07-2025
45806-SWJR43;1373;29-05-2025;38;SWJR43;;ADJUDICADO;GENERICO;NO;TRANSFERIDO;ACTIVA MOVILIDAD II SPA  ;ACTIVA MOVILIDAD II SPA  ;LEASING;;;;;;;;;;;;;;;17-06-2025;19-06-2025;;;;10-07-2025
45806-SWJR33;1373;29-05-2025;39;SWJR33;;ADJUDICADO;GENERICO;NO;TRANSFERIDO;ACTIVA MOVILIDAD II SPA  ;ACTIVA MOVILIDAD II SPA  ;LEASING;;;;;;;;;;;;;;;17-06-2025;19-06-2025;;;;10-07-2025
45806-SZRG12;1373;29-05-2025;40;SZRG12;;ADJUDICADO;GENERICO;NO;TRANSFERIDO;ACTIVA MOVILIDAD II SPA  ;ACTIVA MOVILIDAD II SPA  ;LEASING;;;;;;;;;;;;;;;17-06-2025;23-06-2025;;;;11-07-2025
45806-SWWD67;1373;29-05-2025;41;SWWD67;;ADJUDICADO;GENERICO;NO;TRANSFERIDO;ACTIVA MOVILIDAD II SPA  ;ACTIVA MOVILIDAD II SPA  ;LEASING;;;;;;;;;;;;;;;17-06-2025;19-06-2025;;;;01-08-2025
45806-SWJR23;1373;29-05-2025;42;SWJR23;;ADJUDICADO;GENERICO;NO;TRANSFERIDO;ACTIVA MOVILIDAD II SPA  ;ACTIVA MOVILIDAD II SPA  ;LEASING;;;;;;;;;;;;;;;17-06-2025;19-06-2025;;;;10-07-2025
45806-SWJP98;1373;29-05-2025;43;SWJP98;;ADJUDICADO;GENERICO;NO;TRANSFERIDO;ACTIVA MOVILIDAD II SPA  ;ACTIVA MOVILIDAD II SPA  ;LEASING;;;;;;;;;;;;;;;17-06-2025;19-06-2025;;;;10-07-2025
45806-SWWD24;1373;29-05-2025;44;SWWD24;;ADJUDICADO;GENERICO;NO;TRANSFERIDO;ACTIVA MOVILIDAD II SPA  ;ACTIVA MOVILIDAD II SPA  ;LEASING;;;;;;;;;;;;;;;17-06-2025;19-06-2025;;;;01-08-2025
45806-SYGR53;1373;29-05-2025;45;SYGR53;;ADJUDICADO;GENERICO;NO;TRANSFERIDO;ACTIVA MOVILIDAD II SPA  ;ACTIVA MOVILIDAD II SPA  ;LEASING;;;;;;;;;;;;;;;17-06-2025;30-07-2025;;;;20-08-2025
45806-SYGP37;1373;29-05-2025;46;SYGP37;;ADJUDICADO;GENERICO;NO;TRANSFERIDO;ACTIVA MOVILIDAD II SPA  ;ACTIVA MOVILIDAD II SPA  ;LEASING;;;;;;;;;;;;;;;17-06-2025;19-06-2025;;;;01-08-2025
45806-SWZP25;1373;29-05-2025;47;SWZP25;;ADJUDICADO;GENERICO;NO;TRANSFERIDO;ACTIVA MOVILIDAD II SPA  ;ACTIVA MOVILIDAD II SPA  ;LEASING;;;;;;;;;;;;;;;17-06-2025;19-06-2025;;;;01-08-2025
45806-SWDS44;1373;29-05-2025;48;SWDS44;;ADJUDICADO;GENERICO;NO;TRANSFERIDO;ACTIVA MOVILIDAD II SPA  ;ACTIVA MOVILIDAD II SPA  ;LEASING;;;;;;;;;;;;;;;17-06-2025;23-06-2025;;;;11-07-2025
45806-SWDS51;1373;29-05-2025;49;SWDS51;;ADJUDICADO;GENERICO;NO;TRANSFERIDO;ACTIVA MOVILIDAD II SPA  ;ACTIVA MOVILIDAD II SPA  ;LEASING;;;;;;;;;;;;;;;17-06-2025;19-06-2025;;;;10-07-2025
45806-SWWD87;1373;29-05-2025;50;SWWD87;;ADJUDICADO;GENERICO;NO;TRANSFERIDO;ACTIVA MOVILIDAD II SPA  ;ACTIVA MOVILIDAD II SPA  ;LEASING;;;;;;;;;;;;;;;17-06-2025;19-06-2025;;;;01-08-2025
45806-SWZP43;1373;29-05-2025;51;SWZP43;;ADJUDICADO;GENERICO;NO;TRANSFERIDO;ACTIVA MOVILIDAD II SPA  ;ACTIVA MOVILIDAD II SPA  ;LEASING;;;;;;;;;;;;;;;17-06-2025;19-06-2025;;;;21-07-2025
45806-SXGR59;1373;29-05-2025;52;SXGR59;;ADJUDICADO;GENERICO;NO;TRANSFERIDO;ACTIVA MOVILIDAD II SPA  ;ACTIVA MOVILIDAD II SPA  ;LEASING;;;;;;;;;;;;;;;17-06-2025;19-06-2025;;;;01-08-2025
45806-SWDS37;1373;29-05-2025;53;SWDS37;;ADJUDICADO;GENERICO;NO;TRANSFERIDO;ACTIVA MOVILIDAD II SPA  ;ACTIVA MOVILIDAD II SPA  ;LEASING;;;;;;;;;;;;;;;17-06-2025;08-07-2025;;;;19-08-2025
45806-SVCT85;1373;29-05-2025;54;SVCT85;;ADJUDICADO;GENERICO;NO;TRANSFERIDO;ACTIVA MOVILIDAD II SPA  ;ACTIVA MOVILIDAD II SPA  ;LEASING;;;;;;;;;;;;;;;17-06-2025;19-06-2025;;;;10-07-2025
45806-SWRC32;1373;29-05-2025;55;SWRC32;;ADJUDICADO;GENERICO;NO;TRANSFERIDO;ACTIVA MOVILIDAD II SPA  ;ACTIVA MOVILIDAD II SPA  ;LEASING;;;;;;;;;;;;;;;17-06-2025;19-06-2025;;;;01-08-2025
45806-SWRF55;1373;29-05-2025;56;SWRF55;;ADJUDICADO;GENERICO;NO;TRANSFERIDO;ACTIVA MOVILIDAD II SPA  ;ACTIVA MOVILIDAD II SPA  ;LEASING;;;;;;;;;;;;;;;17-06-2025;19-06-2025;;;;01-08-2025
45806-SWJR62;1373;29-05-2025;57;SWJR62;;ADJUDICADO;GENERICO;NO;TRANSFERIDO;ACTIVA MOVILIDAD II SPA  ;ACTIVA MOVILIDAD II SPA  ;LEASING;;;;;;;;;;;;;;;17-06-2025;19-06-2025;;;;15-07-2025
45806-SFZY95;1373;29-05-2025;58;SFZY95;;ADJUDICADO;GENERICO;NO;TRANSFERIDO;ACTIVA MOVILIDAD II SPA  ;ACTIVA MOVILIDAD II SPA  ;LEASING;;;;;;;;;;;;;;;17-06-2025;19-06-2025;;;;10-07-2025
45806-SGBD38;1373;29-05-2025;59;SGBD38;;ADJUDICADO;GENERICO;NO;TRANSFERIDO;ACTIVA MOVILIDAD II SPA  ;ACTIVA MOVILIDAD II SPA  ;LEASING;;;;;;;;;;;;;;;17-06-2025;23-06-2025;;;;10-07-2025
45806-TFHX23;1373;29-05-2025;6;TFHX23;;ADJUDICADO;GENERICO;NO;TRANSFERIDO;ACTIVA MOVILIDAD II SPA  ;ACTIVA MOVILIDAD II SPA  ;LEASING;;;;;;;;;;;;;;;17-06-2025;19-06-2025;;;;01-08-2025
45806-SPKV97;1373;29-05-2025;60;SPKV97;;ADJUDICADO;COMPRA PARA;SI;TRANSFERIDO;ALD AUTOMOTIVE LIMITADA .;SANTA INES II SPA ALD;COMPRADIRECTA;;;;;;;;;17-06-2025;;;;;;14-08-2025;25-08-2025;;;;16-09-2025
45806-SWBG58;1373;29-05-2025;61;SWBG58;;ADJUDICADO;COMPRA PARA;SI;TRANSFERIDO;ALD AUTOMOTIVE LIMITADA .;SANTA INES II SPA ALD;COMPRADIRECTA;;;;;;;;;17-06-2025;;;;;;;05-08-2025;;;;02-09-2025
45806-RRWP98;1373;29-05-2025;62;RRWP98;;ADJUDICADO;COMPRA PARA;SI;TRANSFERIDO;ALD AUTOMOTIVE LIMITADA .;SANTA INES II SPA ALD;COMPRADIRECTA;;;;;;;;;17-06-2025;08-09-2025;;;;;14-08-2025;02-09-2025;;;;14-10-2025
45806-SBPF88;1373;29-05-2025;67;SBPF88;;ADJUDICADO;GENERICO;NO;TRANSFERIDO;ACTIVA MOVILIDAD II SPA  ;ACTIVA MOVILIDAD II SPA  ;LEASING;;;;;;;;;;;;;;;17-06-2025;19-06-2025;;;;10-07-2025
45806-SBPK70;1373;29-05-2025;68;SBPK70;;ADJUDICADO;GENERICO;NO;TRANSFERIDO;ACTIVA MOVILIDAD II SPA  ;ACTIVA MOVILIDAD II SPA  ;LEASING;;;;;;;;;;;;;;;17-06-2025;19-06-2025;;;;10-07-2025
45806-SBPF98;1373;29-05-2025;69;SBPF98;;ADJUDICADO;GENERICO;NO;TRANSFERIDO;ACTIVA MOVILIDAD II SPA  ;ACTIVA MOVILIDAD II SPA  ;LEASING;;;;;;;;;;;;;;;17-06-2025;19-06-2025;;;;01-08-2025
45806-THVY56;1373;29-05-2025;7;THVY56;;ADJUDICADO;MERA;NO;TRANSFERIDO;MARUBENI HOLDING LTDA  ;ACTIVA MOVILIDAD II SPA  ;LEASING;;;;;;;;;;;;;;;30-09-2025;01-10-2025;;;;21-10-2025
45806-SBPK59;1373;29-05-2025;70;SBPK59;;ADJUDICADO;GENERICO;NO;TRANSFERIDO;ACTIVA MOVILIDAD II SPA  ;ACTIVA MOVILIDAD II SPA  ;LEASING;;;;;;;;;;;;;;;17-06-2025;19-06-2025;;;;10-07-2025
45806-SCYL83;1373;29-05-2025;71;SCYL83;;ADJUDICADO;GENERICO;NO;TRANSFERIDO;ACTIVA MOVILIDAD II SPA  ;ACTIVA MOVILIDAD II SPA  ;LEASING;;;;;;;;;;;;;;;17-06-2025;19-06-2025;;;;10-07-2025
45806-SBPJ91;1373;29-05-2025;72;SBPJ91;;ADJUDICADO;GENERICO;NO;TRANSFERIDO;ACTIVA MOVILIDAD II SPA  ;ACTIVA MOVILIDAD II SPA  ;LEASING;;;;;;;;;;;;;;;17-06-2025;19-06-2025;;;;10-07-2025
45806-SBPF73;1373;29-05-2025;73;SBPF73;;ADJUDICADO;GENERICO;NO;TRANSFERIDO;ACTIVA MOVILIDAD II SPA  ;ACTIVA MOVILIDAD II SPA  ;LEASING;;;;;;;;;;;;;;;17-06-2025;19-06-2025;;;;24-07-2025
45806-SBPF75;1373;29-05-2025;74;SBPF75;;ADJUDICADO;GENERICO;NO;TRANSFERIDO;ACTIVA MOVILIDAD II SPA  ;ACTIVA MOVILIDAD II SPA  ;LEASING;;;;;;;;;;;;;;;17-06-2025;23-06-2025;;;;11-07-2025
45806-SCYL82;1373;29-05-2025;75;SCYL82;;ADJUDICADO;GENERICO;NO;TRANSFERIDO;ACTIVA MOVILIDAD II SPA  ;ACTIVA MOVILIDAD II SPA  ;LEASING;;;;;;;;;;;;;;;17-06-2025;19-06-2025;;;;10-07-2025
45806-SBPF48;1373;29-05-2025;76;SBPF48;;ADJUDICADO;GENERICO;NO;TRANSFERIDO;ACTIVA MOVILIDAD II SPA  ;ACTIVA MOVILIDAD II SPA  ;LEASING;;;;;;;;;;;;;;;17-06-2025;01-07-2025;;;;23-07-2025
45806-SBPF69;1373;29-05-2025;77;SBPF69;;ADJUDICADO;GENERICO;NO;TRANSFERIDO;ACTIVA MOVILIDAD II SPA  ;ACTIVA MOVILIDAD II SPA  ;LEASING;;;;;;;;;;;;;;;17-06-2025;19-06-2025;;;;10-07-2025
45806-SBPJ58;1373;29-05-2025;78;SBPJ58;;ADJUDICADO;GENERICO;NO;TRANSFERIDO;ACTIVA MOVILIDAD II SPA  ;ACTIVA MOVILIDAD II SPA  ;LEASING;;;;;;;;;;;;;;;17-06-2025;19-06-2025;;;;10-07-2025
45806-SBPF24;1373;29-05-2025;79;SBPF24;;ADJUDICADO;GENERICO;NO;TRANSFERIDO;ACTIVA MOVILIDAD II SPA  ;ACTIVA MOVILIDAD II SPA  ;LEASING;;;;;;;;;;;;;;;17-06-2025;19-06-2025;;;;10-07-2025
45806-SCYL10;1373;29-05-2025;80;SCYL10;;ADJUDICADO;GENERICO;NO;TRANSFERIDO;ACTIVA MOVILIDAD II SPA  ;ACTIVA MOVILIDAD II SPA  ;LEASING;;;;;;;;;;;;;;;17-06-2025;19-06-2025;;;;10-07-2025
45806-SBPF70;1373;29-05-2025;81;SBPF70;;ADJUDICADO;GENERICO;NO;TRANSFERIDO;ACTIVA MOVILIDAD II SPA  ;ACTIVA MOVILIDAD II SPA  ;LEASING;;;;;;;;;;;;;;;17-06-2025;19-06-2025;;;;10-07-2025
45806-SBPJ77;1373;29-05-2025;82;SBPJ77;;ADJUDICADO;GENERICO;NO;TRANSFERIDO;ACTIVA MOVILIDAD II SPA  ;ACTIVA MOVILIDAD II SPA  ;LEASING;;;;;;;;;;;;;;;17-06-2025;19-06-2025;;;;10-07-2025
45806-SCYL85;1373;29-05-2025;83;SCYL85;;ADJUDICADO;GENERICO;NO;TRANSFERIDO;ACTIVA MOVILIDAD II SPA  ;ACTIVA MOVILIDAD II SPA  ;LEASING;;;;;;;;;;;;;;;17-06-2025;19-06-2025;;;;10-07-2025
45806-SBPJ56;1373;29-05-2025;84;SBPJ56;;ADJUDICADO;GENERICO;NO;TRANSFERIDO;ACTIVA MOVILIDAD II SPA  ;ACTIVA MOVILIDAD II SPA  ;LEASING;;;;;;;;;;;;;;;17-06-2025;19-06-2025;;;;10-07-2025
45806-SBPJ73;1373;29-05-2025;85;SBPJ73;;ADJUDICADO;GENERICO;NO;TRANSFERIDO;ACTIVA MOVILIDAD II SPA  ;ACTIVA MOVILIDAD II SPA  ;LEASING;;;;;;;;;;;;;;;17-06-2025;19-06-2025;;;;10-07-2025
45806-SBPJ68;1373;29-05-2025;86;SBPJ68;;ADJUDICADO;GENERICO;NO;TRANSFERIDO;ACTIVA MOVILIDAD II SPA  ;ACTIVA MOVILIDAD II SPA  ;LEASING;;;;;;;;;;;;;;;17-06-2025;19-06-2025;;;;10-07-2025
45806-SBPF21;1373;29-05-2025;87;SBPF21;;ADJUDICADO;GENERICO;NO;TRANSFERIDO;ACTIVA MOVILIDAD II SPA  ;ACTIVA MOVILIDAD II SPA  ;LEASING;;;;;;;;;;;;;;;17-06-2025;19-06-2025;;;;10-07-2025
45813-KPGK39;1380;05-06-2025;1;KPGK39;;ADJUDICADO;DERIVACION;SI;TRANSFERIDO;EDGARDO ALAN CRISTOFHER ARAVENA SAN  ;SANTA INES II SPA KAVAK  ;COMPRADIRECTA;;;;;;;;;;;;;;;18-07-2025;29-07-2025;;;;01-10-2025
45813-TFHW48;1380;05-06-2025;2;TFHW48;;ADJUDICADO;GENERICO;NO;TRANSFERIDO;ACTIVA MOVILIDAD II SPA  ;ACTIVA MOVILIDAD II SPA  ;LEASING;;;;;;;;;;;;;;;26-06-2025;27-06-2025;;;;17-07-2025
45813-PDSH60;1380;05-06-2025;4;PDSH60;;ADJUDICADO;DERIVACION;SI;TRANSFERIDO;EDISON CRISTÓBAL MUÑOZ ORMEÑO  ;SANTA INES II SPA OLX;COMPRADIRECTA;;;;;;;;;;;;;;;02-07-2025;29-07-2025;;;;20-08-2025
45813-RWYD90;1380;05-06-2025;5;RWYD90;;ADJUDICADO;DERIVACION;SI;TRANSFERIDO;LATAM CAR GROUP SPA ;SANTA INES II SPA OLX;COMPRADIRECTA;;;;;;;;;;;;;;;28-07-2025;18-08-2025;;;;04-09-2025
45813-JBDS40;1380;05-06-2025;6;JBDS40;;ADJUDICADO;DERIVACION;SI;TRANSFERIDO;LORENA ESTER CORTEZ ABALLAY  ;SANTA INES II SPA OLX;COMPRADIRECTA;;;;;;;;;;;;;;;09-07-2025;29-07-2025;;;;19-08-2025
45813-TFCV15;1380;05-06-2025;7;TFCV15;;ADJUDICADO;GENERICO;NO;TRANSFERIDO;GAMA SERVICIOS FINANCIEROS S.A. ;GAMA SERVICIOS FINANCIEROS S.A. ;LEASING;;;;;;;;;;;;;;;27-06-2025;27-06-2025;;;;21-07-2025
45813-TFCW76;1380;05-06-2025;8;TFCW76;;ADJUDICADO;GENERICO;NO;TRANSFERIDO;GAMA SERVICIOS FINANCIEROS S.A. ;GAMA SERVICIOS FINANCIEROS S.A. ;LEASING;;;26-06-2025;;;;;;;;;;;;24-06-2025;26-06-2025;;;;15-07-2025
45813-PJRF61;1380;05-06-2025;9;PJRF61;;ADJUDICADO;DERIVACION;SI;TRANSFERIDO;LATAM CAR GROUP SPA ;SANTA INES II SPA OLX;COMPRADIRECTA;;;;;;;;;;;;;;;09-07-2025;07-08-2025;;;;28-08-2025
45813-LKRS98;1380;05-06-2025;10;LKRS98;;ADJUDICADO;GENERICO;SI;TRANSFERIDO;LEASING DEL PACIFICO SPA ;SANTA INES II SPA MITTA;COMPRADIRECTA;;;;;;;;;;;;;;;26-06-2025;27-06-2025;;;;17-07-2025
45813-PFBP72;1380;05-06-2025;11;PFBP72;;ADJUDICADO;COMPRA PARA;SI;TRANSFERIDO;ALD AUTOMOTIVE LIMITADA .;SANTA INES II SPA ALD;COMPRADIRECTA;;;;;;;;;18-06-2025;;;;;;;05-08-2025;;;;02-09-2025
45813-PFBP68;1380;05-06-2025;12;PFBP68;;ADJUDICADO;COMPRA PARA;SI;TRANSFERIDO;ALD AUTOMOTIVE LIMITADA .;SANTA INES II SPA ALD;COMPRADIRECTA;;;;;;;;;18-06-2025;;;;;;;05-08-2025;;;;02-09-2025
45813-SVDY98;1380;05-06-2025;13;SVDY98;;ADJUDICADO;DERIVACION;SI;TRANSFERIDO;LATAM CAR GROUP SPA ;SANTA INES II SPA OLX;COMPRADIRECTA;;;;;;;;;;;;;;;09-07-2025;11-08-2025;;;;28-08-2025
45813-RFLK37;1380;05-06-2025;15;RFLK37;;ADJUDICADO;COMPRA PARA;SI;TRANSFERIDO;ALD AUTOMOTIVE LIMITADA .;SANTA INES II SPA ALD;COMPRADIRECTA;;;;;;;;;18-06-2025;;;;;;;05-08-2025;;;;02-09-2025
45813-TJJT27;1380;05-06-2025;16;TJJT27;;DESISTIMIENTO;GENERICO;NO;NO APLICA;GAMA SERVICIOS FINANCIEROS S.A. ;GAMA SERVICIOS FINANCIEROS S.A. ;LEASING;;;;;;;;;;;;;;;;;;;;
45813-SBLV14;1380;05-06-2025;17;SBLV14;;ADJUDICADO;GENERICO;NO;TRANSFERIDO;GAMA SERVICIOS FINANCIEROS S.A. ;GAMA SERVICIOS FINANCIEROS S.A. ;LEASING;;;;;;;;;;;;;;;27-06-2025;27-06-2025;;;;21-07-2025
45813-SBLX72;1380;05-06-2025;18;SBLX72;;ADJUDICADO;GENERICO;NO;TRANSFERIDO;GAMA SERVICIOS FINANCIEROS S.A. ;GAMA SERVICIOS FINANCIEROS S.A. ;LEASING;;;;;;;;;;;;;;;27-06-2025;27-06-2025;;;;21-07-2025
45813-RXCL99;1380;05-06-2025;19;RXCL99;;ADJUDICADO;GENERICO;NO;TRANSFERIDO;GAMA SERVICIOS FINANCIEROS S.A. ;GAMA SERVICIOS FINANCIEROS S.A. ;LEASING;;;;;;;;;;;;;;;27-06-2025;27-06-2025;;;;21-07-2025
45813-RPLB86;1380;05-06-2025;20;RPLB86;;ADJUDICADO;DERIVACION;SI;TRANSFERIDO;CIRO RESTITUTO SALIRROSAS VALERA  ;SANTA INES II SPA POMPEYO;COMPRADIRECTA;;;;;;;;;;;;;;;09-07-2025;29-07-2025;;;;20-08-2025
45813-KBWV60;1380;05-06-2025;21;KBWV60;;DESISTIMIENTO;DERIVACION;SI;NO APLICA;GONZALO JAIME PINTO GUERRERO  ;SANTA INES II SPA KAVAK  ;COMPRADIRECTA;;;;;;;;;;;;;;;;;;;;
45813-LGDV62;1380;05-06-2025;22;LGDV62;;ADJUDICADO;DERIVACION;SI;TRANSFERIDO;EMILIA VALDÉS COVARRUBIAS  ;SANTA INES II SPA OLX;COMPRADIRECTA;;;;;;;;;;;;;;;09-07-2025;29-07-2025;;;;19-08-2025
45813-RYVC41;1380;05-06-2025;23;RYVC41;;ADJUDICADO;GENERICO;NO;TRANSFERIDO;GAMA SERVICIOS FINANCIEROS S.A. ;GAMA SERVICIOS FINANCIEROS S.A. ;LEASING;;;;;;;;;;;;;;;30-06-2025;02-07-2025;;;;22-07-2025
45813-RYVC38;1380;05-06-2025;24;RYVC38;;ADJUDICADO;GENERICO;NO;TRANSFERIDO;GAMA SERVICIOS FINANCIEROS S.A. ;GAMA SERVICIOS FINANCIEROS S.A. ;LEASING;;;26-06-2025;;;;;;;;;;;;24-06-2025;26-06-2025;;;;15-07-2025
45813-SBHB11;1380;05-06-2025;25;SBHB11;;ADJUDICADO;GENERICO;NO;TRANSFERIDO;GAMA SERVICIOS FINANCIEROS S.A. ;GAMA SERVICIOS FINANCIEROS S.A. ;LEASING;;;26-06-2025;;;;;;;;;;;;24-06-2025;26-06-2025;;;;15-07-2025
45813-TFZT59;1380;05-06-2025;26;TFZT59;;ADJUDICADO;DERIVACION;SI;TRANSFERIDO;LATAM CAR GROUP SPA ;SANTA INES II SPA OLX;COMPRADIRECTA;;;;;;;;;;;;;;;09-07-2025;29-07-2025;;;;19-08-2025
45813-SBTD40;1380;05-06-2025;27;SBTD40;;ADJUDICADO;GENERICO;NO;TRANSFERIDO;GAMA SERVICIOS FINANCIEROS S.A. ;GAMA SERVICIOS FINANCIEROS S.A. ;LEASING;;;;;;;;;;;;;;;27-06-2025;27-06-2025;;;;21-07-2025
45813-SRCT33;1380;05-06-2025;28;SRCT33;;ADJUDICADO;COMPRA PARA;SI;TRANSFERIDO;NEOSOL INGENIERIA Y SERVICIOS SPA  ;SANTA INES II SPA DIFOR;COMPRADIRECTA;;;;;;;;;15-04-2025;;;;;;23-09-2025;24-09-2025;;;;14-10-2025
45813-SSBF20;1380;05-06-2025;29;SSBF20;;ADJUDICADO;GENERICO;NO;TRANSFERIDO;GAMA SERVICIOS FINANCIEROS S.A. ;GAMA SERVICIOS FINANCIEROS S.A. ;LEASING;;;26-06-2025;;;;;;;;;;;;24-06-2025;26-06-2025;;;;15-07-2025
45813-SSBK35;1380;05-06-2025;30;SSBK35;;DESISTIMIENTO;GENERICO;NO;NO APLICA;GAMA SERVICIOS FINANCIEROS S.A. ;GAMA SERVICIOS FINANCIEROS S.A. ;LEASING;;;;;;;;;;;;;;;;;;;;
45813-SGSH45;1380;05-06-2025;31;SGSH45;;ADJUDICADO;GENERICO;NO;TRANSFERIDO;GAMA SERVICIOS FINANCIEROS S.A. ;GAMA SERVICIOS FINANCIEROS S.A. ;LEASING;;;;;;;;;;;;;;;30-06-2025;02-07-2025;;;;22-07-2025
45813-SPKX43;1380;05-06-2025;32;SPKX43;;ADJUDICADO;COMPRA PARA;SI;TRANSFERIDO;ALD AUTOMOTIVE LIMITADA .;SANTA INES II SPA ALD;COMPRADIRECTA;;;;;;;;;18-06-2025;;;;;;07-08-2025;13-08-2025;;;;02-09-2025
45813-RRKC60;1380;05-06-2025;33;RRKC60;;ADJUDICADO;GENERICO;NO;TRANSFERIDO;GAMA SERVICIOS FINANCIEROS S.A. ;GAMA SERVICIOS FINANCIEROS S.A. ;LEASING;;;26-06-2025;;;;;;;;;;;;24-06-2025;26-06-2025;;;;15-07-2025
45813-RRWP95;1380;05-06-2025;34;RRWP95;;ADJUDICADO;COMPRA PARA;SI;TRANSFERIDO;ALD AUTOMOTIVE LIMITADA .;SANTA INES II SPA ALD;COMPRADIRECTA;;;;;;;;;18-06-2025;08-09-2025;;;;;07-08-2025;02-09-2025;;;;14-10-2025
45813-RKZJ45;1380;05-06-2025;35;RKZJ45;;ADJUDICADO;GENERICO;NO;TRANSFERIDO;GAMA SERVICIOS FINANCIEROS S.A. ;GAMA SERVICIOS FINANCIEROS S.A. ;LEASING;;;;;;;;;;;;;;;30-06-2025;02-07-2025;;;;22-07-2025
45813-RKZJ90;1380;05-06-2025;36;RKZJ90;;ADJUDICADO;GENERICO;NO;TRANSFERIDO;GAMA SERVICIOS FINANCIEROS S.A. ;GAMA SERVICIOS FINANCIEROS S.A. ;LEASING;;;;;;;;;;;;;;;27-06-2025;27-06-2025;;;;21-07-2025
45813-SPKZ39;1380;05-06-2025;37;SPKZ39;;ADJUDICADO;COMPRA PARA;SI;TRANSFERIDO;ALD AUTOMOTIVE LIMITADA .;SANTA INES II SPA ALD;COMPRADIRECTA;;;;;;;;;;;;;;;;05-08-2025;;;;02-09-2025
45813-PDTV15;1380;05-06-2025;38;PDTV15;;ADJUDICADO;GENERICO;NO;TRANSFERIDO;GAMA SERVICIOS FINANCIEROS S.A. ;GAMA SERVICIOS FINANCIEROS S.A. ;LEASING;;;26-06-2025;;;;;;;;;;;;24-06-2025;26-06-2025;;;;15-07-2025
45813-RVWC45;1380;05-06-2025;39;RVWC45;;ADJUDICADO;GENERICO;NO;TRANSFERIDO;GAMA SERVICIOS FINANCIEROS S.A. ;GAMA SERVICIOS FINANCIEROS S.A. ;LEASING;;;26-06-2025;;;;;;;;;;;;24-06-2025;26-06-2025;;;;15-07-2025
45813-RRLJ80;1380;05-06-2025;40;RRLJ80;;ADJUDICADO;GENERICO;NO;TRANSFERIDO;GAMA SERVICIOS FINANCIEROS S.A. ;GAMA SERVICIOS FINANCIEROS S.A. ;LEASING;;;26-06-2025;;;;;;;;;;;;24-06-2025;26-06-2025;;;;15-07-2025
45813-RRLG80;1380;05-06-2025;41;RRLG80;;ADJUDICADO;GENERICO;NO;TRANSFERIDO;GAMA SERVICIOS FINANCIEROS S.A. ;GAMA SERVICIOS FINANCIEROS S.A. ;LEASING;;;26-06-2025;;;;;;;;;;;;24-06-2025;26-06-2025;;;;15-07-2025
45813-RPCY45;1380;05-06-2025;42;RPCY45;;ADJUDICADO;GENERICO;NO;TRANSFERIDO;GAMA SERVICIOS FINANCIEROS S.A. ;GAMA SERVICIOS FINANCIEROS S.A. ;LEASING;;;;;;;;;;;;;;;27-06-2025;27-06-2025;;;;21-07-2025
45813-PRTT55;1380;05-06-2025;43;PRTT55;;ADJUDICADO;GENERICO;NO;TRANSFERIDO;GAMA SERVICIOS FINANCIEROS S.A. ;GAMA SERVICIOS FINANCIEROS S.A. ;LEASING;;;26-06-2025;;;;;;;;;;;;24-06-2025;26-06-2025;;;;15-07-2025
45813-PRTZ55;1380;05-06-2025;44;PRTZ55;;ADJUDICADO;GENERICO;NO;TRANSFERIDO;GAMA SERVICIOS FINANCIEROS S.A. ;GAMA SERVICIOS FINANCIEROS S.A. ;LEASING;;;26-06-2025;;;;;;;;;;;;24-06-2025;26-06-2025;;;;15-07-2025
45813-PRTY60;1380;05-06-2025;45;PRTY60;;ADJUDICADO;GENERICO;NO;TRANSFERIDO;GAMA SERVICIOS FINANCIEROS S.A. ;GAMA SERVICIOS FINANCIEROS S.A. ;LEASING;;;07-07-2025;;;;;;;;;;;;27-06-2025;07-07-2025;;;;24-07-2025
45813-PJCF90;1380;05-06-2025;46;PJCF90;;ADJUDICADO;GENERICO;NO;TRANSFERIDO;GAMA SERVICIOS FINANCIEROS S.A. ;GAMA SERVICIOS FINANCIEROS S.A. ;LEASING;;;26-06-2025;;;;;;;;;;;;24-06-2025;26-06-2025;;;;15-07-2025
45813-LTGZ20;1380;05-06-2025;47;LTGZ20;;ADJUDICADO;GENERICO;NO;TRANSFERIDO;GAMA SERVICIOS FINANCIEROS S.A. ;GAMA SERVICIOS FINANCIEROS S.A. ;LEASING;;;26-06-2025;;;;;;;;;;;;24-06-2025;26-06-2025;;;;15-07-2025
;1381;12-06-2025;1;SXLX62;;DESISTIMIENTO;GENERICO;NO;NO APLICA;ACTIVA MOVILIDAD II SPA  ;ACTIVA MOVILIDAD II SPA  ;LEASING;;;;;;;;;;;;;;;;;;;;
;1381;12-06-2025;2;JLJW23;;ADJUDICADO;GENERICO;NO;TRANSFERIDO;PICKUP RENT SPA  ;PARTICULAR;PARTICULARES;;;;;;;;;;;;;;;07-07-2025;09-07-2025;;;;30-07-2025
;1381;12-06-2025;3;PLKT92;;ADJUDICADO;DERIVACION;SI;TRANSFERIDO;YULY PRISCA CESPEDES GARCIA  ;SANTA INES II SPA KAVAK  ;COMPRADIRECTA;;;;;;;;;;;;;;;18-07-2025;29-07-2025;;;;01-10-2025
;1381;12-06-2025;4;LLHC27;;ADJUDICADO;LIQ;NO;TRANSFERIDO;CRECIC S.A. EN LIQUIDACIÓN    ;LIQUIDACION;LIQUIDACIONES;;;;;;;;;;;;;;;03-02-2026;23-02-2026;24-06-2025;;;31-03-2026
;1381;12-06-2025;5;THVZ22;;ADJUDICADO;MERA;NO;TRANSFERIDO;ACTIVA MOVILIDAD II SPA  ;ACTIVA MOVILIDAD II SPA  ;LEASING;;;;;;;;;;;;;;;30-09-2025;01-10-2025;;;;21-10-2025
;1381;12-06-2025;6;TFHW46;;ADJUDICADO;GENERICO;NO;TRANSFERIDO;ACTIVA MOVILIDAD II SPA  ;ACTIVA MOVILIDAD II SPA  ;LEASING;;;;;;;;;;;;;;;30-06-2025;09-07-2025;;;;31-07-2025
;1381;12-06-2025;7;TFHW25;;ADJUDICADO;GENERICO;NO;TRANSFERIDO;ACTIVA MOVILIDAD II SPA  ;ACTIVA MOVILIDAD II SPA  ;LEASING;;;;;;;;;;;;;;;30-06-2025;04-07-2025;;;;24-07-2025
;1381;12-06-2025;8;SDWF24;;ADJUDICADO;GENERICO;NO;TRANSFERIDO;ACTIVA MOVILIDAD II SPA  ;ACTIVA MOVILIDAD II SPA  ;LEASING;;;;;;;;;;;;;;;30-06-2025;03-07-2025;;;;23-07-2025
;1381;12-06-2025;9;SGZT28;;ADJUDICADO;DERIVACION;SI;TRANSFERIDO;OLX LATAM CAR GROUP SPA  ;SANTA INES II SPA OLX;COMPRADIRECTA;;;;;;;;;;;;;;;28-07-2025;07-08-2025;;;;04-09-2025
;1381;12-06-2025;10;PPFH87;;ADJUDICADO;DERIVACION;SI;TRANSFERIDO;AUTOMOTRIZ CORDILLERA S.A.  ;SANTA INES II SPA OLX;COMPRADIRECTA;;;;;;;;;;;;;;;28-07-2025;07-08-2025;;;;27-08-2025
;1381;12-06-2025;11;PCWH15;;DESISTIMIENTO;DERIVACION;SI;NO APLICA;M&S INVERSIONES SPA  ;SANTA INES II SPA KAVAK  ;COMPRADIRECTA;;;;;;;;;;;;;;;;;;;;
;1381;12-06-2025;12;KCPF79;;ADJUDICADO;DERIVACION;SI;TRANSFERIDO;FERNANDO JAVIER VALLE MUÑOZ  ;SANTA INES II SPA KAVAK  ;COMPRADIRECTA;;;;;;;;;;;;;;;08-09-2025;09-09-2025;;;;14-10-2025
;1381;12-06-2025;13;SGVD90;;ADJUDICADO;LIQ;NO;GESTION MACAL;MARIA GABRIELA RINCON LUZARDO  ;LIQUIDACION;LIQUIDACIONES;;;;;;;;;;;;;;;;;;;;
;1381;12-06-2025;14;RVSC12;;ADJUDICADO;GENERICO;NO;TRANSFERIDO;ACTIVA MOVILIDAD II SPA  ;ACTIVA MOVILIDAD II SPA  ;LEASING;;;;;;;;;;;;;;;30-06-2025;03-07-2025;;;;23-07-2025
;1381;12-06-2025;15;RGYP90;;ANULACION;DERIVACION;SI;NO APLICA;AUTOMOTRIZ PORTEZUELO S A  ;SANTA INES II SPA OLX;COMPRADIRECTA;;;;;;;;;;;;;;;;;;;;
;1381;12-06-2025;16;RBSP76;;ANULACION;DERIVACION;SI;NO APLICA;GONZALO EDUARDO ARANEDA CONCHA  ;SANTA INES II SPA KAVAK  ;COMPRADIRECTA;;;;;;;;;;;;;;;;;;;;
;1381;12-06-2025;17;PFBC91;;ADJUDICADO;COMPRA PARA;SI;TRANSFERIDO;ALD AUTOMOTIVE LIMITADA .;SANTA INES II SPA ALD;COMPRADIRECTA;;;;;;;;;01-07-2025;;;;;;;25-07-2025;;;;21-08-2025
;1381;12-06-2025;18;TBRS64;;ADJUDICADO;GENERICO;NO;TRANSFERIDO;ACTIVA MOVILIDAD II SPA  ;ACTIVA MOVILIDAD II SPA  ;LEASING;;;;;;;;;;;;;;;30-06-2025;03-07-2025;;;;24-07-2025
;1381;12-06-2025;19;TFCJ27;;ADJUDICADO;GENERICO;NO;TRANSFERIDO;ACTIVA MOVILIDAD II SPA  ;ACTIVA MOVILIDAD II SPA  ;LEASING;;;;;;;;;;;;;;;30-06-2025;03-07-2025;;;;24-07-2025
;1381;12-06-2025;20;TDRJ19;;ADJUDICADO;GENERICO;NO;TRANSFERIDO;ACTIVA MOVILIDAD II SPA  ;ACTIVA MOVILIDAD II SPA  ;LEASING;;;;;;;;;;;;;;;30-06-2025;03-07-2025;;;;24-07-2025
;1381;12-06-2025;21;TCFV38;;ADJUDICADO;GENERICO;NO;TRANSFERIDO;ACTIVA MOVILIDAD II SPA  ;ACTIVA MOVILIDAD II SPA  ;LEASING;;;;;;;;;;;;;;;30-06-2025;03-07-2025;;;;24-07-2025
;1381;12-06-2025;22;TBRR94;;ADJUDICADO;GENERICO;NO;TRANSFERIDO;ACTIVA MOVILIDAD II SPA  ;ACTIVA MOVILIDAD II SPA  ;LEASING;;;;;;;;;;;;;;;30-06-2025;03-07-2025;;;;24-07-2025
;1381;12-06-2025;23;TDRK32;;ADJUDICADO;GENERICO;NO;TRANSFERIDO;ACTIVA MOVILIDAD II SPA  ;ACTIVA MOVILIDAD II SPA  ;LEASING;;;;;;;;;;;;;;;30-06-2025;03-07-2025;;;;24-07-2025
;1381;12-06-2025;24;TCFV66;;ADJUDICADO;GENERICO;NO;TRANSFERIDO;ACTIVA MOVILIDAD II SPA  ;ACTIVA MOVILIDAD II SPA  ;LEASING;;;;;;;;;;;;;;;30-06-2025;03-07-2025;;;;24-07-2025
;1381;12-06-2025;25;TBRT13;;ADJUDICADO;GENERICO;NO;TRANSFERIDO;ACTIVA MOVILIDAD II SPA  ;ACTIVA MOVILIDAD II SPA  ;LEASING;;;;;;;;;;;;;;;30-06-2025;03-07-2025;;;;24-07-2025
;1381;12-06-2025;26;TFCR11;;ADJUDICADO;GENERICO;NO;TRANSFERIDO;ACTIVA MOVILIDAD II SPA  ;ACTIVA MOVILIDAD II SPA  ;LEASING;;;;;;;;;;;;;;;30-06-2025;03-07-2025;;;;24-07-2025
;1381;12-06-2025;27;TCFT92;;ADJUDICADO;GENERICO;NO;TRANSFERIDO;ACTIVA MOVILIDAD II SPA  ;ACTIVA MOVILIDAD II SPA  ;LEASING;;;;;;;;;;;;;;;30-06-2025;03-07-2025;;;;24-07-2025
;1381;12-06-2025;28;SSXB53;;ADJUDICADO;GENERICO;NO;TRANSFERIDO;ACTIVA MOVILIDAD II SPA  ;ACTIVA MOVILIDAD II SPA  ;LEASING;;;;;;;;;;;;;;;30-06-2025;03-07-2025;;;;24-07-2025
;1381;12-06-2025;29;LRBR21;;ADJUDICADO;COMPRA PARA;SI;TRANSFERIDO;ALD AUTOMOTIVE LIMITADA .;SANTA INES II SPA ALD;COMPRADIRECTA;;;;;;;;;01-07-2025;;;;;;;25-07-2025;;;;21-08-2025
;1381;12-06-2025;30;LFHW29;;ADJUDICADO;COMPRA PARA;SI;TRANSFERIDO;ALD AUTOMOTIVE LIMITADA .;SANTA INES II SPA ALD;COMPRADIRECTA;;;;;;;;;01-07-2025;;;;;;;25-07-2025;;;;21-08-2025
;1381;12-06-2025;31;SKSC70;;ADJUDICADO;COMPRA PARA;SI;TRANSFERIDO;ALD AUTOMOTIVE LIMITADA .;SANTA INES II SPA ALD;COMPRADIRECTA;;;;;;;;;01-07-2025;;;;;;14-08-2025;25-08-2025;;;;16-09-2025
;1381;12-06-2025;32;GSFZ57;;ADJUDICADO;LIQ;NO;TRANSFERIDO;CRECIC S.A. EN LIQUIDACIÓN    ;LIQUIDACION;LIQUIDACIONES;;;;;;;;;;;;;;;03-02-2026;26-02-2026;;;;02-04-2026
;1381;12-06-2025;33;SWWD27;;ADJUDICADO;GENERICO;NO;TRANSFERIDO;ACTIVA MOVILIDAD II SPA  ;ACTIVA MOVILIDAD II SPA  ;LEASING;;;;;;;;;;;;;;;30-06-2025;03-07-2025;;;;24-07-2025
;1381;12-06-2025;34;SYGR62;;ADJUDICADO;GENERICO;NO;TRANSFERIDO;ACTIVA MOVILIDAD II SPA  ;ACTIVA MOVILIDAD II SPA  ;LEASING;;;;;;;;;;;;;;;30-06-2025;23-07-2025;;;;13-08-2025
;1381;12-06-2025;35;SXGR37;;ADJUDICADO;GENERICO;NO;TRANSFERIDO;ACTIVA MOVILIDAD II SPA  ;ACTIVA MOVILIDAD II SPA  ;LEASING;;;;;;;;;;;;;;;30-06-2025;03-07-2025;;;;24-07-2025
;1381;12-06-2025;36;SWWD48;;ADJUDICADO;GENERICO;NO;TRANSFERIDO;ACTIVA MOVILIDAD II SPA  ;ACTIVA MOVILIDAD II SPA  ;LEASING;;;;;;;;;;;;;;;30-06-2025;03-07-2025;;;;24-07-2025
;1381;12-06-2025;37;SWDR56;;ADJUDICADO;GENERICO;NO;TRANSFERIDO;ACTIVA MOVILIDAD II SPA  ;ACTIVA MOVILIDAD II SPA  ;LEASING;;;;;;;;;;;;;;;30-06-2025;03-07-2025;;;;24-07-2025
;1381;12-06-2025;38;SYGP67;;ADJUDICADO;GENERICO;NO;TRANSFERIDO;ACTIVA MOVILIDAD II SPA  ;ACTIVA MOVILIDAD II SPA  ;LEASING;;;;;;;;;;;;;;;30-06-2025;04-07-2025;;;;24-07-2025
;1381;12-06-2025;39;SWDR23;;ADJUDICADO;GENERICO;NO;TRANSFERIDO;ACTIVA MOVILIDAD II SPA  ;ACTIVA MOVILIDAD II SPA  ;LEASING;;;;;;;;;;;;;;;30-06-2025;03-07-2025;;;;23-07-2025
;1381;12-06-2025;40;SWDR46;;ADJUDICADO;GENERICO;NO;TRANSFERIDO;ACTIVA MOVILIDAD II SPA  ;ACTIVA MOVILIDAD II SPA  ;LEASING;;;;;;;;;;;;;;;30-06-2025;03-07-2025;;;;23-07-2025
;1381;12-06-2025;41;SYGP43;;ADJUDICADO;GENERICO;NO;TRANSFERIDO;ACTIVA MOVILIDAD II SPA  ;ACTIVA MOVILIDAD II SPA  ;LEASING;;;;;;;;;;;;;;;30-06-2025;04-07-2025;;;;24-07-2025
;1381;12-06-2025;42;SVCT62;;ADJUDICADO;GENERICO;NO;TRANSFERIDO;ACTIVA MOVILIDAD II SPA  ;ACTIVA MOVILIDAD II SPA  ;LEASING;;;;;;;;;;;;;;;30-06-2025;03-07-2025;;;;23-07-2025
;1381;12-06-2025;43;SWDR78;;ADJUDICADO;GENERICO;NO;TRANSFERIDO;ACTIVA MOVILIDAD II SPA  ;ACTIVA MOVILIDAD II SPA  ;LEASING;;;;;;;;;;;;;;;30-06-2025;03-07-2025;;;;23-07-2025
;1381;12-06-2025;44;SCYH38;;ADJUDICADO;GENERICO;NO;TRANSFERIDO;ACTIVA MOVILIDAD II SPA  ;ACTIVA MOVILIDAD II SPA  ;LEASING;;;;;;;;;;;;;;;30-06-2025;03-07-2025;;;;23-07-2025
;1381;12-06-2025;45;SLHF22;;DESISTIMIENTO;GENERICO;NO;NO APLICA;ACTIVA MOVILIDAD II SPA  ;ACTIVA MOVILIDAD II SPA  ;LEASING;;;;;;;;;;;;;;;;;;;;
;1381;12-06-2025;46;SJYY87;;ADJUDICADO;GENERICO;NO;TRANSFERIDO;ACTIVA MOVILIDAD II SPA  ;ACTIVA MOVILIDAD II SPA  ;LEASING;;;;;;;;;;;;;;;30-06-2025;04-07-2025;;;;24-07-2025
;1381;12-06-2025;47;SLKF20;;ADJUDICADO;GENERICO;NO;TRANSFERIDO;ACTIVA MOVILIDAD II SPA  ;ACTIVA MOVILIDAD II SPA  ;LEASING;;;;;;;;;;;;;;;30-06-2025;23-07-2025;;;;13-08-2025
;1381;12-06-2025;48;RTDC34;;ADJUDICADO;LIQ;NO;SOLICITUD DE TRANSFERENCIA;JUAN LUIS HERNANDEZ ALVARADO  ;LIQUIDACION;LIQUIDACIONES;;;;;;;;;;;;;;;07-07-2026;09-07-2026;;;;
;1381;12-06-2025;49;RRKX14;;DESISTIMIENTO;LIQ;NO;NO APLICA;YURJACY RAMON GONZALEZ PEREZ  ;LIQUIDACION;LIQUIDACIONES;;;;;;;;;;;;;;;;;;;;
;1382;19-06-2025;1;SLCJ43;;ADJUDICADO;GENERICO;NO;TRANSFERIDO;SANTANDER CONSUMER FINANCE LIMITADA  ;SANTANDER CONSUMER;BFE;;;;;;;;;;;;;;;03-07-2025;08-07-2025;;;;29-07-2025
;1382;19-06-2025;2;SXLX28;;ADJUDICADO;GENERICO;NO;TRANSFERIDO;ACTIVA MOVILIDAD II SPA  ;ACTIVA MOVILIDAD II SPA  ;LEASING;;;;;;;;;;;;;;;03-07-2025;08-07-2025;;;;29-07-2025
;1382;19-06-2025;3;RZZC13;;ADJUDICADO;GENERICO;NO;TRANSFERIDO;SANTANDER CONSUMER FINANCE LIMITADA  ;SANTANDER CONSUMER;BFE;;;;;;;;;;;;;;;03-07-2025;08-07-2025;;;;29-07-2025
;1382;19-06-2025;4;KBPC72;;ADJUDICADO;DERIVACION;SI;TRANSFERIDO;INDUSTRIA NACIONAL DE TEJIDOS DE ALAMBRE  ;SANTA INES II SPA KAVAK  ;COMPRADIRECTA;;;;;;;;;;;;;;;18-07-2025;29-07-2025;;;;03-09-2025
;1382;19-06-2025;5;THRC36;;ADJUDICADO;GENERICO;NO;TRANSFERIDO;ACTIVA MOVILIDAD II SPA  ;ACTIVA MOVILIDAD II SPA  ;LEASING;;;;;;;;;;;;;;;03-07-2025;08-07-2025;;;;29-07-2025
;1382;19-06-2025;6;TBZH87;;ADJUDICADO;DERIVACION;SI;TRANSFERIDO;LATAM CAR GROUP SPA ;SANTA INES II SPA OLX;COMPRADIRECTA;;;;;;;;;;;;;;;28-07-2025;07-08-2025;;;;28-08-2025
;1382;19-06-2025;7;THVY66;;ADJUDICADO;MERA;NO;TRANSFERIDO;ACTIVA MOVILIDAD II SPA  ;ACTIVA MOVILIDAD II SPA  ;LEASING;;;;;;;;;;;;;;;30-09-2025;01-10-2025;;;;21-10-2025
;1382;19-06-2025;8;THVY46;;ADJUDICADO;MERA;NO;TRANSFERIDO;ACTIVA MOVILIDAD II SPA  ;ACTIVA MOVILIDAD II SPA  ;LEASING;;;;;;;;;;;;;;;30-09-2025;01-10-2025;;;;21-10-2025
;1382;19-06-2025;9;TFLK36;;ADJUDICADO;GENERICO;NO;TRANSFERIDO;ACTIVA MOVILIDAD II SPA  ;ACTIVA MOVILIDAD II SPA  ;LEASING;;;;;;;;;;;;;;;03-07-2025;08-07-2025;;;;29-07-2025
;1382;19-06-2025;10;TFHT98;;ADJUDICADO;MERA;NO;TRANSFERIDO;LA ESTRELLA LEASING LTDA  ;LA ESTRELLA LEASING LTDA  ;LEASING;;;;;;;;;;;;;;;30-09-2025;01-10-2025;;;;21-10-2025
;1382;19-06-2025;11;THVY77;;ADJUDICADO;MERA;NO;TRANSFERIDO;MARUBENI HOLDING LTDA  ;ACTIVA MOVILIDAD II SPA  ;LEASING;;;;;;;;;;;;;;;30-09-2025;01-10-2025;;;;21-10-2025
;1382;19-06-2025;12;TFLK27;;ADJUDICADO;GENERICO;NO;TRANSFERIDO;ACTIVA MOVILIDAD II SPA  ;ACTIVA MOVILIDAD II SPA  ;LEASING;;;;;;;;;;;;;;;03-07-2025;09-07-2025;;;;31-07-2025
;1382;19-06-2025;13;SVCV80;;ADJUDICADO;GENERICO;NO;TRANSFERIDO;ACTIVA MOVILIDAD II SPA  ;ACTIVA MOVILIDAD II SPA  ;LEASING;;;;;;;;;;;;;;;03-07-2025;09-07-2025;;;;30-07-2025
;1382;19-06-2025;14;PJJW97;;ADJUDICADO;DERIVACION;SI;TRANSFERIDO;LATAM CAR GROUP SPA ;SANTA INES II SPA OLX;COMPRADIRECTA;;;;;;;;;;;;;;;28-07-2025;07-08-2025;;;;27-08-2025
;1382;19-06-2025;15;RZZG64;;ADJUDICADO;GENERICO;NO;TRANSFERIDO;ACTIVA MOVILIDAD II SPA  ;ACTIVA MOVILIDAD II SPA  ;LEASING;;;;;;;;;;;;;;;03-07-2025;08-07-2025;;;;29-07-2025
;1382;19-06-2025;16;RPZW13;;ADJUDICADO;GENERICO;NO;TRANSFERIDO;ACTIVA MOVILIDAD II SPA  ;ACTIVA MOVILIDAD II SPA  ;LEASING;;;;;;;;;;;;;;;03-07-2025;08-07-2025;;;;30-07-2025
;1382;19-06-2025;17;TBDT66;;ADJUDICADO;GENERICO;NO;TRANSFERIDO;EUROPARTS SPA . .;Citroen Chile S. A. C.  ;AUTOMOTORAS;;;;;;;;;;;;;;;03-07-2025;08-07-2025;;;;29-07-2025
;1382;19-06-2025;18;SWBJ73;;ADJUDICADO;GENERICO;NO;TRANSFERIDO;EUROPARTS SPA . .;Citroen Chile S. A. C.  ;AUTOMOTORAS;;;;;;;;;;;;;;;03-07-2025;08-07-2025;;;;29-07-2025
;1382;19-06-2025;19;RPFW17;;ADJUDICADO;DERIVACION;SI;TRANSFERIDO;AUTOMOTRIZ PORTEZUELO S A  ;SANTA INES II SPA OLX;COMPRADIRECTA;;;;;;;;;;;;;;;28-07-2025;18-08-2025;;;;05-09-2025
;1382;19-06-2025;20;RHHZ40;;ADJUDICADO;GENERICO;NO;TRANSFERIDO;SANTANDER CONSUMER FINANCE LIMITADA  ;SANTANDER CONSUMER;BFE;;;;;;;;;;;;;;;03-07-2025;08-07-2025;;;;29-07-2025
;1382;19-06-2025;21;KWPZ17;;ADJUDICADO;GENERICO;NO;TRANSFERIDO;SANTANDER CONSUMER FINANCE LIMITADA  ;SANTANDER CONSUMER;BFE;;;;;;;;;;;;;;;03-07-2025;08-07-2025;;;;29-07-2025
;1382;19-06-2025;22;TDRJ87;;ADJUDICADO;GENERICO;NO;TRANSFERIDO;ACTIVA MOVILIDAD II SPA  ;ACTIVA MOVILIDAD II SPA  ;LEASING;;;;;;;;;;;;;;;03-07-2025;26-08-2025;;;;16-09-2025
;1382;19-06-2025;23;TFCJ83;;ADJUDICADO;GENERICO;NO;TRANSFERIDO;ACTIVA MOVILIDAD II SPA  ;ACTIVA MOVILIDAD II SPA  ;LEASING;;;;;;;;;;;;;;;03-07-2025;08-07-2025;;;;29-07-2025
;1382;19-06-2025;24;TFCJ82;;ADJUDICADO;GENERICO;NO;TRANSFERIDO;ACTIVA MOVILIDAD II SPA  ;ACTIVA MOVILIDAD II SPA  ;LEASING;;;;;;;;;;;;;;;03-07-2025;08-07-2025;;;;29-07-2025
;1382;19-06-2025;25;TFCP38;;ADJUDICADO;GENERICO;NO;TRANSFERIDO;ACTIVA MOVILIDAD II SPA  ;ACTIVA MOVILIDAD II SPA  ;LEASING;;;;;;;;;;;;;;;03-07-2025;08-07-2025;;;;29-07-2025
;1382;19-06-2025;26;TCFV15;;ADJUDICADO;GENERICO;NO;TRANSFERIDO;ACTIVA MOVILIDAD II SPA  ;ACTIVA MOVILIDAD II SPA  ;LEASING;;;;;;;;;;;;;;;03-07-2025;08-07-2025;;;;29-07-2025
;1382;19-06-2025;27;TBRT96;;ADJUDICADO;GENERICO;NO;TRANSFERIDO;ACTIVA MOVILIDAD II SPA  ;ACTIVA MOVILIDAD II SPA  ;LEASING;;;;;;;;;;;;;;;03-07-2025;08-07-2025;;;;19-08-2025
;1382;19-06-2025;28;TFCL20;;ADJUDICADO;GENERICO;NO;TRANSFERIDO;ACTIVA MOVILIDAD II SPA  ;ACTIVA MOVILIDAD II SPA  ;LEASING;;;;;;;;;;;;;;;03-07-2025;08-07-2025;;;;29-07-2025
;1382;19-06-2025;29;TCFV16;;ADJUDICADO;GENERICO;NO;TRANSFERIDO;ACTIVA MOVILIDAD II SPA  ;ACTIVA MOVILIDAD II SPA  ;LEASING;;;;;;;;;;;;;;;03-07-2025;08-07-2025;;;;29-07-2025
;1382;19-06-2025;30;TBRT87;;ADJUDICADO;GENERICO;NO;TRANSFERIDO;ACTIVA MOVILIDAD II SPA  ;ACTIVA MOVILIDAD II SPA  ;LEASING;;;;;;;;;;;;;;;03-07-2025;08-07-2025;;;;29-07-2025
;1382;19-06-2025;31;RHFP97;;ADJUDICADO;DERIVACION;SI;TRANSFERIDO;AUTOMOTRIZ CORDILLERA S.A.  ;SANTA INES II SPA OLX;COMPRADIRECTA;;;;;;;;;;;;;;;28-07-2025;22-08-2025;;;;23-09-2025
;1382;19-06-2025;32;SVSZ99;;ADJUDICADO;DERIVACION;SI;TRANSFERIDO;DIEGO LEON GALLEGO GIRALDO  ;SANTA INES II SPA KAVAK  ;COMPRADIRECTA;;;;;;;;;;;;;;;14-08-2025;14-08-2025;;;;01-10-2025
;1382;19-06-2025;33;SVCT75;;ADJUDICADO;GENERICO;NO;TRANSFERIDO;ACTIVA MOVILIDAD II SPA  ;ACTIVA MOVILIDAD II SPA  ;LEASING;;;;;;;;;;;;;;;03-07-2025;08-07-2025;;;;29-07-2025
;1382;19-06-2025;34;SWDS48;;ADJUDICADO;GENERICO;NO;TRANSFERIDO;ACTIVA MOVILIDAD II SPA  ;ACTIVA MOVILIDAD II SPA  ;LEASING;;;;;;;;;;;;;;;03-07-2025;08-07-2025;;;;29-07-2025
;1382;19-06-2025;35;SWDR76;;ADJUDICADO;GENERICO;NO;TRANSFERIDO;ACTIVA MOVILIDAD II SPA  ;ACTIVA MOVILIDAD II SPA  ;LEASING;;;;;;;;;;;;;;;03-07-2025;08-07-2025;;;;29-07-2025
;1382;19-06-2025;36;SWDS47;;ADJUDICADO;GENERICO;NO;TRANSFERIDO;ACTIVA MOVILIDAD II SPA  ;ACTIVA MOVILIDAD II SPA  ;LEASING;;;;;;;;;;;;;;;03-07-2025;08-07-2025;;;;29-07-2025
;1382;19-06-2025;37;SVCT56;;ANULACION;GENERICO;NO;NO APLICA;ACTIVA MOVILIDAD II SPA  ;ACTIVA MOVILIDAD II SPA  ;LEASING;;;;;;;;;;;;;;;;;;;;
;1382;19-06-2025;38;SWDS53;;ADJUDICADO;GENERICO;NO;TRANSFERIDO;ACTIVA MOVILIDAD II SPA  ;ACTIVA MOVILIDAD II SPA  ;LEASING;;;;;;;;;;;;;;;03-07-2025;08-07-2025;;;;29-07-2025
;1382;19-06-2025;39;SVCT63;;ADJUDICADO;GENERICO;NO;TRANSFERIDO;ACTIVA MOVILIDAD II SPA  ;ACTIVA MOVILIDAD II SPA  ;LEASING;;;;;;;;;;;;;;;03-07-2025;06-08-2025;;;;26-08-2025
;1382;19-06-2025;40;LTYT60;;ADJUDICADO;DERIVACION;SI;TRANSFERIDO;GONZALO EDUARDO COFRÉ GUZMÁN  ;SANTA INES II SPA KAVAK  ;COMPRADIRECTA;;;;;;;;;;;;;;;18-08-2025;18-08-2025;;;;01-10-2025
;1382;19-06-2025;41;LLDT96;;ANULACION;GENERICO;NO;NO APLICA;SANTANDER CONSUMER FINANCE LIMITADA  ;SANTANDER CONSUMER;BFE;;;;;;;;;;;;;;;;;;;;
;1382;19-06-2025;42;SLHF15;;ADJUDICADO;GENERICO;NO;TRANSFERIDO;ACTIVA MOVILIDAD II SPA  ;ACTIVA MOVILIDAD II SPA  ;LEASING;;;;;;;;;;;;;;;03-07-2025;07-07-2025;;;;29-07-2025
;1382;19-06-2025;43;HBZH89;;ADJUDICADO;DERIVACION;SI;TRANSFERIDO;KATHERINE ANDREA RUIZ ABARZÚA  ;SANTA INES II SPA KAVAK  ;COMPRADIRECTA;;;;;;;;;;;;;;;01-09-2025;02-09-2025;;;;02-10-2025
;1382;19-06-2025;44;RSTX73;;ADJUDICADO;GENERICO;NO;TRANSFERIDO;SANTANDER CONSUMER FINANCE LIMITADA  ;SANTANDER CONSUMER;BFE;;;;;;;;;;;;;;;03-07-2025;;;;;29-07-2025
;1382;19-06-2025;45;RSCL97;;ADJUDICADO;GENERICO;NO;TRANSFERIDO;SANTANDER CONSUMER FINANCE LIMITADA  ;SANTANDER CONSUMER;BFE;;;;;;;;;;;;;;;03-07-2025;;;;;29-07-2025
;1382;19-06-2025;46;SFHB20;;ADJUDICADO;GENERICO;NO;TRANSFERIDO;SANTANDER CONSUMER FINANCE LIMITADA  ;SANTANDER CONSUMER;BFE;;;;;;;;;;;;;;;03-07-2025;;;;;29-07-2025
;1382;19-06-2025;47;KBWP69;;ADJUDICADO;DERIVACION;SI;TRANSFERIDO;CAPACITA CHILE LIMITADA  ;SANTA INES II SPA KAVAK  ;COMPRADIRECTA;;;;;;;;;;;;;;;18-08-2025;18-08-2025;;;;01-10-2025
;1382;19-06-2025;48;JZVZ48;;ADJUDICADO;GENERICO;NO;TRANSFERIDO;SANTANDER CONSUMER FINANCE LIMITADA  ;SANTANDER CONSUMER;BFE;;;;;;;;;;;;;;;03-07-2025;08-07-2025;;;;29-07-2025
;1382;19-06-2025;49;RWSH17;;ADJUDICADO;GENERICO;NO;TRANSFERIDO;SANTANDER CONSUMER FINANCE LIMITADA  ;SANTANDER CONSUMER;BFE;;;;;;;;;;;;;;;03-07-2025;07-07-2025;;;;29-07-2025
;1382;19-06-2025;50;PFBC87;;ADJUDICADO;COMPRA PARA;SI;TRANSFERIDO;ALD AUTOMOTIVE LIMITADA .;SANTA INES II SPA ALD;COMPRADIRECTA;;;;;;;;;;;;;;;;25-07-2025;;;;21-08-2025
;1382;19-06-2025;51;RZGL78;;ADJUDICADO;GENERICO;NO;TRANSFERIDO;SANTANDER CONSUMER FINANCE LIMITADA  ;SANTANDER CONSUMER;BFE;;;;;;;;;;;;;;;03-07-2025;14-08-2025;;;;02-09-2025
;1382;19-06-2025;52;STYB35;;ADJUDICADO;GENERICO;NO;TRANSFERIDO;ACTIVA MOVILIDAD II SPA  ;ACTIVA MOVILIDAD II SPA  ;LEASING;;;;;;;;;;;;;;;03-07-2025;09-07-2025;;;;31-07-2025
;1382;19-06-2025;53;TJSZ61;;ADJUDICADO;MERA;NO;TRANSFERIDO;MARUBENI HOLDING LTDA  ;ACTIVA MOVILIDAD II SPA  ;LEASING;;;;;;;;;;;;;;;30-09-2025;01-10-2025;;;;21-10-2025
;1382;19-06-2025;54;RRWP78;;ADJUDICADO;COMPRA PARA;SI;TRANSFERIDO;ALD AUTOMOTIVE LIMITADA .;SANTA INES II SPA ALD;COMPRADIRECTA;;;;;;;;;;;;;;;07-08-2025;29-09-2025;;;;20-10-2025
;1383;26-06-2025;1;LTHY81;;ADJUDICADO;LIQ;NO;GESTION MACAL;TECNOLOGIA E INGENIERIA SPA.  ;LIQUIDACION;LIQUIDACIONES;[17/NOV] SE INSISTIRA DEL AREA LEGAL AL LIQUIDADOR PARA QUE REALICE GESTION DE ALZAMIENTO ;17-11-2025;;;;;;;;;;;;;;;;;;
;1383;26-06-2025;2;LTSK53;;ADJUDICADO;GENERICO;NO;TRANSFERIDO;TANNER SERVICIOS FINANCIEROS S.A  ;Tanner Servicios Financieros S.A  ;BFE;;;;;;;;;;;;;;;08-07-2025;09-07-2025;;;;31-07-2025
;1383;26-06-2025;3;JTFS24;;ADJUDICADO;LIQ;NO;GESTION MACAL;TECNOLOGIA E INGENIERIA SPA.  ;LIQUIDACION;LIQUIDACIONES;[17/NOV] SE INSISTIRA DEL AREA LEGAL AL LIQUIDADOR PARA QUE REALICE GESTION DE ALZAMIENTO ;17-11-2025;;;;;;;;;;;;;;;;;;
;1383;26-06-2025;4;THSJ71;;ADJUDICADO;GENERICO;NO;TRANSFERIDO;ACTIVA MOVILIDAD II SPA  ;ACTIVA MOVILIDAD II SPA  ;LEASING;;;;;;;;;;;;;;;08-07-2025;09-07-2025;;;;31-07-2025
;1383;26-06-2025;5;PKWK82;;ADJUDICADO;LIQ;NO;GESTION MACAL;VICTORIA ELENA DEL ROSAL GONZALEZ  ;LIQUIDACION;LIQUIDACIONES;;;;;;;;;;;;;;;;;;;;
;1383;26-06-2025;6;RWWK77;;DESISTIMIENTO;LIQ;NO;NO APLICA;CAMILO ERNESTO BELEÑO HERAZO  ;LIQUIDACION;LIQUIDACIONES;;;;;;;;;;;;;;;;;;;;
;1383;26-06-2025;7;THVY47;;ADJUDICADO;MERA;NO;TRANSFERIDO;ACTIVA MOVILIDAD II SPA  ;ACTIVA MOVILIDAD II SPA  ;LEASING;;;;;;;;;;;;;;;30-09-2025;01-10-2025;;;;21-10-2025
;1383;26-06-2025;8;TFHJ68;;ANULACION;GENERICO;NO;NO APLICA;ACTIVA MOVILIDAD II SPA  ;ACTIVA MOVILIDAD II SPA  ;LEASING;;;;;;;;;;;;;;;;;;;;
;1383;26-06-2025;9;GYWG49;;ADJUDICADO;LIQ;NO;TRANSFERIDO;SOC AGRICOLA MILLAHUE LIMITADA  ;LIQUIDACION;LIQUIDACIONES;;;;;;;;;;;;;;;16-09-2025;16-09-2025;;;;09-10-2025
;1383;26-06-2025;10;HPJT39;;ADJUDICADO;LIQ;NO;SOLICITUD DE TRANSFERENCIA;ENRIQUE MAXIMILIANO FAÚNDEZ LLANOS  ;LIQUIDACION;LIQUIDACIONES;[17/NOV] ALZAMIENTOS ENVIADOS AL LIQUIDADOR PARA GESTIONAR 03-09-2025;17-11-2025;;;;;;;;;;;;;24-07-2026;28-07-2026;03-09-2025;;;
;1383;26-06-2025;11;LSSZ84;;ADJUDICADO;DERIVACION;SI;TRANSFERIDO;JORGE PATRICIO CASTILLO GUARDA  ;SANTA INES II SPA KAVAK  ;COMPRADIRECTA;;;;;;;;;;;;;;;14-08-2025;22-08-2025;;;;01-10-2025
;1383;26-06-2025;12;JTBT24;;ADJUDICADO;DERIVACION;SI;TRANSFERIDO;UVI TECH CHILE SPA  ;SANTA INES II SPA KAVAK  ;COMPRADIRECTA;;;;;;;;;;;;;;;14-08-2025;14-08-2025;;;;01-10-2025
;1383;26-06-2025;13;RRGY68;;ADJUDICADO;GENERICO;NO;TRANSFERIDO;SANTANDER CONSUMER FINANCE LIMITADA  ;SANTANDER CONSUMER;BFE;;;;;;;;;;;;;;;08-07-2025;09-07-2025;;;;31-07-2025
;1383;26-06-2025;14;TBKK70;;ADJUDICADO;GENERICO;NO;TRANSFERIDO;SANTANDER CONSUMER FINANCE LIMITADA  ;SANTANDER CONSUMER;BFE;;;;;;;;;;;;;;;08-07-2025;09-07-2025;;;;31-07-2025
;1383;26-06-2025;15;RDSF35;;ADJUDICADO;GENERICO;NO;TRANSFERIDO;SANTANDER CONSUMER FINANCE LIMITADA  ;SANTANDER CONSUMER;BFE;;;;;;;;;;;;;;;08-07-2025;09-07-2025;;;;31-07-2025
;1383;26-06-2025;16;PYRL37;;ADJUDICADO;GENERICO;NO;TRANSFERIDO;TANNER SERVICIOS FINANCIEROS S.A  ;Tanner Servicios Financieros S.A  ;BFE;;;;;;;;;;;;;;;08-07-2025;09-07-2025;;;;31-07-2025
;1383;26-06-2025;17;HWFJ23;;ADJUDICADO;DERIVACION;SI;TRANSFERIDO;JOSE RAMON MELIDA CONTRERAS  ;SANTA INES II SPA KAVAK  ;COMPRADIRECTA;;;;;;;;;;;;;;;20-08-2025;21-08-2025;;;;01-10-2025
;1383;26-06-2025;22;RVVZ36;;SUSPENDIDO;GENERICO;NO;NO APLICA;ACTIVA MOVILIDAD II SPA  ;ACTIVA MOVILIDAD II SPA  ;LEASING;;;;;;;;;;;;;;;;;;;;
;1383;26-06-2025;24;RKJY41;;ANULACION;GENERICO;NO;NO APLICA;SANTANDER CONSUMER FINANCE LIMITADA  ;SANTANDER CONSUMER;BFE;;10-09-2025;;;;;;;;;;;;;;;;;;
;1383;26-06-2025;28;SHSJ60;;ADJUDICADO;GENERICO;NO;TRANSFERIDO;SANTANDER CONSUMER FINANCE LIMITADA  ;SANTANDER CONSUMER;BFE;;;;;;;;;;;;;;;08-07-2025;09-07-2025;;;;31-07-2025
;1383;26-06-2025;30;SCKV66;;ADJUDICADO;LIQ;NO;TRANSFERIDO;JOSE GREGORIO OROZCO PINTO  ;LIQUIDACION;LIQUIDACIONES;;;;;;;;;;;;;;;10-04-2026;17-04-2026;03-09-2025;;;20-05-2026
;1383;26-06-2025;33;GKSY52;;SUSPENDIDO;LIQ;NO;NO APLICA;LUIS ANDRÉS CÁCERES CARREÑO  ;LIQUIDACION;LIQUIDACIONES;;;;;;;;;;;;;;;;;;;;
;1383;26-06-2025;35;LPSW83;;ADJUDICADO;LIQ;NO;GESTION MACAL;TECNOLOGIA E INGENIERIA SPA.  ;LIQUIDACION;LIQUIDACIONES;;;;;;;;;;;;;;;;;;;;
;1383;26-06-2025;36;HKCW92;;ADJUDICADO;LIQ;NO;TRANSFERIDO;TECNOLOGIA E INGENIERIA SPA.  ;LIQUIDACION;LIQUIDACIONES;;;;;;;;;;;;;;;09-01-2026;12-02-2026;;;;25-03-2025
;1383;26-06-2025;38;PLXD62;;ADJUDICADO;LIQ;NO;GESTION MACAL;YOSELIN VANESA NÚÑEZ MONSALVE  ;LIQUIDACION;LIQUIDACIONES;[17/NOV] ALZAMIENTOS ENVIADOS AL LIQUIDADOR PARA GESTIONAR 30-09-2025;17-11-2025;;;;;;;;;;;;;;;30-09-2025;;;
;1383;26-06-2025;39;BYSS33;;ADJUDICADO;LIQ;NO;TRANSFERIDO;SOFÍA MAGDALENA LARRAÍN LARRAÍN EN LIQUIDACIÓN    ;LIQUIDACION;LIQUIDACIONES;;;;;;;;;;;;;;;16-09-2025;24-10-2025;;;;01-12-2025
;1383;26-06-2025;40;DPVV60;;ADJUDICADO;LIQ;NO;TRANSFERIDO;MANUEL HUMBERTO MUÑOZ GONZÁLEZ  ;LIQUIDACION;LIQUIDACIONES;;;;;;;;;;;;;;;16-09-2025;24-10-2025;;;;14-04-2026
;1383;26-06-2025;41;HXJ050;;DESISTIMIENTO;LIQ;NO;NO APLICA;CINTHYA ANDREA GARRIDO MAUREIRA EN LIQUIDACIÓN  ;LIQUIDACION;LIQUIDACIONES;;;;;;;;;;;;;;;;;;;;
;1383;26-06-2025;42;CXBZ62;;DESISTIMIENTO;LIQ;NO;NO APLICA;CESAR GABRIEL MORALES FIGUEROA EN LIQUIDACIÓN    ;LIQUIDACION;LIQUIDACIONES;;;;;;;;;;;;;;;;;;;;
;1390;03-07-2025;1;THRC51;;ADJUDICADO;GENERICO;NO;TRANSFERIDO;ACTIVA MOVILIDAD II SPA  ;ACTIVA MOVILIDAD II SPA  ;LEASING;;;;;;;;;;;;;;;17-07-2025;21-07-2025;;;;08-08-2025
;1390;03-07-2025;2;SGVL39;;ADJUDICADO;DERIVACION;SI;TRANSFERIDO;LATAM CAR GROUP SPA ;SANTA INES II SPA OLX;COMPRADIRECTA;;;;;;;;;;;;;;;05-08-2025;07-08-2025;;;;27-08-2025
;1390;03-07-2025;3;THVZ26;;ADJUDICADO;MERA;NO;TRANSFERIDO;ACTIVA MOVILIDAD II SPA  ;ACTIVA MOVILIDAD II SPA  ;LEASING;;;;;;;;;;;;;;;30-09-2025;01-10-2025;;;;21-10-2025
;1390;03-07-2025;4;TFHJ77;;ADJUDICADO;GENERICO;NO;TRANSFERIDO;ACTIVA MOVILIDAD II SPA  ;ACTIVA MOVILIDAD II SPA  ;LEASING;;;;;;;;;;;;;;;17-07-2025;21-07-2025;;;;08-08-2025
;1390;03-07-2025;5;TBKD62;;ADJUDICADO;GENERICO;NO;TRANSFERIDO;ACTIVA MOVILIDAD II SPA  ;ACTIVA MOVILIDAD II SPA  ;LEASING;;;;;;;;;;;;;;;17-07-2025;21-07-2025;;;;08-08-2025
;1390;03-07-2025;6;TBKD79;;ADJUDICADO;GENERICO;NO;TRANSFERIDO;ACTIVA MOVILIDAD II SPA  ;ACTIVA MOVILIDAD II SPA  ;LEASING;;;;;;;;;;;;;;;17-07-2025;21-07-2025;;;;08-08-2025
;1390;03-07-2025;7;LWRB22;;ADJUDICADO;DERIVACION;SI;TRANSFERIDO;SONIA MADELAINE BUSTOS BAHAMONDE  ;SANTA INES II SPA OLX;COMPRADIRECTA;;;;;;;;;;;;;;;05-08-2025;07-08-2025;;;;28-08-2025
;1390;03-07-2025;8;KBWV60;;ADJUDICADO;DERIVACION;SI;TRANSFERIDO;GONZALO JAIME PINTO GUERRERO  ;SANTA INES II SPA KAVAK  ;COMPRADIRECTA;;;;;;;;;;;;;;;20-08-2025;21-08-2025;;;;01-10-2025
;1390;03-07-2025;9;SPHZ69;;ADJUDICADO;DERIVACION;SI;TRANSFERIDO;CRISTOFHER DANIEL ALEXIS CUEVAS SOLAR  ;SANTA INES II SPA OLX;COMPRADIRECTA;;;;;;;;;;;;;;;05-08-2025;07-08-2025;;;;28-08-2025
;1390;03-07-2025;10;RSGR80;;ADJUDICADO;DERIVACION;SI;TRANSFERIDO;OLX LATAM CAR GROUP SPA  ;SANTA INES II SPA OLX;COMPRADIRECTA;;;;;;;;;;;;;;;05-08-2025;18-08-2025;;;;04-09-2025
;1390;03-07-2025;11;TFCK28;;ADJUDICADO;GENERICO;NO;TRANSFERIDO;ACTIVA MOVILIDAD II SPA  ;ACTIVA MOVILIDAD II SPA  ;LEASING;;;;;;;;;;;;;;;17-07-2025;21-07-2025;;;;08-08-2025
;1390;03-07-2025;12;TDRJ52;;ADJUDICADO;GENERICO;NO;TRANSFERIDO;ACTIVA MOVILIDAD II SPA  ;ACTIVA MOVILIDAD II SPA  ;LEASING;;;;;;;;;;;;;;;17-07-2025;21-07-2025;;;;08-08-2025
;1390;03-07-2025;13;TFCK98;;ADJUDICADO;GENERICO;NO;TRANSFERIDO;ACTIVA MOVILIDAD II SPA  ;ACTIVA MOVILIDAD II SPA  ;LEASING;;;;;;;;;;;;;;;17-07-2025;21-07-2025;;;;08-08-2025
;1390;03-07-2025;14;SWWD17;;ADJUDICADO;GENERICO;NO;TRANSFERIDO;ACTIVA MOVILIDAD II SPA  ;ACTIVA MOVILIDAD II SPA  ;LEASING;;;;;;;;;;;;;;;17-07-2025;21-07-2025;;;;08-08-2025
;1390;03-07-2025;15;SYGP17;;ADJUDICADO;GENERICO;NO;TRANSFERIDO;ACTIVA MOVILIDAD II SPA  ;ACTIVA MOVILIDAD II SPA  ;LEASING;;;;;;;;;;;;;;;17-07-2025;21-07-2025;;;;08-08-2025
;1390;03-07-2025;16;SWDS33;;ADJUDICADO;GENERICO;NO;TRANSFERIDO;ACTIVA MOVILIDAD II SPA  ;ACTIVA MOVILIDAD II SPA  ;LEASING;;;;;;;;;;;;;;;17-07-2025;21-07-2025;;;;08-08-2025
;1390;03-07-2025;17;SFZY66;;ADJUDICADO;GENERICO;NO;TRANSFERIDO;ACTIVA MOVILIDAD II SPA  ;ACTIVA MOVILIDAD II SPA  ;LEASING;;;;;;;;;;;;;;;17-07-2025;21-07-2025;;;;08-08-2025
;1390;03-07-2025;18;SGBC88;;ADJUDICADO;GENERICO;NO;TRANSFERIDO;ACTIVA MOVILIDAD II SPA  ;ACTIVA MOVILIDAD II SPA  ;LEASING;;;;;;;;;;;;;;;17-07-2025;21-07-2025;;;;08-08-2025
;1390;03-07-2025;19;SCYJ36;;ADJUDICADO;GENERICO;NO;TRANSFERIDO;ACTIVA MOVILIDAD II SPA  ;ACTIVA MOVILIDAD II SPA  ;LEASING;;;;;;;;;;;;;;;17-07-2025;21-07-2025;;;;08-08-2025
;1390;03-07-2025;20;RVWB30;;ADJUDICADO;GENERICO;NO;TRANSFERIDO;ACTIVA MOVILIDAD II SPA  ;ACTIVA MOVILIDAD II SPA  ;LEASING;;;;;;;;;;;;;;;17-07-2025;21-07-2025;;;;08-08-2025
;1390;03-07-2025;21;RVWB41;;ADJUDICADO;GENERICO;NO;TRANSFERIDO;ACTIVA MOVILIDAD II SPA  ;ACTIVA MOVILIDAD II SPA  ;LEASING;;;;;;;;;;;;;;;17-07-2025;21-07-2025;;;;08-08-2025
;1390;03-07-2025;22;RVVZ37;;ADJUDICADO;GENERICO;NO;TRANSFERIDO;ACTIVA MOVILIDAD II SPA  ;ACTIVA MOVILIDAD II SPA  ;LEASING;;;;;;;;;;;;;;;17-07-2025;21-07-2025;;;;07-08-2025
;1390;03-07-2025;23;SJYY93;;ADJUDICADO;GENERICO;NO;TRANSFERIDO;ACTIVA MOVILIDAD II SPA  ;ACTIVA MOVILIDAD II SPA  ;LEASING;;;;;;;;;;;;;;;17-07-2025;21-07-2025;;;;08-08-2025
;1390;03-07-2025;24;SJTG94;;ADJUDICADO;GENERICO;NO;TRANSFERIDO;ACTIVA MOVILIDAD II SPA  ;ACTIVA MOVILIDAD II SPA  ;LEASING;;;;;;;;;;;;;;;17-07-2025;21-07-2025;;;;08-08-2025
;1391;10-07-2025;1;THRC27;;ADJUDICADO;GENERICO;NO;TRANSFERIDO;ACTIVA MOVILIDAD II SPA  ;ACTIVA MOVILIDAD II SPA  ;LEASING;;;;;;;;;;;;;;;24-07-2025;25-07-2025;;;;14-08-2025
;1391;10-07-2025;2;RXXC13;24411851868;ADJUDICADO;GENERICO;NO;TRANSFERIDO;ACTIVA MOVILIDAD II SPA  ;ACTIVA MOVILIDAD II SPA  ;LEASING;;;;;;;;;;;;;;;24-07-2025;25-07-2025;;;;14-08-2025
;1391;10-07-2025;3;SHBL46;;ADJUDICADO;MERA;SI;TRANSFERIDO;BANCO SECURITY  ;SANTA INES II SPA MITTA;COMPRADIRECTA;;;;;;;13-08-2025;30-09-2025;01-10-2025;07-10-2025;08-10-2025;10-10-2025;;;28-10-2025;29-10-2025;10-11-2025;;;01-12-2025
;1391;10-07-2025;4;HSXY49;;ADJUDICADO;DERIVACION;SI;TRANSFERIDO;JORGE ANTONIO  ROJAS  ZORDAN ;SANTA INES II SPA KAVAK  ;COMPRADIRECTA;;;;;;;;;;;;;;;01-09-2025;02-09-2025;;;;02-10-2025
;1391;10-07-2025;5;RGZX57;;ADJUDICADO;MERA;SI;TRANSFERIDO;BANCO DE CRÉDITO E INVERSIONES  ;SANTA INES II SPA MITTA;COMPRADIRECTA;;;;;;;14-10-2025;11-11-2025;20-11-2025;25-11-2025;25-11-2025;26-11-2025;;;12-12-2025;15-12-2025;;;;16-01-2026
;1391;10-07-2025;6;FVSG16;;ADJUDICADO;DERIVACION;SI;TRANSFERIDO;CLAUDIO ANDRÉS BUSTAMANTE DONOSO  ;SANTA INES II SPA KAVAK  ;COMPRADIRECTA;;;;;;;;;;;;;;;01-09-2025;02-09-2025;;;;02-10-2025
;1391;10-07-2025;7;TJJT27;;ADJUDICADO;GENERICO;NO;TRANSFERIDO;GAMA SERVICIOS FINANCIEROS S.A. ;GAMA SERVICIOS FINANCIEROS S.A. ;LEASING;;;;;;;;;;;;;;;28-07-2025;29-07-2025;;;;18-08-2025
;1391;10-07-2025;10;JCCT39;;ADJUDICADO;DERIVACION;SI;TRANSFERIDO;RAQUEL IRENE SEPÚLVEDA ABURTO  ;SANTA INES II SPA OLX;COMPRADIRECTA;;;;;;;;;;;;;;;05-08-2025;19-08-2025;;;;05-09-2025
;1391;10-07-2025;11;JDJC35;;ADJUDICADO;DERIVACION;SI;TRANSFERIDO;RICARDO GABRIEL PINOCHET FERNÁNDEZ  ;SANTA INES II SPA KAVAK  ;COMPRADIRECTA;;;;;;;;;;;;;;;01-09-2025;02-09-2025;;;;02-10-2025
;1391;10-07-2025;12;KGSX78;;ADJUDICADO;DERIVACION;SI;TRANSFERIDO;GERMAN VILLANUEVA MADALENGOITIA  ;SANTA INES II SPA KAVAK  ;COMPRADIRECTA;;;;;;;;;;;;;;;11-08-2025;11-08-2025;;;;01-10-2025
;1391;10-07-2025;14;LKBK73;;ADJUDICADO;GENERICO;NO;TRANSFERIDO;TANNER SERVICIOS FINANCIEROS S.A  ;Tanner Servicios Financieros S.A  ;BFE;;;;;;;;;;;;;;;24-07-2025;25-07-2025;;;;14-08-2025
;1391;10-07-2025;15;TTRP35;;ADJUDICADO;DERIVACION;SI;TRANSFERIDO;DOMINIC PALOMA RIVAS ZAPATA  ;SANTA INES II SPA KAVAK  ;COMPRADIRECTA;;;;;;;;;;;;;;;01-09-2025;02-09-2025;;;;02-10-2025
;1391;10-07-2025;17;THVY86;;ADJUDICADO;MERA;NO;TRANSFERIDO;ACTIVA MOVILIDAD II SPA  ;ACTIVA MOVILIDAD II SPA  ;LEASING;;;;;;;;;;;;;;;30-09-2025;01-10-2025;;;;21-10-2025
;1391;10-07-2025;19;TBKD87;;ADJUDICADO;GENERICO;NO;TRANSFERIDO;ACTIVA MOVILIDAD II SPA  ;ACTIVA MOVILIDAD II SPA  ;LEASING;;;;;;;;;;;;;;;24-07-2025;25-07-2025;;;;14-08-2025
;1391;10-07-2025;20;SSBK35;;ADJUDICADO;GENERICO;NO;TRANSFERIDO;GAMA SERVICIOS FINANCIEROS S.A. ;GAMA SERVICIOS FINANCIEROS S.A. ;LEASING;;;;;;;;;;;;;;;28-07-2025;29-07-2025;;;;18-08-2025
;1391;10-07-2025;21;PRSD77;;ADJUDICADO;DERIVACION;SI;TRANSFERIDO;LATAM CAR GROUP SPA ;SANTA INES II SPA OLX;COMPRADIRECTA;;;;;;;;;;;;;;;12-08-2025;22-08-2025;;;;23-09-2025
;1391;10-07-2025;22;TBRT60;;ADJUDICADO;GENERICO;NO;TRANSFERIDO;ACTIVA MOVILIDAD II SPA  ;ACTIVA MOVILIDAD II SPA  ;LEASING;;;;;;;;;;;;;;;24-07-2025;22-08-2025;;;;11-09-2025
;1391;10-07-2025;23;TBRS44;;ADJUDICADO;GENERICO;NO;TRANSFERIDO;ACTIVA MOVILIDAD II SPA  ;ACTIVA MOVILIDAD II SPA  ;LEASING;;;;;;;;;;;;;;;24-07-2025;25-07-2025;;;;14-08-2025
;1391;10-07-2025;24;SXTY98;;ADJUDICADO;DERIVACION;SI;TRANSFERIDO;ROCÍO IGNACIA RIVILLO RIVILLO  ;SANTA INES II SPA KAVAK  ;COMPRADIRECTA;;;;;;;;;;;;;;;11-08-2025;12-08-2025;;;;01-10-2025
;1391;10-07-2025;25;SVLJ53;;ADJUDICADO;DERIVACION;SI;TRANSFERIDO;OLX LATAM CAR GROUP SPA  ;SANTA INES II SPA OLX;COMPRADIRECTA;;;;;;;;;;;;;;;21-08-2025;18-08-2025;;;;23-09-2025
;1391;10-07-2025;26;SGBC72;;ADJUDICADO;GENERICO;NO;TRANSFERIDO;ACTIVA MOVILIDAD II SPA  ;ACTIVA MOVILIDAD II SPA  ;LEASING;;;;;;;;;;;;;;;24-07-2025;25-07-2025;;;;14-08-2025
;1391;10-07-2025;27;SZRG13;24411851751;ADJUDICADO;GENERICO;NO;TRANSFERIDO;ACTIVA MOVILIDAD II SPA  ;ACTIVA MOVILIDAD II SPA  ;LEASING;;;;;;;;;;;;;;;24-07-2025;25-07-2025;;;;14-08-2025
;1391;10-07-2025;28;SWWD43;;ADJUDICADO;GENERICO;NO;TRANSFERIDO;ACTIVA MOVILIDAD II SPA  ;ACTIVA MOVILIDAD II SPA  ;LEASING;;;;;;;;;;;;;;;24-07-2025;25-07-2025;;;;14-08-2025
;1391;10-07-2025;29;SVCT74;;ADJUDICADO;GENERICO;NO;TRANSFERIDO;ACTIVA MOVILIDAD II SPA  ;ACTIVA MOVILIDAD II SPA  ;LEASING;;;;;;;;;;;;;;;24-07-2025;25-07-2025;;;;14-08-2025
;1391;10-07-2025;31;SBPJ98;;ADJUDICADO;GENERICO;NO;TRANSFERIDO;ACTIVA MOVILIDAD II SPA  ;ACTIVA MOVILIDAD II SPA  ;LEASING;;;;;;;;;;;;;;;24-07-2025;25-07-2025;;;;14-08-2025
;1391;10-07-2025;32;RVWB20;;ADJUDICADO;GENERICO;NO;TRANSFERIDO;ACTIVA MOVILIDAD II SPA  ;ACTIVA MOVILIDAD II SPA  ;LEASING;;;;;;;;;;;;;;;24-07-2025;25-07-2025;;;;14-08-2025
;1391;10-07-2025;33;RVWB27;;ADJUDICADO;GENERICO;NO;TRANSFERIDO;ACTIVA MOVILIDAD II SPA  ;ACTIVA MOVILIDAD II SPA  ;LEASING;;;;;;;;;;;;;;;24-07-2025;25-07-2025;;;;14-08-2025
;1391;10-07-2025;34;RJBC19;;ADJUDICADO;DERIVACION;SI;TRANSFERIDO;LATAM CAR GROUP SPA ;SANTA INES II SPA OLX;COMPRADIRECTA;;;;;;;;;;;;;;;05-08-2025;18-08-2025;;;;05-09-2025
;1391;10-07-2025;35;LGBS97;;ADJUDICADO;DERIVACION;SI;TRANSFERIDO;GERALDINE NICOLE RAMÍREZ ALIANTE  ;SANTA INES II SPA OLX;COMPRADIRECTA;;;;;;;;;;;;;;;05-08-2025;07-08-2025;;;;28-08-2025
;1391;10-07-2025;36;GHXY11;;ADJUDICADO;DERIVACION;SI;TRANSFERIDO;GLORIA ELIZABETH LANDABUR CONTRERAS  ;SANTA INES II SPA KAVAK  ;COMPRADIRECTA;;;;;;;;;;;;;;;01-09-2025;02-09-2025;;;;02-10-2025
;1391;10-07-2025;37;FWTS40;;ADJUDICADO;DERIVACION;SI;TRANSFERIDO;RICARDO EVELIO PEREIRA HECHAVARRIA  ;SANTA INES II SPA KAVAK  ;COMPRADIRECTA;;;;;;;;;;;;;;;20-08-2025;22-08-2025;;;;01-10-2025
;1391;10-07-2025;38;FGCC65;;ADJUDICADO;GENERICO;NO;TRANSFERIDO;INOS WOODWORK SPA  ;INOS WOODWORK SPA  ;BFE;;;;;;;;;;;;;;;24-07-2025;25-07-2025;;;;14-08-2025
;1391;10-07-2025;39;PJHY64;;ADJUDICADO;DERIVACION;SI;TRANSFERIDO;MARIA TERESA GALVIS SIERRA  ;SANTA INES II SPA OLX;COMPRADIRECTA;;;;;;;;;;;;;;;05-08-2025;18-08-2025;;;;06-09-2025
;1391;10-07-2025;40;SLHF49;;ADJUDICADO;GENERICO;NO;TRANSFERIDO;ACTIVA MOVILIDAD II SPA  ;ACTIVA MOVILIDAD II SPA  ;LEASING;;;;;;;;;;;;;;;24-07-2025;25-07-2025;;;;19-08-2025
;1391;10-07-2025;41;SLKD70;;ADJUDICADO;GENERICO;NO;TRANSFERIDO;ACTIVA MOVILIDAD II SPA  ;ACTIVA MOVILIDAD II SPA  ;LEASING;;;;;;;;;;;;;;;24-07-2025;25-07-2025;;;;14-08-2025
;1391;10-07-2025;42;SJYY77;;ADJUDICADO;GENERICO;NO;TRANSFERIDO;ACTIVA MOVILIDAD II SPA  ;ACTIVA MOVILIDAD II SPA  ;LEASING;;;;;;;;;;;;;;;24-07-2025;25-07-2025;;;;14-08-2025
;1392;17-07-2025;3;KWSS15;;ADJUDICADO;DERIVACION;SI;TRANSFERIDO;JAVIERA DE LOS ANGELES AWAD RUIZ-TAGLE  ;SANTA INES II SPA KAVAK  ;COMPRADIRECTA;;;;;;;;;;;;;;;11-08-2025;11-08-2025;;;;01-10-2025
;1392;17-07-2025;4;JKKT75;;ADJUDICADO;DERIVACION;SI;TRANSFERIDO;CRISTINA ISABEL GÁLVEZ MORAGA  ;SANTA INES II SPA OLX;COMPRADIRECTA;;;;;;;;;;;;;;;11-08-2025;22-08-2025;;;;23-09-2025
;1392;17-07-2025;5;TFLK33;;ADJUDICADO;GENERICO;NO;TRANSFERIDO;ACTIVA MOVILIDAD II SPA  ;ACTIVA MOVILIDAD II SPA  ;LEASING;;;;;;;;;;;;;;;31-07-2025;04-08-2025;;;;22-08-2025
;1392;17-07-2025;6;TFHK62;;ADJUDICADO;GENERICO;NO;TRANSFERIDO;ACTIVA MOVILIDAD II SPA  ;ACTIVA MOVILIDAD II SPA  ;LEASING;;;;;;;;;;;;;;;31-07-2025;04-08-2025;;;;22-08-2025
;1392;17-07-2025;7;TFHK22;;ADJUDICADO;GENERICO;NO;TRANSFERIDO;ACTIVA MOVILIDAD II SPA  ;ACTIVA MOVILIDAD II SPA  ;LEASING;;;;;;;;;;;;;;;31-07-2025;04-08-2025;;;;25-08-2025
;1392;17-07-2025;8;TFHW90;;ADJUDICADO;GENERICO;NO;TRANSFERIDO;ACTIVA MOVILIDAD II SPA  ;ACTIVA MOVILIDAD II SPA  ;LEASING;;;;;;;;;;;;;;;31-07-2025;04-08-2025;;;;22-08-2025
;1392;17-07-2025;9;TFHK52;;ADJUDICADO;GENERICO;NO;TRANSFERIDO;ACTIVA MOVILIDAD II SPA  ;ACTIVA MOVILIDAD II SPA  ;LEASING;;;;;;;;;;;;;;;31-07-2025;06-08-2025;;;;25-07-2025
;1392;17-07-2025;10;TFHK43;;ADJUDICADO;GENERICO;NO;TRANSFERIDO;ACTIVA MOVILIDAD II SPA  ;ACTIVA MOVILIDAD II SPA  ;LEASING;;;;;;;;;;;;;;;31-07-2025;04-08-2025;;;;22-08-2025
;1392;17-07-2025;11;SZYT17;;ADJUDICADO;GENERICO;NO;TRANSFERIDO;ACTIVA MOVILIDAD II SPA  ;ACTIVA MOVILIDAD II SPA  ;LEASING;;;;;;;;;;;;;;;31-07-2025;04-08-2025;;;;22-08-2025
;1392;17-07-2025;12;SVCC41;;ADJUDICADO;GENERICO;NO;TRANSFERIDO;ACTIVA MOVILIDAD II SPA  ;ACTIVA MOVILIDAD II SPA  ;LEASING;;;;;;;;;;;;;;;31-07-2025;04-08-2025;;;;22-08-2025
;1392;17-07-2025;13;SKBK98;;ADJUDICADO;DERIVACION;SI;TRANSFERIDO;OLX LATAM CAR GROUP SPA  ;SANTA INES II SPA OLX;COMPRADIRECTA;;;;;;;;;;;;;;;11-08-2025;22-08-2025;;;;23-09-2025
;1392;17-07-2025;14;LFWK18;;ADJUDICADO;DERIVACION;SI;TRANSFERIDO;MARÍA ISABEL HASBÚN MUSALEM  ;SANTA INES II SPA OLX;COMPRADIRECTA;;;;;;;;;;;;;;;05-08-2025;22-08-2025;;;;23-09-2025
;1392;17-07-2025;15;DSCS74;;ADJUDICADO;DERIVACION;SI;TRANSFERIDO;JORDÁN RAIMUNDO BRAVO SEPÚLVEDA  ;SANTA INES II SPA OLX;COMPRADIRECTA;;;;;;;;;;;;;;;21-08-2025;22-08-2025;;;;23-09-2025
;1392;17-07-2025;16;SWBJ48;;ADJUDICADO;GENERICO;NO;TRANSFERIDO;EUROPARTS SPA . .;COMERCIAL SAINT GERMAIN SA  ;AUTOMOTORAS;;;;;;;;;;;;;;;31-07-2025;04-08-2025;;;;22-08-2025
;1392;17-07-2025;17;SWBP94;;ADJUDICADO;GENERICO;NO;TRANSFERIDO;EUROPARTS SPA . .;COMERCIAL SAINT GERMAIN SA  ;AUTOMOTORAS;;;;;;;;;;;;;;;31-07-2025;04-08-2025;;;;22-08-2025
;1392;17-07-2025;19;LXFF75;;ADJUDICADO;DERIVACION;SI;TRANSFERIDO;MARÍA JESÚS AGUILERA PIÑONES  ;SANTA INES II SPA KAVAK  ;COMPRADIRECTA;;;;;;;;;;;;;;;11-08-2025;11-08-2025;;;;01-10-2025
;1392;17-07-2025;20;TLZC41;;ADJUDICADO;DERIVACION;SI;TRANSFERIDO;CLAUDIO ANDRÉS NÚÑEZ TORRES  ;SANTA INES II SPA OLX;COMPRADIRECTA;;;;;;;;;;;;;;;05-08-2025;19-08-2025;;;;06-09-2025
;1392;17-07-2025;21;TFHV34;;ADJUDICADO;GENERICO;NO;TRANSFERIDO;ACTIVA MOVILIDAD II SPA  ;ACTIVA MOVILIDAD II SPA  ;LEASING;;;;;;;;;;;;;;;31-07-2025;04-08-2025;;;;22-08-2025
;1392;17-07-2025;22;TJPC11;;ADJUDICADO;MERA;NO;TRANSFERIDO;ACTIVA MOVILIDAD II SPA  ;ACTIVA MOVILIDAD II SPA  ;LEASING;;;;;;;;;;;;;;;30-09-2025;01-10-2025;;;;21-10-2025
;1392;17-07-2025;23;SKSC84;;ADJUDICADO;COMPRA PARA;SI;TRANSFERIDO;ALD AUTOMOTIVE LIMITADA .;SANTA INES II SPA ALD;COMPRADIRECTA;;;;;;;;;31-07-2025;;;;;;14-08-2025;25-08-2025;;;;16-09-2025
;1392;17-07-2025;24;TFCL12;;ADJUDICADO;GENERICO;NO;TRANSFERIDO;ACTIVA MOVILIDAD II SPA  ;ACTIVA MOVILIDAD II SPA  ;LEASING;;;;;;;;;;;;;;;31-07-2025;04-08-2025;;;;22-08-2025
;1392;17-07-2025;25;TCFV64;;ADJUDICADO;GENERICO;NO;TRANSFERIDO;ACTIVA MOVILIDAD II SPA  ;ACTIVA MOVILIDAD II SPA  ;LEASING;;;;;;;;;;;;;;;31-07-2025;04-08-2025;;;;22-08-2025
;1392;17-07-2025;26;TBRS13;24501699672;ADJUDICADO;GENERICO;NO;TRANSFERIDO;ACTIVA MOVILIDAD II SPA  ;ACTIVA MOVILIDAD II SPA  ;LEASING;;;;;;;;;;;;;;;31-07-2025;04-08-2025;;;;22-08-2025
;1392;17-07-2025;27;SZRG39;;ADJUDICADO;GENERICO;NO;TRANSFERIDO;ACTIVA MOVILIDAD II SPA  ;ACTIVA MOVILIDAD II SPA  ;LEASING;;;;;;;;;;;;;;;31-07-2025;04-08-2025;;;;22-08-2025
;1392;17-07-2025;28;SZRG58;;ADJUDICADO;GENERICO;NO;TRANSFERIDO;ACTIVA MOVILIDAD II SPA  ;ACTIVA MOVILIDAD II SPA  ;LEASING;;;;;;;;;;;;;;;31-07-2025;04-08-2025;;;;25-08-2025
;1392;17-07-2025;29;SZRF61;;ADJUDICADO;GENERICO;NO;TRANSFERIDO;ACTIVA MOVILIDAD II SPA  ;ACTIVA MOVILIDAD II SPA  ;LEASING;;;;;;;;;;;;;;;31-07-2025;06-08-2025;;;;25-08-2025
;1392;17-07-2025;30;SWJP20;;ADJUDICADO;GENERICO;NO;TRANSFERIDO;ACTIVA MOVILIDAD II SPA  ;ACTIVA MOVILIDAD II SPA  ;LEASING;;;;;;;;;;;;;;;31-07-2025;04-08-2025;;;;22-08-2025
;1392;17-07-2025;31;SWJR72;;ADJUDICADO;GENERICO;NO;TRANSFERIDO;ACTIVA MOVILIDAD II SPA  ;ACTIVA MOVILIDAD II SPA  ;LEASING;;;;;;;;;;;;;;;31-07-2025;04-08-2025;;;;22-08-2025
;1392;17-07-2025;32;SYGR52;;ADJUDICADO;GENERICO;NO;TRANSFERIDO;ACTIVA MOVILIDAD II SPA  ;ACTIVA MOVILIDAD II SPA  ;LEASING;;;;;;;;;;;;;;;31-07-2025;04-08-2025;;;;22-08-2025
;1392;17-07-2025;33;SZRF72;24501699359;ADJUDICADO;GENERICO;NO;TRANSFERIDO;ACTIVA MOVILIDAD II SPA  ;ACTIVA MOVILIDAD II SPA  ;LEASING;;;;;;;;;;;;;;;31-07-2025;04-08-2025;;;;22-08-2025
;1392;17-07-2025;34;SXGR55;;ADJUDICADO;GENERICO;NO;TRANSFERIDO;ACTIVA MOVILIDAD II SPA  ;ACTIVA MOVILIDAD II SPA  ;LEASING;;;;;;;;;;;;;;;31-07-2025;04-08-2025;;;;22-08-2025
;1392;17-07-2025;35;SWDS17;;ADJUDICADO;GENERICO;NO;TRANSFERIDO;ACTIVA MOVILIDAD II SPA  ;ACTIVA MOVILIDAD II SPA  ;LEASING;;;;;;;;;;;;;;;31-07-2025;06-08-2025;;;;25-08-2025
;1392;17-07-2025;36;SWDS45;;ADJUDICADO;GENERICO;NO;TRANSFERIDO;ACTIVA MOVILIDAD II SPA  ;ACTIVA MOVILIDAD II SPA  ;LEASING;;;;;;;;;;;;;;;31-07-2025;04-08-2025;;;;22-08-2025
;1392;17-07-2025;37;SWJR74;;ADJUDICADO;GENERICO;NO;TRANSFERIDO;ACTIVA MOVILIDAD II SPA  ;ACTIVA MOVILIDAD II SPA  ;LEASING;;;;;;;;;;;;;;;31-07-2025;04-08-2025;;;;22-08-2025
;1392;17-07-2025;38;SWZP21;;ADJUDICADO;GENERICO;NO;TRANSFERIDO;ACTIVA MOVILIDAD II SPA  ;ACTIVA MOVILIDAD II SPA  ;LEASING;;;;;;;;;;;;;;;31-07-2025;04-08-2025;;;;22-08-2025
;1392;17-07-2025;39;SBPF40;24501699789;ADJUDICADO;GENERICO;NO;TRANSFERIDO;ACTIVA MOVILIDAD II SPA  ;ACTIVA MOVILIDAD II SPA  ;LEASING;;;;;;;;;;;;;;;31-07-2025;04-08-2025;;;;22-08-2025
;1392;17-07-2025;40;SVWL44;;ADJUDICADO;GENERICO;NO;TRANSFERIDO;SANTANDER CONSUMER FINANCE LIMITADA  ;SANTANDER CONSUMER;BFE;;;;;;;;;;;;;;;31-07-2025;04-08-2025;;;;22-08-2025
;1392;17-07-2025;41;RWXS99;;ADJUDICADO;GENERICO;NO;TRANSFERIDO;SANTANDER CONSUMER FINANCE LIMITADA  ;SANTANDER CONSUMER;BFE;;;;;;;;;;;;;;;31-07-2025;04-08-2025;;;;22-08-2025
;1392;17-07-2025;42;FWJB17;;ADJUDICADO;DERIVACION;SI;TRANSFERIDO;DANISE MARLENE HERMOSILLA LÓPEZ  ;SANTA INES II SPA OLX;COMPRADIRECTA;;;;;;;;;;;;;;;18-08-2025;22-08-2025;;;;23-09-2025
;1392;17-07-2025;43;FZHZ34;;ADJUDICADO;DERIVACION;SI;TRANSFERIDO;TRINIDAD JESÚS SOLE MARÍN  ;SANTA INES II SPA OLX;COMPRADIRECTA;;;;;;;;;;;;;;;02-09-2025;03-09-2025;;;;02-10-2025
;1392;17-07-2025;46;PPLR81;24501671440;ADJUDICADO;GENERICO;NO;TRANSFERIDO;SANTANDER CONSUMER FINANCE LIMITADA  ;SANTANDER CONSUMER;BFE;;;;;;;;;;;;;;;31-07-2025;04-08-2025;;;;22-08-2025
;1392;17-07-2025;47;SJYY86;;ADJUDICADO;GENERICO;NO;TRANSFERIDO;ACTIVA MOVILIDAD II SPA  ;ACTIVA MOVILIDAD II SPA  ;LEASING;;;;;;;;;;;;;;;31-07-2025;20-08-2025;;;;09-09-2025
;1392;17-07-2025;48;SLHD94;;ADJUDICADO;GENERICO;NO;TRANSFERIDO;ACTIVA MOVILIDAD II SPA  ;ACTIVA MOVILIDAD II SPA  ;LEASING;;;;;;;;;;;;;;;31-07-2025;04-08-2025;;;;22-08-2025
;1392;17-07-2025;49;RXFG79;;ADJUDICADO;GENERICO;NO;TRANSFERIDO;SANTANDER CONSUMER FINANCE LIMITADA  ;SANTANDER CONSUMER;BFE;;;;;;;;;;;;;;;31-07-2025;04-08-2025;;;;22-08-2025
;1392;17-07-2025;50;FBHC94;;ADJUDICADO;DERIVACION;SI;TRANSFERIDO;JAVIER ALONSO VILLOUTA BURGOS  ;SANTA INES II SPA OLX;COMPRADIRECTA;;;;;;;;;;;;;;;12-08-2025;13-08-2025;;;;13-08-2025
;1393;24-07-2025;1;PRXR63;;ADJUDICADO;DERIVACION;SI;TRANSFERIDO;SISTAM CONSULTORES SPA  ;SANTA INES II SPA OLX;COMPRADIRECTA;;;;;;;;;;;;;;;05-08-2025;18-08-2025;;;;05-09-2025
;1393;24-07-2025;2;SGPT45;;ADJUDICADO;GENERICO;NO;TRANSFERIDO;SANTANDER CONSUMER FINANCE LIMITADA  ;SANTANDER CONSUMER;BFE;;;;;;;;;;;;;;;05-08-2025;07-08-2025;;;;28-08-2025
;1393;24-07-2025;3;THRC31;;ADJUDICADO;GENERICO;NO;TRANSFERIDO;ACTIVA MOVILIDAD II SPA  ;ACTIVA MOVILIDAD II SPA  ;LEASING;;;;;;;;;;;;;;;05-08-2025;07-08-2025;;;;28-08-2025
;1393;24-07-2025;4;RWXH41;;ADJUDICADO;DERIVACION;SI;TRANSFERIDO;JONATHAN EDGARDO SARAVIA ASTETE  ;SANTA INES II SPA OLX;COMPRADIRECTA;;;;;;;;;;;;;;;05-08-2025;18-08-2025;;;;04-09-2025
;1393;24-07-2025;6;SHBL14;;ADJUDICADO;MERA;SI;TRANSFERIDO;BANCO SECURITY  ;SANTA INES II SPA MITTA;COMPRADIRECTA;;;;;;;05-08-2025;06-08-2025;07-08-2025;19-08-2025;21-08-2025;;;;03-09-2025;05-09-2025;09-09-2025;;;29-09-2025
;1393;24-07-2025;7;RYZR19;;ADJUDICADO;GENERICO;NO;TRANSFERIDO;ACTIVA MOVILIDAD II SPA  ;ACTIVA MOVILIDAD II SPA  ;LEASING;;;;;;;;;;;;;;;05-08-2025;07-08-2025;;;;28-08-2025
;1393;24-07-2025;8;SVBP11;;ADJUDICADO;GENERICO;NO;TRANSFERIDO;EUROPARTS SPA . .;COMERCIAL SAINT GERMAIN SA ;BFE;;;;;;;;;;;;;;;05-08-2025;08-08-2025;;;;28-08-2025
;1393;24-07-2025;9;SVBP21;;ADJUDICADO;GENERICO;NO;TRANSFERIDO;EUROPARTS SPA . .;COMERCIAL SAINT GERMAIN SA ;BFE;;;;;;;;;;;;;;;05-08-2025;07-08-2025;;;;28-08-2025
;1393;24-07-2025;10;RPVR41;;ADJUDICADO;COMPRA PARA;SI;TRANSFERIDO;ALD AUTOMOTIVE LIMITADA .;SANTA INES II SPA ALD;COMPRADIRECTA;;;;;;;;;;08-09-2025;;;;;14-08-2025;02-09-2025;;;;14-10-2025
;1393;24-07-2025;11;THVY62;;ADJUDICADO;MERA;NO;TRANSFERIDO;ACTIVA MOVILIDAD II SPA  ;ACTIVA MOVILIDAD II SPA  ;LEASING;;;;;;;;;;;;;;;30-09-2025;01-10-2025;;;;21-10-2025
;1393;24-07-2025;13;THVY81;;ADJUDICADO;MERA;NO;TRANSFERIDO;ACTIVA MOVILIDAD II SPA  ;ACTIVA MOVILIDAD II SPA  ;LEASING;;;;;;;;;;;;;;;30-09-2025;01-10-2025;;;;21-10-2025
;1393;24-07-2025;14;TFHJ68;;ADJUDICADO;GENERICO;NO;TRANSFERIDO;ACTIVA MOVILIDAD II SPA  ;ACTIVA MOVILIDAD II SPA  ;LEASING;;;;;;;;;;;;;;;05-08-2025;07-08-2025;;;;28-08-2025
;1393;24-07-2025;15;TBKD53;;ADJUDICADO;GENERICO;NO;TRANSFERIDO;ACTIVA MOVILIDAD II SPA  ;ACTIVA MOVILIDAD II SPA  ;LEASING;;;;;;;;;;;;;;;05-08-2025;07-08-2025;;;;28-08-2025
;1393;24-07-2025;16;SWJR79;;ADJUDICADO;DERIVACION;SI;TRANSFERIDO;OLX LATAM CAR GROUP SPA  ;SANTA INES II SPA OLX;COMPRADIRECTA;;;;;;;;;;;;;;;05-08-2025;18-08-2025;;;;05-09-2025
;1393;24-07-2025;19;RDGK20;;ADJUDICADO;DERIVACION;SI;TRANSFERIDO;MARCELA ALEJANDRA BARRIOS ROJAS  ;SANTA INES II SPA OLX;COMPRADIRECTA;;;;;;;;;;;;;;;05-08-2025;18-08-2025;;;;05-09-2025
;1393;24-07-2025;20;RZZG40;24501681241;ADJUDICADO;GENERICO;NO;TRANSFERIDO;ACTIVA MOVILIDAD II SPA  ;ACTIVA MOVILIDAD II SPA  ;LEASING;;;;;;;;;;;;;;;05-08-2025;07-08-2025;;;;28-08-2025
;1393;24-07-2025;21;SDWF16;;ADJUDICADO;GENERICO;NO;TRANSFERIDO;ACTIVA MOVILIDAD II SPA  ;ACTIVA MOVILIDAD II SPA  ;LEASING;;;;;;;;;;;;;;;05-08-2025;07-08-2025;;;;28-08-2025
;1393;24-07-2025;23;KXPY11;;ADJUDICADO;DERIVACION;SI;TRANSFERIDO;LATAM CAR GROUP SPA ;SANTA INES II SPA OLX;COMPRADIRECTA;;;;;;;;;;;;;;;05-08-2025;18-08-2025;;;;04-09-2025
;1393;24-07-2025;24;SPPC79;24501686422;ADJUDICADO;DERIVACION;SI;TRANSFERIDO;NELSON TICONA TICONA  ;SANTA INES II SPA KAVAK  ;COMPRADIRECTA;;;;;;;;;;;;;;;14-08-2025;14-08-2025;;;;01-10-2025
;1393;24-07-2025;25;TFSS51;;ADJUDICADO;GENERICO;NO;TRANSFERIDO;ACTIVA MOVILIDAD II SPA  ;ACTIVA MOVILIDAD II SPA  ;LEASING;;;;;;;;;;;;;;;05-08-2025;07-08-2025;;;;28-08-2025
;1393;24-07-2025;26;TCFV48;;ADJUDICADO;GENERICO;NO;TRANSFERIDO;ACTIVA MOVILIDAD II SPA  ;ACTIVA MOVILIDAD II SPA  ;LEASING;;;;;;;;;;;;;;;05-08-2025;07-08-2025;;;;28-08-2025
;1393;24-07-2025;27;TDRJ34;24501686018;ADJUDICADO;GENERICO;NO;TRANSFERIDO;ACTIVA MOVILIDAD II SPA  ;ACTIVA MOVILIDAD II SPA  ;LEASING;;;;;;;;;;;;;;;05-08-2025;07-08-2025;;;;26-08-2025
;1393;24-07-2025;28;TFCP83;;ADJUDICADO;GENERICO;NO;TRANSFERIDO;ACTIVA MOVILIDAD II SPA  ;ACTIVA MOVILIDAD II SPA  ;LEASING;;;;;;;;;;;;;;;05-08-2025;07-08-2025;;;;26-08-2025
;1393;24-07-2025;29;TFCP48;24501686703;ADJUDICADO;GENERICO;NO;TRANSFERIDO;ACTIVA MOVILIDAD II SPA  ;ACTIVA MOVILIDAD II SPA  ;LEASING;;;;;;;;;;;;;;;05-08-2025;08-08-2025;;;;28-08-2025
;1393;24-07-2025;30;SZRF94;;ADJUDICADO;GENERICO;NO;TRANSFERIDO;ACTIVA MOVILIDAD II SPA  ;ACTIVA MOVILIDAD II SPA  ;LEASING;;;;;;;;;;;;;;;05-08-2025;07-08-2025;;;;26-08-2025
;1393;24-07-2025;31;SWJR28;;ADJUDICADO;GENERICO;NO;TRANSFERIDO;ACTIVA MOVILIDAD II SPA  ;ACTIVA MOVILIDAD II SPA  ;LEASING;;;;;;;;;;;;;;;05-08-2025;08-08-2025;;;;28-08-2025
;1393;24-07-2025;32;SWRF35;24501686786;ADJUDICADO;GENERICO;NO;TRANSFERIDO;ACTIVA MOVILIDAD II SPA  ;ACTIVA MOVILIDAD II SPA  ;LEASING;;;;;;;;;;;;;;;05-08-2025;07-08-2025;;;;26-08-2025
;1393;24-07-2025;33;SYGR88;;ADJUDICADO;GENERICO;NO;TRANSFERIDO;ACTIVA MOVILIDAD II SPA  ;ACTIVA MOVILIDAD II SPA  ;LEASING;;;;;;;;;;;;;;;05-08-2025;07-08-2025;;;;26-08-2025
;1393;24-07-2025;34;SWDR33;;ADJUDICADO;GENERICO;NO;TRANSFERIDO;ACTIVA MOVILIDAD II SPA  ;ACTIVA MOVILIDAD II SPA  ;LEASING;;;;;;;;;;;;;;;05-08-2025;07-08-2025;;;;26-08-2025
;1393;24-07-2025;35;SWDR25;;ADJUDICADO;GENERICO;NO;TRANSFERIDO;ACTIVA MOVILIDAD II SPA  ;ACTIVA MOVILIDAD II SPA  ;LEASING;;;;;;;;;;;;;;;05-08-2025;07-08-2025;;;;26-08-2025
;1393;24-07-2025;36;SVCT56;;ADJUDICADO;GENERICO;NO;TRANSFERIDO;ACTIVA MOVILIDAD II SPA  ;ACTIVA MOVILIDAD II SPA  ;LEASING;;;;;;;;;;;;;;;05-08-2025;07-08-2025;;;;14-08-2025
;1393;24-07-2025;38;SCYL35;24501686760;ADJUDICADO;GENERICO;NO;TRANSFERIDO;ACTIVA MOVILIDAD II SPA  ;ACTIVA MOVILIDAD II SPA  ;LEASING;;;;;;;;;;;;;;;05-08-2025;07-08-2025;;;;26-08-2025
;1393;24-07-2025;39;RVWB32;;ADJUDICADO;GENERICO;NO;TRANSFERIDO;ACTIVA MOVILIDAD II SPA  ;ACTIVA MOVILIDAD II SPA  ;LEASING;;;;;;;;;;;;;;;05-08-2025;07-08-2025;;;;26-08-2025
;1393;24-07-2025;40;RPZV81;;ADJUDICADO;GENERICO;NO;TRANSFERIDO;ACTIVA MOVILIDAD II SPA  ;ACTIVA MOVILIDAD II SPA  ;LEASING;;;;;;;;;;;;;;;05-08-2025;07-08-2025;;;;26-08-2025
;1393;24-07-2025;41;SFZZ96;;ADJUDICADO;GENERICO;NO;TRANSFERIDO;ACTIVA MOVILIDAD II SPA  ;ACTIVA MOVILIDAD II SPA  ;LEASING;;;;;;;;;;;;;;;05-08-2025;07-08-2025;;;;26-08-2025
;1393;24-07-2025;42;SJDX60;24501686364;ADJUDICADO;GENERICO;NO;TRANSFERIDO;SANTANDER CONSUMER FINANCE LIMITADA  ;SANTANDER CONSUMER;BFE;;;;;;;;;;;;;;;05-08-2025;07-08-2025;;;;28-08-2025
;1393;24-07-2025;44;SLHF48;;ADJUDICADO;GENERICO;NO;TRANSFERIDO;ACTIVA MOVILIDAD II SPA  ;ACTIVA MOVILIDAD II SPA  ;LEASING;;;;;;;;;;;;;;;05-08-2025;08-08-2025;;;;28-08-2025
;1393;24-07-2025;47;LLDT96;;ADJUDICADO;GENERICO;NO;TRANSFERIDO;SANTANDER CONSUMER FINANCE LIMITADA  ;SANTANDER CONSUMER;BFE;;;;;;;;;;;;;;;05-08-2025;07-08-2025;;;;28-08-2025
;1393;24-07-2025;48;SDDX67;;ADJUDICADO;GENERICO;NO;TRANSFERIDO;SANTANDER CONSUMER FINANCE LIMITADA  ;SANTANDER CONSUMER;BFE;;;;;;;;;;;;;;;05-08-2025;07-08-2025;;;;28-08-2025
;1393;24-07-2025;49;RXHF59;;ADJUDICADO;GENERICO;NO;TRANSFERIDO;TANNER SERVICIOS FINANCIEROS S.A  ;Tanner Servicios Financieros S.A  ;BFE;;;;;;;;;;;;;;;05-08-2025;07-08-2025;;;;28-08-2025
;1393;24-07-2025;51;PPFB13;;ADJUDICADO;COMPRA PARA;SI;TRANSFERIDO;ALD AUTOMOTIVE LIMITADA .;SANTA INES II SPA ALD;COMPRADIRECTA;;;;;;;;;;08-09-2025;;;;;14-08-2025;02-09-2025;;;;14-10-2025
;1393;24-07-2025;52;PPST62;24501686745;ADJUDICADO;COMPRA PARA;SI;TRANSFERIDO;ALD AUTOMOTIVE LIMITADA .;SANTA INES II SPA ALD;COMPRADIRECTA;;;;;;;;;31-07-2025;;;;;;07-08-2025;25-08-2025;16-09-2025;;;19-09-2025
;1393;24-07-2025;53;PLRK14;;ANULACION;COMPRA PARA;SI;NO APLICA;ALD AUTOMOTIVE LIMITADA .;SANTA INES II SPA ALD;COMPRADIRECTA;;;;;;;;;;;;;;;;;;;;
;1393;24-07-2025;54;PKSX11;24501686711;ADJUDICADO;COMPRA PARA;SI;TRANSFERIDO;ALD AUTOMOTIVE LIMITADA .;SANTA INES II SPA ALD;COMPRADIRECTA;;;;;;;;;31-07-2025;;;;;;07-08-2025;25-08-2025;16-09-2025;;;19-09-2025
;1393;24-07-2025;56;SSXB50;;ADJUDICADO;GENERICO;NO;TRANSFERIDO;ACTIVA MOVILIDAD II SPA  ;ACTIVA MOVILIDAD II SPA  ;LEASING;;;;;;;;;;;;;;;05-08-2025;29-08-2025;;;;23-09-2025
;1393;24-07-2025;57;RWLJ14;24450076484;ADJUDICADO;GENERICO;NO;TRANSFERIDO;SANTANDER CONSUMER FINANCE LIMITADA  ;SANTANDER CONSUMER;BFE;;;;;;;;;;;;;;;05-08-2025;07-08-2025;;;;28-08-2025
;1393;24-07-2025;58;SLHF36;;ADJUDICADO;GENERICO;NO;TRANSFERIDO;ACTIVA MOVILIDAD II SPA  ;ACTIVA MOVILIDAD II SPA  ;LEASING;;;;;;;;;;;;;;;05-08-2025;07-08-2025;;;;28-08-2025
;1393;24-07-2025;59;RZYX54;;ADJUDICADO;GENERICO;NO;TRANSFERIDO;SANTANDER CONSUMER FINANCE LIMITADA  ;SANTANDER CONSUMER;BFE;;;;;;;;;;;;;;;05-08-2025;07-08-2025;;;;28-08-2025
;1393;24-07-2025;60;SGHT66;;ADJUDICADO;GENERICO;NO;TRANSFERIDO;TANNER SERVICIOS FINANCIEROS S.A  ;Tanner Servicios Financieros S.A  ;BFE;;;;;;;;;;;;;;;05-08-2025;07-08-2025;;;;28-08-2025
;1393;24-07-2025;61;SJRC97;;ANULACION;GENERICO;NO;NO APLICA;SANTANDER CONSUMER FINANCE LIMITADA  ;SANTANDER CONSUMER;BFE;ENCARGO POR CARABINEROS  API AUTOSEGURO  CONSULTAR  HOY 20-08 SE ENVIA  A BANCO ;20-08-2025;;;;;;;;;;;;;;;;;;
;1396;31-07-2025;3;PGRV56;;ADJUDICADO;MERA;SI;TRANSFERIDO;BANCO SECURITY  ;SANTA INES II SPA MITTA;COMPRADIRECTA;;;;;;;20-08-2025;02-09-2025;03-09-2025;09-09-2025;09-09-2025;12-09-2025;;;15-09-2025;16-09-2025;24-09-2025;;;08-10-2025
;1396;31-07-2025;4;RVBJ31;;ADJUDICADO;MERA;SI;TRANSFERIDO;BANCO DE CHILE  ;SANTA INES II SPA MITTA;COMPRADIRECTA;;;;;;;18-08-2025;29-08-2025;01-09-2025;09-09-2025;09-09-2025;12-09-2025;;;15-09-2025;16-09-2025;24-09-2025;;;08-10-2025
;1396;31-07-2025;5;THRC47;;ADJUDICADO;GENERICO;NO;TRANSFERIDO;ACTIVA MOVILIDAD II SPA  ;ACTIVA MOVILIDAD II SPA  ;LEASING;;;;;;;;;;;;;;;14-08-2025;18-08-2025;;;;05-09-2025
;1396;31-07-2025;6;LHGX33;24450076328;ADJUDICADO;DERIVACION;SI;TRANSFERIDO;UVI TECH CHILE SPA  ;SANTA INES II SPA KAVAK  ;COMPRADIRECTA;;;;;;;;;;;;;;;20-08-2025;03-09-2025;;;;02-10-2025
;1396;31-07-2025;8;SVBP31;24450076864;ADJUDICADO;GENERICO;NO;TRANSFERIDO;EUROPARTS SPA;EUROPARTS SPA;BFE;;;;;;;;;;;;;;;14-08-2025;18-08-2025;;;;05-09-2025
;1396;31-07-2025;9;THVY41;;ADJUDICADO;MERA;NO;TRANSFERIDO;ACTIVA MOVILIDAD II SPA  ;ACTIVA MOVILIDAD II SPA  ;LEASING;;;;;;;;;;;;;;;30-09-2025;01-10-2025;;;;21-10-2025
;1396;31-07-2025;11;SVCC42;24501681274;ADJUDICADO;GENERICO;NO;TRANSFERIDO;ACTIVA MOVILIDAD II SPA  ;ACTIVA MOVILIDAD II SPA  ;LEASING;;;;;;;;;;;;;;;14-08-2025;18-08-2025;;;;05-09-2025
;1396;31-07-2025;12;SVCV92;24450076765;ADJUDICADO;GENERICO;NO;TRANSFERIDO;ACTIVA MOVILIDAD II SPA  ;ACTIVA MOVILIDAD II SPA  ;LEASING;;;;;;;;;;;;;;;14-08-2025;18-08-2025;;;;05-09-2025
;1396;31-07-2025;13;SVCC39;;ADJUDICADO;GENERICO;NO;TRANSFERIDO;ACTIVA MOVILIDAD II SPA  ;ACTIVA MOVILIDAD II SPA  ;LEASING;;;;;;;;;;;;;;;14-08-2025;18-08-2025;;;;05-09-2025
;1396;31-07-2025;14;RHSF72;;ADJUDICADO;MERA;SI;TRANSFERIDO;BANCO DE CRÉDITO E INVERSIONES  ;SANTA INES II SPA MITTA;COMPRADIRECTA;;;;;;;28-10-2025;10-12-2025;10-12-2025;10-12-2025;10-12-2025;10-12-2025;;;12-12-2025;15-12-2025;;;;16-01-2026
;1396;31-07-2025;15;RCXJ15;;ADJUDICADO;DERIVACION;SI;TRANSFERIDO;NICOLÁS ANTONIO PINO ALEGRÍA  ;SANTA INES II SPA OLX;COMPRADIRECTA;;;;;;;;;;;;;;;14-08-2025;22-08-2025;;;;23-09-2025
;1396;31-07-2025;16;SVZJ43;;ADJUDICADO;MERA;SI;TRANSFERIDO;BANCO SANTANDER CHILE  ;SANTA INES II SPA MITTA;COMPRADIRECTA;;;;;;;18-08-2025;26-08-2025;01-09-2025;09-09-2025;09-09-2025;12-09-2025;;;15-09-2025;16-09-2025;24-09-2025;;;08-10-2025
;1396;31-07-2025;17;SFCY40;24501681407;ADJUDICADO;MERA;SI;TRANSFERIDO;ITAU CORPBANCA  ;SANTA INES II SPA MITTA;COMPRADIRECTA;;;;;;;18-08-2025;02-09-2025;03-09-2025;09-09-2025;09-09-2025;12-09-2025;;;15-09-2025;16-09-2025;24-09-2025;;;08-10-2025
;1396;31-07-2025;18;SWJS87;;ADJUDICADO;GENERICO;NO;TRANSFERIDO;ACTIVA MOVILIDAD II SPA  ;ACTIVA MOVILIDAD II SPA  ;LEASING;;;;;;;;;;;;;;;14-08-2025;18-08-2025;;;;05-09-2025
;1396;31-07-2025;19;SVDK16;;ADJUDICADO;GENERICO;NO;TRANSFERIDO;ACTIVA MOVILIDAD II SPA  ;ACTIVA MOVILIDAD II SPA  ;LEASING;;;;;;;;;;;;;;;14-08-2025;18-08-2025;;;;05-09-2025
;1396;31-07-2025;20;SWDR22;;ADJUDICADO;GENERICO;NO;TRANSFERIDO;ACTIVA MOVILIDAD II SPA  ;ACTIVA MOVILIDAD II SPA  ;LEASING;;;;;;;;;;;;;;;14-08-2025;19-08-2025;;;;05-09-2025
;1396;31-07-2025;21;SWDR58;;ADJUDICADO;GENERICO;NO;TRANSFERIDO;ACTIVA MOVILIDAD II SPA  ;ACTIVA MOVILIDAD II SPA  ;LEASING;;;;;;;;;;;;;;;14-08-2025;18-08-2025;;;;05-09-2025
;1396;31-07-2025;22;SWDR57;;ADJUDICADO;GENERICO;NO;TRANSFERIDO;ACTIVA MOVILIDAD II SPA  ;ACTIVA MOVILIDAD II SPA  ;LEASING;;;;;;;;;;;;;;;14-08-2025;18-08-2025;;;;05-09-2025
;1396;31-07-2025;23;SWDR21;24450076013;ADJUDICADO;GENERICO;NO;TRANSFERIDO;ACTIVA MOVILIDAD II SPA  ;ACTIVA MOVILIDAD II SPA  ;LEASING;;;;;;;;;;;;;;;14-08-2025;19-08-2025;;;;04-09-2025
;1396;31-07-2025;24;SWDR51;;ADJUDICADO;GENERICO;NO;TRANSFERIDO;ACTIVA MOVILIDAD II SPA  ;ACTIVA MOVILIDAD II SPA  ;LEASING;;;;;;;;;;;;;;;14-08-2025;18-08-2025;;;;05-09-2025
;1396;31-07-2025;25;TBFL84;;ADJUDICADO;GENERICO;NO;TRANSFERIDO;EUROPARTS SPA;EUROPARTS SPA;BFE;;;;;;;;;;;;;;;14-08-2025;18-08-2025;;;;05-09-2025
;1396;31-07-2025;26;SWBJ30;;ADJUDICADO;GENERICO;NO;TRANSFERIDO;EUROPARTS SPA;EUROPARTS SPA;BFE;;;;;;;;;;;;;;;14-08-2025;18-08-2025;;;;05-09-2025
;1396;31-07-2025;27;RLBJ44;;ADJUDICADO;MERA;SI;TRANSFERIDO;BANCO BICE  ;SANTA INES II SPA MITTA;COMPRADIRECTA;;;;;;;18-08-2025;29-08-2025;01-09-2025;09-09-2025;09-09-2025;12-09-2025;;;15-09-2025;16-09-2025;24-09-2025;;;08-10-2025
;1396;31-07-2025;28;SZRG68;24450076807;ADJUDICADO;GENERICO;NO;TRANSFERIDO;ACTIVA MOVILIDAD II SPA  ;ACTIVA MOVILIDAD II SPA  ;LEASING;;;;;;;;;;;;;;;14-08-2025;18-08-2025;;;;05-09-2025
;1396;31-07-2025;29;SWRD77;;ADJUDICADO;GENERICO;NO;TRANSFERIDO;ACTIVA MOVILIDAD II SPA  ;ACTIVA MOVILIDAD II SPA  ;LEASING;;;;;;;;;;;;;;;14-08-2025;18-08-2025;;;;05-09-2025
;1396;31-07-2025;30;SWZP20;24450076435;ADJUDICADO;GENERICO;NO;TRANSFERIDO;ACTIVA MOVILIDAD II SPA  ;ACTIVA MOVILIDAD II SPA  ;LEASING;;;;;;;;;;;;;;;14-08-2025;18-08-2025;;;;05-09-2025
;1396;31-07-2025;31;SWZP51;;ADJUDICADO;GENERICO;NO;TRANSFERIDO;ACTIVA MOVILIDAD II SPA  ;ACTIVA MOVILIDAD II SPA  ;LEASING;;;;;;;;;;;;;;;14-08-2025;18-08-2025;;;;05-09-2025
;1396;31-07-2025;32;SWWD28;;ADJUDICADO;GENERICO;NO;TRANSFERIDO;ACTIVA MOVILIDAD II SPA  ;ACTIVA MOVILIDAD II SPA  ;LEASING;;;;;;;;;;;;;;;14-08-2025;18-08-2025;;;;05-09-2025
;1396;31-07-2025;33;SYGR50;24501681647;ADJUDICADO;GENERICO;NO;TRANSFERIDO;ACTIVA MOVILIDAD II SPA  ;ACTIVA MOVILIDAD II SPA  ;LEASING;;;;;;;;;;;;;;;14-08-2025;19-08-2025;;;;04-09-2025
;1396;31-07-2025;34;SWWD13;;ADJUDICADO;GENERICO;NO;TRANSFERIDO;ACTIVA MOVILIDAD II SPA  ;ACTIVA MOVILIDAD II SPA  ;LEASING;;;;;;;;;;;;;;;14-08-2025;18-08-2025;;;;05-09-2025
;1396;31-07-2025;35;RVVZ38;;ADJUDICADO;GENERICO;NO;TRANSFERIDO;ACTIVA MOVILIDAD II SPA  ;ACTIVA MOVILIDAD II SPA  ;LEASING;;;;;;;;;;;;;;;14-08-2025;18-08-2025;;;;05-09-2025
;1396;31-07-2025;36;RPLT94;24501681399;ADJUDICADO;MERA;SI;TRANSFERIDO;SCOTIABANK CHILE  ;SANTA INES II SPA MITTA;COMPRADIRECTA;;;;;;;18-08-2025;22-08-2025;01-09-2025;09-09-2025;09-09-2025;12-09-2025;;;15-09-2025;16-09-2025;24-09-2025;;;08-10-2025
;1396;31-07-2025;37;SFPP56;;ADJUDICADO;MERA;SI;TRANSFERIDO;BANCO DE CRÉDITO E INVERSIONES  ;SANTA INES II SPA MITTA;COMPRADIRECTA;;;;;;;28-10-2025;10-12-2025;10-12-2025;10-12-2025;10-12-2025;10-12-2025;;;12-12-2025;15-12-2025;;;;16-01-2026
;1396;31-07-2025;38;SFPP68;;ADJUDICADO;MERA;SI;TRANSFERIDO;BANCO DE CRÉDITO E INVERSIONES  ;SANTA INES II SPA MITTA;COMPRADIRECTA;;;;;;;28-10-2025;10-12-2025;10-12-2025;10-12-2025;10-12-2025;10-12-2025;;;12-12-2025;15-12-2025;;;;16-01-2026
;1396;31-07-2025;39;LDYY90;24450076849;ADJUDICADO;GENERICO;SI;TRANSFERIDO;LEASING DEL PACIFICO SPA ;SANTA INES II SPA MITTA;COMPRADIRECTA;;;;;;;;;;;;;;;14-08-2025;18-08-2025;;;;05-09-2025
;1396;31-07-2025;40;KHWC85;;ADJUDICADO;DERIVACION;SI;TRANSFERIDO;UVI TECH CHILE SPA  ;SANTA INES II SPA KAVAK  ;COMPRADIRECTA;;;;;;;;;;;;;;;20-08-2025;22-08-2025;;;;01-10-2025
;1396;31-07-2025;41;LDSJ66;;ADJUDICADO;DERIVACION;SI;TRANSFERIDO;JOSÉ SEGUNDO BERGEREAULT ÁVILA  ;SANTA INES II SPA OLX;COMPRADIRECTA;;;;;;;;;;;;;;;14-08-2025;22-08-2025;;;;23-09-2025
;1396;31-07-2025;42;SDBG56;;ADJUDICADO;GENERICO;NO;TRANSFERIDO;SANTANDER CONSUMER FINANCE LIMITADA  ;SANTANDER CONSUMER;BFE;;;;;;;;;;;;;;;14-08-2025;18-08-2025;;;;05-09-2025
;1396;31-07-2025;43;RPVB24;;ADJUDICADO;GENERICO;NO;TRANSFERIDO;SANTANDER CONSUMER FINANCE LIMITADA  ;SANTANDER CONSUMER;BFE;;;;;;;;;;;;;;;14-08-2025;19-08-2025;;;;05-09-2025
;1396;31-07-2025;44;HWHY99;;ADJUDICADO;COMPRA PARA;SI;GESTION MACAL;DIFOR CHILE S.A.  ;SANTA INES II SPA DIFOR;COMPRADIRECTA;[14/05] SE INSISTE A DIFOR POR INGRESO DE ST ;14-05-2026;;;;;;;;;;;;;;;;;;
;1396;31-07-2025;45;RCWP38;;ADJUDICADO;COMPRA PARA;SI;TRANSFERIDO;ALD AUTOMOTIVE LIMITADA .;SANTA INES II SPA ALD;COMPRADIRECTA;;;;;;;;;;;;;;;22-09-2025;23-09-2025;;;;20-10-2025
;1396;31-07-2025;46;FXCH33;;SIN POSTOR;GENERICO;NO;NO APLICA;PABLO ANDRÉS CONTRERAS SÁNCHEZ  ;PABLO ANDRÉS CONTRERAS SÁNCHEZ  ;BFE;ENVIADO A LEGALIZAR;;;;;;;;;;;;;;;;;;;
;1396;31-07-2025;47;LDJV14;24450076534;ADJUDICADO;DERIVACION;SI;TRANSFERIDO;BÁRBARA CAMILA ALIAGA GARCÍA  ;SANTA INES II SPA KAVAK  ;COMPRADIRECTA;;;;;;;;;;;;;;;20-08-2025;21-08-2025;;;;01-10-2025
;1396;31-07-2025;48;SVLF93;;ADJUDICADO;DERIVACION;SI;TRANSFERIDO;LORENA BEATRIZ GÓMEZ BURGOS  ;SANTA INES II SPA OLX;COMPRADIRECTA;;;;;;;;;;;;;;;09-09-2025;11-09-2025;;;;14-10-2025
;1396;31-07-2025;49;RTZL56;;ADJUDICADO;GENERICO;NO;TRANSFERIDO;SANTANDER CONSUMER FINANCE LIMITADA  ;SANTANDER CONSUMER;BFE;;;;;;;;;;;;;;;14-08-2025;18-08-2025;;;;05-09-2025
;1396;31-07-2025;50;RJBH49;;ADJUDICADO;GENERICO;NO;TRANSFERIDO;SANTANDER CONSUMER FINANCE LIMITADA  ;SANTANDER CONSUMER;BFE;;;;;;;;;;;;;;;14-08-2025;18-08-2025;;;;05-09-2025
;1396;31-07-2025;52;RTHS87;24501681191;ADJUDICADO;GENERICO;NO;TRANSFERIDO;SANTANDER CONSUMER FINANCE LIMITADA  ;SANTANDER CONSUMER;BFE;;;;;;;;;;;;;;;14-08-2025;18-08-2025;;;;05-09-2025
;1397;07-08-2025;1;TDDK93;;ADJUDICADO;DERIVACION;SI;TRANSFERIDO;PSA CHILE SA  ;SANTA INES II SPA KAVAK  ;COMPRADIRECTA;;;;;;;;;;;;;;;02-09-2025;03-09-2025;;;;02-10-2025
;1397;07-08-2025;2;SXLX62;;ADJUDICADO;GENERICO;NO;TRANSFERIDO;ACTIVA MOVILIDAD II SPA  ;ACTIVA MOVILIDAD II SPA  ;LEASING;;;;;;;;;;;;;;;20-08-2025;21-08-2025;;;;09-09-2025
;1397;07-08-2025;3;SXLX34;;ADJUDICADO;GENERICO;NO;TRANSFERIDO;ACTIVA MOVILIDAD II SPA  ;ACTIVA MOVILIDAD II SPA  ;LEASING;;;;;;;;;;;;;;;21-08-2025;04-09-2025;;;;29-09-2025
;1397;07-08-2025;5;KJPR10;;ADJUDICADO;DERIVACION;SI;TRANSFERIDO;PAMELA ALEJANDRA DÍAZ LEIVA  ;SANTA INES II SPA KAVAK  ;COMPRADIRECTA;;;;;;;;;;;;;;;20-08-2025;21-08-2025;;;;01-10-2025
;1397;07-08-2025;6;LPRG82;;ADJUDICADO;DERIVACION;SI;TRANSFERIDO;UVI TECH CHILE SPA  ;SANTA INES II SPA KAVAK  ;COMPRADIRECTA;;;;;;;;;;;;;;;18-08-2025;22-08-2025;;;;01-10-2025
;1397;07-08-2025;7;PKHR32;;ADJUDICADO;DERIVACION;SI;TRANSFERIDO;JORGE IGNACIO GONZÁLEZ MATURANA  ;SANTA INES II SPA KAVAK  ;COMPRADIRECTA;;;;;;;;;;;;;;;20-08-2025;25-08-2025;;;;01-10-2025
;1397;07-08-2025;8;SHBL65;;ADJUDICADO;MERA;SI;TRANSFERIDO;BANCO SECURITY  ;SANTA INES II SPA MITTA;COMPRADIRECTA;;;;;;;29-08-2025;02-09-2025;03-09-2025;09-09-2025;09-09-2025;12-09-2025;;;15-09-2025;16-09-2025;24-09-2025;;;08-10-2025
;1397;07-08-2025;9;RYZR17;;ADJUDICADO;GENERICO;NO;TRANSFERIDO;ACTIVA MOVILIDAD II SPA  ;ACTIVA MOVILIDAD II SPA  ;LEASING;;;;;;;;;;;;;;;20-08-2025;21-08-2025;;;;10-09-2025
;1397;07-08-2025;10;SWJD13;24501824486;ADJUDICADO;MERA;SI;TRANSFERIDO;BANCO DEL ESTADO DE CHILE  ;SANTA INES II SPA MITTA;COMPRADIRECTA;;;;;;;29-08-2025;30-09-2025;08-10-2025;10-10-2025;22-10-2025;23-10-2025;;;28-10-2025;29-10-2025;10-11-2025;;;01-12-2025
;1397;07-08-2025;11;RGCR94;;ADJUDICADO;GENERICO;SI;TRANSFERIDO;SEBASTIAN CALVO ALDUNATE;SEBASTIAN CALVO ALDUNATE;COMPRADIRECTA;;;;;;;;;;;;;;;01-10-2025;10-10-2025;;24-09-2025;10-10-2025;06-11-2025
;1397;07-08-2025;12;TFHW38;24450112479;ADJUDICADO;GENERICO;NO;TRANSFERIDO;ACTIVA MOVILIDAD II SPA  ;ACTIVA MOVILIDAD II SPA  ;LEASING;;;;;;;;;;;;;;;20-08-2025;21-08-2025;;;;09-09-2025
;1397;07-08-2025;13;TBKD68;;ADJUDICADO;GENERICO;NO;TRANSFERIDO;ACTIVA MOVILIDAD II SPA  ;ACTIVA MOVILIDAD II SPA  ;LEASING;;;;;;;;;;;;;;;20-08-2025;03-10-2025;;;;24-10-2025
;1397;07-08-2025;14;TFHX41;;ADJUDICADO;GENERICO;NO;TRANSFERIDO;ACTIVA MOVILIDAD II SPA  ;ACTIVA MOVILIDAD II SPA  ;LEASING;;;;;;;;;;;;;;;20-08-2025;21-08-2025;;;;09-09-2025
;1397;07-08-2025;15;SVCC40;;ADJUDICADO;GENERICO;NO;TRANSFERIDO;ACTIVA MOVILIDAD II SPA  ;ACTIVA MOVILIDAD II SPA  ;LEASING;;;;;;;;;;;;;;;20-08-2025;21-08-2025;;;;09-09-2025
;1397;07-08-2025;17;KVGC46;;ANULACION;DERIVACION;SI;NO APLICA;LATAM CAR GROUP SPA ;SANTA INES II SPA OLX;COMPRADIRECTA;;;;;;;;;;;;;;;;;;;;
;1397;07-08-2025;18;RKTV99;;ADJUDICADO;DERIVACION;SI;TRANSFERIDO;CÉSAR ALEJANDRO MOLINA GONZÁLEZ  ;SANTA INES II SPA KAVAK  ;COMPRADIRECTA;;;;;;;;;;;;;;;20-08-2025;21-08-2025;;;;01-10-2025
;1397;07-08-2025;19;RGLY17;24450076724;ADJUDICADO;DERIVACION;SI;TRANSFERIDO;OLX LATAM CAR GROUP SPA  ;SANTA INES II SPA OLX;COMPRADIRECTA;;;;;;;;;;;;;;;18-08-2025;22-08-2025;;;;23-09-2025
;1397;07-08-2025;20;PBJX31;24450076450;ADJUDICADO;DERIVACION;SI;TRANSFERIDO;OSCAR FRANCISCO BAEZA DINAMARCA  ;SANTA INES II SPA OLX;COMPRADIRECTA;;;;;;;;;;;;;;;18-08-2025;22-08-2025;;;;23-09-2025
;1397;07-08-2025;21;LBLW37;24450076690;ADJUDICADO;DERIVACION;SI;TRANSFERIDO;MARCOS ANTONIO URIBE VERA  ;SANTA INES II SPA OLX;COMPRADIRECTA;;;;;;;;;;;;;;;21-08-2025;22-08-2025;;;;23-09-2025
;1397;07-08-2025;22;JHTB91;24450076187;ADJUDICADO;DERIVACION;SI;TRANSFERIDO;VERÓNICA ALEJANDRA FUENTES COFRÉ  ;SANTA INES II SPA KAVAK  ;COMPRADIRECTA;;;;;;;;;;;;;;;20-08-2025;21-08-2025;;;;01-10-2025
;1397;07-08-2025;23;JVBG34;;ADJUDICADO;DERIVACION;SI;TRANSFERIDO;INVERSIONES Y COMERCIAL KRISTALINA SPA  ;SANTA INES II SPA OLX;COMPRADIRECTA;;;;;;;;;;;;;;;18-08-2025;22-08-2025;;;;23-09-2025
;1397;07-08-2025;24;TBDT75;24450112453;ADJUDICADO;GENERICO;NO;TRANSFERIDO;EUROPARTS SPA . .;COMERCIAL SAINT GERMAIN SA  ;AUTOMOTORAS;;;;;;;;;;;;;;;20-08-2025;21-08-2025;;;;09-09-2025
;1397;07-08-2025;25;TBDT73;24450076518;ADJUDICADO;GENERICO;NO;TRANSFERIDO;EUROPARTS SPA . .;COMERCIAL SAINT GERMAIN SA  ;AUTOMOTORAS;;;;;;;;;;;;;;;20-08-2025;21-08-2025;;;;09-09-2025
;1397;07-08-2025;26;TWDP98;;ADJUDICADO;DERIVACION;SI;TRANSFERIDO;RODDY VERONICA AREVALO DE MARTIN  ;SANTA INES II SPA KAVAK  ;COMPRADIRECTA;;;;;;;;;;;;;;;20-08-2025;25-08-2025;;;;01-10-2025
;1397;07-08-2025;27;RFRZ87;;ADJUDICADO;DERIVACION;SI;TRANSFERIDO;ELÍAS ALBERTO ARAVENA CAMAÑO  ;SANTA INES II SPA OLX;COMPRADIRECTA;;;;;;;;;;;;;;;18-08-2025;22-08-2025;;;;23-09-2025
;1397;07-08-2025;28;JDBX91;24450076583;ADJUDICADO;DERIVACION;SI;TRANSFERIDO;ÁLVARO LUIS ROJAS ZAMORANO  ;SANTA INES II SPA KAVAK  ;COMPRADIRECTA;;;;;;;;;;;;;;;20-08-2025;25-08-2025;;;;01-10-2025
;1397;07-08-2025;29;RZKB36;24450112073;ADJUDICADO;DERIVACION;SI;TRANSFERIDO;VERÓNICA ALEJANDRA LONCOPÁN LOAIZA  ;SANTA INES II SPA OLX;COMPRADIRECTA;;;;;;;;;;;;;;;18-08-2025;22-08-2025;;;;23-09-2025
;1397;07-08-2025;30;SWDS43;;ADJUDICADO;GENERICO;NO;TRANSFERIDO;ACTIVA MOVILIDAD II SPA  ;ACTIVA MOVILIDAD II SPA  ;LEASING;;;;;;;;;;;;;;;20-08-2025;21-08-2025;;;;09-09-2025
;1397;07-08-2025;31;SYGR68;24450076898;ADJUDICADO;GENERICO;NO;TRANSFERIDO;ACTIVA MOVILIDAD II SPA  ;ACTIVA MOVILIDAD II SPA  ;LEASING;;;;;;;;;;;;;;;20-08-2025;21-08-2025;;;;09-09-2025
;1397;07-08-2025;32;SWDR35;;ADJUDICADO;GENERICO;NO;TRANSFERIDO;ACTIVA MOVILIDAD II SPA  ;ACTIVA MOVILIDAD II SPA  ;LEASING;;;;;;;;;;;;;;;20-08-2025;22-08-2025;;;;11-09-2025
;1397;07-08-2025;33;SYGR43;24450112974;ADJUDICADO;GENERICO;NO;TRANSFERIDO;ACTIVA MOVILIDAD II SPA  ;ACTIVA MOVILIDAD II SPA  ;LEASING;;;;;;;;;;;;;;;20-08-2025;21-08-2025;;;;09-09-2025
;1397;07-08-2025;34;SWDS28;24450112099;ADJUDICADO;GENERICO;NO;TRANSFERIDO;ACTIVA MOVILIDAD II SPA  ;ACTIVA MOVILIDAD II SPA  ;LEASING;;;;;;;;;;;;;;;20-08-2025;21-08-2025;;;;09-09-2025
;1397;07-08-2025;35;SWWD57;24450112354;ADJUDICADO;GENERICO;NO;TRANSFERIDO;ACTIVA MOVILIDAD II SPA  ;ACTIVA MOVILIDAD II SPA  ;LEASING;;;;;;;;;;;;;;;20-08-2025;21-08-2025;;;;09-09-2025
;1397;07-08-2025;36;SCYF85;;ADJUDICADO;GENERICO;NO;TRANSFERIDO;ACTIVA MOVILIDAD II SPA  ;ACTIVA MOVILIDAD II SPA  ;LEASING;;;;;;;;;;;;;;;20-08-2025;21-08-2025;;;;10-09-2025
;1397;07-08-2025;37;SBPF14;;ADJUDICADO;GENERICO;NO;TRANSFERIDO;ACTIVA MOVILIDAD II SPA  ;ACTIVA MOVILIDAD II SPA  ;LEASING;;;;;;;;;;;;;;;20-08-2025;22-08-2025;;;;11-09-2025
;1397;07-08-2025;38;RXSP44;;ADJUDICADO;GENERICO;NO;TRANSFERIDO;ACTIVA MOVILIDAD II SPA  ;ACTIVA MOVILIDAD II SPA  ;LEASING;;;;;;;;;;;;;;;20-08-2025;21-08-2025;;;;10-09-2025
;1397;07-08-2025;39;SCYP92;24450076922;ADJUDICADO;GENERICO;NO;TRANSFERIDO;ACTIVA MOVILIDAD II SPA  ;ACTIVA MOVILIDAD II SPA  ;LEASING;;;;;;;;;;;;;;;20-08-2025;21-08-2025;;;;10-09-2025
;1397;07-08-2025;41;SBPF19;24450112495;ADJUDICADO;GENERICO;NO;TRANSFERIDO;ACTIVA MOVILIDAD II SPA  ;ACTIVA MOVILIDAD II SPA  ;LEASING;;;;;;;;;;;;;;;20-08-2025;21-08-2025;;;;10-09-2025
;1397;07-08-2025;42;RVVZ59;;ADJUDICADO;GENERICO;NO;TRANSFERIDO;ACTIVA MOVILIDAD II SPA  ;ACTIVA MOVILIDAD II SPA  ;LEASING;;;;;;;;;;;;;;;20-08-2025;21-08-2025;;;;10-09-2025
;1397;07-08-2025;43;RVVZ36;24450076997;ADJUDICADO;GENERICO;NO;TRANSFERIDO;ACTIVA MOVILIDAD II SPA  ;ACTIVA MOVILIDAD II SPA  ;LEASING;;;;;;;;;;;;;;;20-08-2025;21-08-2025;;;;10-09-2025
;1397;07-08-2025;44;RVWB35;;ADJUDICADO;GENERICO;NO;TRANSFERIDO;ACTIVA MOVILIDAD II SPA  ;ACTIVA MOVILIDAD II SPA  ;LEASING;;;;;;;;;;;;;;;20-08-2025;21-08-2025;;;;10-09-2025
;1397;07-08-2025;45;SDFF43;;ADJUDICADO;GENERICO;NO;TRANSFERIDO;SANTANDER CONSUMER FINANCE LIMITADA  ;SANTANDER CONSUMER;BFE;;;;;;;;;;;;;;;20-08-2025;21-08-2025;;;;10-09-2025
;1397;07-08-2025;46;RRWW11;;ADJUDICADO;COMPRA PARA;SI;TRANSFERIDO;ALD AUTOMOTIVE LIMITADA .;SANTA INES II SPA ALD;COMPRADIRECTA;;;;;;;;;;;;;;;22-09-2025;23-09-2025;;;;20-10-2025
;1397;07-08-2025;47;LKFK98;;ADJUDICADO;DERIVACION;SI;TRANSFERIDO;VÍCTOR HUGO ROJAS GONZÁLEZ  ;SANTA INES II SPA KAVAK  ;COMPRADIRECTA;;;;;;;;;;;;;;;20-08-2025;21-08-2025;;;;01-10-2025
;1397;07-08-2025;48;FVKG63;;ADJUDICADO;DERIVACION;SI;TRANSFERIDO;MARISEL ELENA SABAJ LANDAIDA  ;SANTA INES II SPA KAVAK  ;COMPRADIRECTA;;;;;;;;;;;;;;;20-08-2025;21-08-2025;;;;01-10-2025
;1397;07-08-2025;49;KVRW91;24450076823;ADJUDICADO;DERIVACION;SI;TRANSFERIDO;JUAN IGNACIO GUERRA GÁLVEZ  ;SANTA INES II SPA OLX;COMPRADIRECTA;;;;;;;;;;;;;;;18-08-2025;22-08-2025;;;;23-09-2025
;1397;07-08-2025;50;SLHF22;;ADJUDICADO;GENERICO;NO;TRANSFERIDO;ACTIVA MOVILIDAD II SPA  ;ACTIVA MOVILIDAD II SPA  ;LEASING;;;;;;;;;;;;;;;20-08-2025;21-08-2025;;;;09-09-2025
;1397;07-08-2025;51;HYGH64;;ADJUDICADO;DERIVACION;SI;TRANSFERIDO;MARICELA ALEJANDRA FICA SANHUEZA  ;SANTA INES II SPA OLX;COMPRADIRECTA;;;;;;;;;;;;;;;18-08-2025;22-08-2025;;;;23-09-2025
;1397;07-08-2025;52;CVHG72;24450076203;ADJUDICADO;GENERICO;NO;TRANSFERIDO;BRUNO NEFTALÍ VALLEJOS VALDIVIA  ;BRUNO NEFTALÍ VALLEJOS VALDIVIA  ;BFE;;;;;;;;;;;;;;;21-08-2025;25-08-2025;;;;12-09-2025
;1398;14-08-2025;6;THSJ57;24450138474;ADJUDICADO;GENERICO;NO;TRANSFERIDO;ACTIVA MOVILIDAD II SPA  ;ACTIVA MOVILIDAD II SPA  ;LEASING;;;;;;;;;;;;;;;02-09-2025;03-09-2025;;;;29-09-2025
;1398;14-08-2025;50;TGCD92;;ADJUDICADO;LIQ;NO;TRANSFERIDO;JESÚS EDUARDO SEPÚLVEDA NAVARRO  ;LIQUIDACION;LIQUIDACIONES;;;;;;;;;;;;;;;13-01-2026;15-01-2026;03-09-2025;;;19-02-2026
;1398;14-08-2025;1;RSPY20;24450138847;ADJUDICADO;GENERICO;NO;TRANSFERIDO;ACTIVA MOVILIDAD II SPA  ;ACTIVA MOVILIDAD II SPA  ;LEASING;;;;;;;;;;;;;;;02-09-2025;17-09-2025;;;;09-10-2025
;1398;14-08-2025;10;TFHT99;24450140389;ADJUDICADO;GENERICO;NO;TRANSFERIDO;ACTIVA MOVILIDAD II SPA  ;ACTIVA MOVILIDAD II SPA  ;LEASING;;;;;;;;;;;;;;;02-09-2025;03-09-2025;;;;29-09-2025
;1398;14-08-2025;11;TFHX46;;ADJUDICADO;GENERICO;NO;TRANSFERIDO;ACTIVA MOVILIDAD II SPA  ;ACTIVA MOVILIDAD II SPA  ;LEASING;;;;;;;;;;;;;;;02-09-2025;03-09-2025;;;;29-09-2025
;1398;14-08-2025;12;TFHW23;24450138854;ADJUDICADO;GENERICO;NO;TRANSFERIDO;ACTIVA MOVILIDAD II SPA  ;ACTIVA MOVILIDAD II SPA  ;LEASING;;;;;;;;;;;;;;;02-09-2025;03-09-2025;;;;29-09-2025
;1398;14-08-2025;13;TFHT89;24450138813;ADJUDICADO;GENERICO;NO;TRANSFERIDO;ACTIVA MOVILIDAD II SPA  ;ACTIVA MOVILIDAD II SPA  ;LEASING;;;;;;;;;;;;;;;02-09-2025;03-09-2025;;;;29-09-2025
;1398;14-08-2025;14;SSPL46;;ADJUDICADO;DERIVACION;SI;TRANSFERIDO;UVI TECH CHILE SPA  ;SANTA INES II SPA KAVAK  ;COMPRADIRECTA;;;;;;;;;;;;;;;08-09-2025;09-09-2025;;;;14-10-2025
;1398;14-08-2025;15;RWWK77;;ADJUDICADO;LIQ;NO;TRANSFERIDO;CAMILO ERNESTO BELEÑO HERAZO  ;LIQUIDACION;LIQUIDACIONES;;;;;;;;;;;;;;;10-04-2026;17-04-2026;13-11-2025;;;03-06-2026
;1398;14-08-2025;16;RWPR86;;ADJUDICADO;DERIVACION;SI;TRANSFERIDO;JOSÉ ANTONIO EDWARDS MARÍN  ;SANTA INES II SPA KAVAK  ;COMPRADIRECTA;;;;;;;;;;;;;;;08-09-2025;09-09-2025;;;;14-10-2025
;1398;14-08-2025;17;GGYS34;24450138375;ADJUDICADO;DERIVACION;SI;TRANSFERIDO;MARÍA DE LOS ANGELES MOLINA GUTIÉRREZ  ;SANTA INES II SPA OLX;COMPRADIRECTA;;;;;;;;;;;;;;;09-09-2025;11-09-2025;;;;14-10-2025
;1398;14-08-2025;18;JKDS71;;ADJUDICADO;DERIVACION;SI;TRANSFERIDO;ABNER NATANAEL ROBLES VENEGAS  ;SANTA INES II SPA KAVAK  ;COMPRADIRECTA;;;;;;;;;;;;;;;08-09-2025;09-09-2025;;;;14-10-2025
;1398;14-08-2025;19;TBFL86;;ADJUDICADO;GENERICO;NO;TRANSFERIDO;EUROPARTS SPA . .;COMERCIAL SAINT GERMAIN SA  ;AUTOMOTORAS;;;;;;;;;;;;;;;02-09-2025;03-09-2025;;;;29-09-2025
;1398;14-08-2025;2;RDVW93;;ADJUDICADO;GENERICO;NO;TRANSFERIDO;LEASING PIE ANDINO SA . .;EURO RENT A CAR SA  ;LEASING;;;;;;;;;;;;;;;02-09-2025;09-09-2025;;;;02-10-2025
;1398;14-08-2025;20;SWBJ81;;ADJUDICADO;GENERICO;NO;TRANSFERIDO;EUROPARTS SPA . .;COMERCIAL SAINT GERMAIN SA  ;AUTOMOTORAS;;;;;;;;;;;;;;;02-09-2025;03-09-2025;;;;29-09-2025
;1398;14-08-2025;21;TCFT85;24450140405;ADJUDICADO;GENERICO;NO;TRANSFERIDO;ACTIVA MOVILIDAD II SPA  ;ACTIVA MOVILIDAD II SPA  ;LEASING;;;;;;;;;;;;;;;02-09-2025;03-09-2025;;;;29-09-2025
;1398;14-08-2025;22;TCFV12;;ADJUDICADO;GENERICO;NO;TRANSFERIDO;ACTIVA MOVILIDAD II SPA  ;ACTIVA MOVILIDAD II SPA  ;LEASING;;;;;;;;;;;;;;;02-09-2025;03-09-2025;;;;29-09-2025
;1398;14-08-2025;23;SZRG37;;ADJUDICADO;GENERICO;NO;TRANSFERIDO;ACTIVA MOVILIDAD II SPA  ;ACTIVA MOVILIDAD II SPA  ;LEASING;;;;;;;;;;;;;;;02-09-2025;03-09-2025;;;;29-09-2025
;1398;14-08-2025;24;SWWD53;;ADJUDICADO;GENERICO;NO;TRANSFERIDO;ACTIVA MOVILIDAD II SPA  ;ACTIVA MOVILIDAD II SPA  ;LEASING;;;;;;;;;;;;;;;02-09-2025;03-09-2025;;;;29-09-2025
;1398;14-08-2025;25;SWJR18;24450138250;ADJUDICADO;GENERICO;NO;TRANSFERIDO;ACTIVA MOVILIDAD II SPA  ;ACTIVA MOVILIDAD II SPA  ;LEASING;;;;;;;;;;;;;;;02-09-2025;03-09-2025;;;;29-09-2025
;1398;14-08-2025;26;SWWD12;;ADJUDICADO;GENERICO;NO;TRANSFERIDO;ACTIVA MOVILIDAD II SPA  ;ACTIVA MOVILIDAD II SPA  ;LEASING;;;;;;;;;;;;;;;02-09-2025;03-09-2025;;;;29-09-2025
;1398;14-08-2025;27;SWZP45;24450138300;ADJUDICADO;GENERICO;NO;TRANSFERIDO;ACTIVA MOVILIDAD II SPA  ;ACTIVA MOVILIDAD II SPA  ;LEASING;;;;;;;;;;;;;;;02-09-2025;03-09-2025;;;;29-09-2025
;1398;14-08-2025;28;SWJR84;;ADJUDICADO;GENERICO;NO;TRANSFERIDO;LA ESTRELLA LEASING LTDA  ;ACTIVA MOVILIDAD II SPA  ;LEASING;;;;;;;;;;;;;;;02-09-2025;03-09-2025;;;;29-09-2025
;1398;14-08-2025;29;SWJL78;;ADJUDICADO;GENERICO;NO;TRANSFERIDO;LA ESTRELLA LEASING LTDA  ;ACTIVA MOVILIDAD II SPA  ;LEASING;;;;;;;;;;;;;;;02-09-2025;03-09-2025;;;;29-09-2025
;1398;14-08-2025;3;RSYC70;;ADJUDICADO;GENERICO;NO;TRANSFERIDO;LEASING PIE ANDINO SA . .;EURO RENT A CAR SA  ;LEASING;;;;;;;;;;;;;;;02-09-2025;03-09-2025;;;;29-09-2025
;1398;14-08-2025;30;SBPF44;;ADJUDICADO;GENERICO;NO;TRANSFERIDO;ACTIVA MOVILIDAD II SPA  ;ACTIVA MOVILIDAD II SPA  ;LEASING;;;;;;;;;;;;;;;02-09-2025;03-09-2025;;;;29-09-2025
;1398;14-08-2025;31;SBPF34;;ADJUDICADO;GENERICO;NO;TRANSFERIDO;ACTIVA MOVILIDAD II SPA  ;ACTIVA MOVILIDAD II SPA  ;LEASING;;;;;;;;;;;;;;;02-09-2025;03-09-2025;;;;29-09-2025
;1398;14-08-2025;32;SBPF96;;ADJUDICADO;GENERICO;NO;TRANSFERIDO;ACTIVA MOVILIDAD II SPA  ;ACTIVA MOVILIDAD II SPA  ;LEASING;;;;;;;;;;;;;;;02-09-2025;03-09-2025;;;;29-09-2025
;1398;14-08-2025;33;SBPJ67;;ADJUDICADO;GENERICO;NO;TRANSFERIDO;ACTIVA MOVILIDAD II SPA  ;ACTIVA MOVILIDAD II SPA  ;LEASING;;;;;;;;;;;;;;;02-09-2025;03-09-2025;;;;29-09-2025
;1398;14-08-2025;34;SBPF74;24450138599;ADJUDICADO;GENERICO;NO;TRANSFERIDO;ACTIVA MOVILIDAD II SPA  ;ACTIVA MOVILIDAD II SPA  ;LEASING;;;;;;;;;;;;;;;02-09-2025;03-09-2025;;;;29-09-2025
;1398;14-08-2025;35;SBPF72;;ADJUDICADO;GENERICO;NO;TRANSFERIDO;ACTIVA MOVILIDAD II SPA  ;ACTIVA MOVILIDAD II SPA  ;LEASING;;;;;;;;;;;;;;;02-09-2025;03-09-2025;;;;29-09-2025
;1398;14-08-2025;36;SBPF66;;ADJUDICADO;GENERICO;NO;TRANSFERIDO;ACTIVA MOVILIDAD II SPA  ;ACTIVA MOVILIDAD II SPA  ;LEASING;;;;;;;;;;;;;;;02-09-2025;03-09-2025;;;;29-09-2025
;1398;14-08-2025;37;SBPF52;24450140355;ADJUDICADO;GENERICO;NO;TRANSFERIDO;ACTIVA MOVILIDAD II SPA  ;ACTIVA MOVILIDAD II SPA  ;LEASING;;;;;;;;;;;;;;;02-09-2025;03-09-2025;;;;29-09-2025
;1398;14-08-2025;38;RRKX14;;ADJUDICADO;LIQ;NO;SOLICITUD DE TRANSFERENCIA;YURJACY RAMON GONZALEZ PEREZ  ;LIQUIDACION;LIQUIDACIONES;[17/NOV] SE INSISTIRA DEL AREA LEGAL AL LIQUIDADOR PARA QUE REALICE GESTION DE ALZAMIENTO ;17-11-2025;;;;;;;;;;;;;24-07-2026;28-07-2026;;;;
;1398;14-08-2025;39;SSWY61;;ADJUDICADO;GENERICO;NO;TRANSFERIDO;ACTIVA MOVILIDAD II SPA  ;ACTIVA MOVILIDAD II SPA  ;LEASING;;;;;;;;;;;;;;;02-09-2025;03-09-2025;;;;29-09-2025
;1398;14-08-2025;4;SBDS30;;ADJUDICADO;LIQ;NO;TRANSFERIDO;CONSTRUCCIONES VERA AGREDA SPA  ;LIQUIDACION;LIQUIDACIONES;;;;;;;;;;;;;;;10-04-2026;17-04-2026;;;;20-05-2026
;1398;14-08-2025;40;RVZZ50;24450138540;ADJUDICADO;DERIVACION;SI;TRANSFERIDO;RAFAEL ANDRÉS CHACÓN VARGAS  ;SANTA INES II SPA KAVAK  ;COMPRADIRECTA;;;;;;;;;;;;;;;08-09-2025;09-09-2025;;;;14-10-2025
;1398;14-08-2025;41;RTZK45;;ADJUDICADO;DERIVACION;SI;TRANSFERIDO;ANA MARÍA DEL CARMEN HERRERA MAGALLANES  ;SANTA INES II SPA KAVAK  ;COMPRADIRECTA;;;;;;;;;;;;;;;08-09-2025;09-09-2025;;;;14-10-2025
;1398;14-08-2025;42;JLGW79;;ADJUDICADO;DERIVACION;SI;TRANSFERIDO;TRINIDAD ZORDAN VALENZUELA  ;SANTA INES II SPA KAVAK  ;COMPRADIRECTA;;;;;;;;;;;;;;;08-09-2025;09-09-2025;;;;14-10-2025
;1398;14-08-2025;43;GWTJ22;;ADJUDICADO;DERIVACION;NO;TRANSFERIDO;TRINIDAD MACIEL AEDO ARAYA  ;UVI TECH CHILE SPA  ;AUTOMOTORAS;;;;;;;;;;;;;;;13-10-2025;16-10-2025;;;;21-11-2025
;1398;14-08-2025;44;GWFV14;;ADJUDICADO;DERIVACION;SI;TRANSFERIDO;CHRISTIAN ALBERTO REYNALS FUENTEALBA  ;SANTA INES II SPA KAVAK  ;COMPRADIRECTA;;;;;;;;;;;;;;;08-09-2025;09-09-2025;;;;14-10-2025
;1398;14-08-2025;45;HPTT72;24450138888;ADJUDICADO;DERIVACION;SI;TRANSFERIDO;AILEEN BERNARDITA REHHOF VEAS  ;SANTA INES II SPA KAVAK  ;COMPRADIRECTA;;;;;;;;;;;;;;;08-09-2025;09-09-2025;;;;14-10-2025
;1398;14-08-2025;46;LYHB33;;ADJUDICADO;DERIVACION;SI;TRANSFERIDO;GRACIELA VALENTINA LOYOLA KASCHEL  ;SANTA INES II SPA KAVAK  ;COMPRADIRECTA;;;;;;;;;;;;;;;08-09-2025;09-09-2025;;;;14-10-2025
;1398;14-08-2025;47;JXJY17;24501824841;ADJUDICADO;DERIVACION;SI;TRANSFERIDO;AMAIA JAIONE CASTRO ARANEDA  ;SANTA INES II SPA OLX;COMPRADIRECTA;;;;;;;;;;;;;;;30-09-2025;01-10-2025;;;;30-10-2025
;1398;14-08-2025;48;JJLS44;;ADJUDICADO;DERIVACION;NO;TRANSFERIDO;VÍCTOR ALEJANDRO FEBRES  CARRASCO;UVI TECH CHILE SPA  ;AUTOMOTORAS;;;;;;;;;;;;;;;13-10-2025;16-10-2025;;;;21-11-2025
;1398;14-08-2025;49;JKKX60;;ADJUDICADO;DERIVACION;NO;TRANSFERIDO;INVERSIONES LVV SPA  ;UVI TECH CHILE SPA  ;AUTOMOTORAS;;;;;;;;;;;;;;;13-10-2025;16-10-2025;;;;21-11-2025
;1398;14-08-2025;5;STBX76;;ADJUDICADO;DERIVACION;SI;TRANSFERIDO;CLAUDIO FELIPE ZACZALL TAPIA  ;SANTA INES II SPA KAVAK  ;COMPRADIRECTA;;;;;;;;;;;;;;;08-09-2025;09-09-2025;;;;14-10-2025
;1398;14-08-2025;51;LWSB58;;ADJUDICADO;DERIVACION;SI;TRANSFERIDO;VÍCTOR ARMANDO VARGAS VIEILLE  ;SANTA INES II SPA KAVAK  ;COMPRADIRECTA;;;;;;;;;;;;;;;01-09-2025;02-09-2025;;;;02-10-2025
;1398;14-08-2025;52;GVTD88;;ADJUDICADO;LIQ;NO;TRANSFERIDO;JOHANA PAULINA ARAYA SALDÍAS  ;LIQUIDACION;LIQUIDACIONES;;;;;;;;;;;;;;;16-09-2025;17-09-2025;;;;09-10-2025
;1398;14-08-2025;53;FBJH80;;ADJUDICADO;LIQ;NO;TRANSFERIDO;JOCELYN EDITH ORIA CAMPOS  ;LIQUIDACION;LIQUIDACIONES;;;;;;;;;;;;;;;13-11-2025;14-11-2025;;;;17-12-2025
;1398;14-08-2025;54;GKSY52;24450138995;ADJUDICADO;LIQ;NO;TRANSFERIDO;LUIS ANDRÉS CÁCERES CARREÑO  ;LIQUIDACION;LIQUIDACIONES;;;;;;;;;;;;;;;16-09-2025;17-09-2025;;;;09-10-2025
;1398;14-08-2025;57;FLTC58;24450138821;ADJUDICADO;LIQ;NO;TRANSFERIDO;GRACIELA DI LORENZO JACQUELINE ROJAS MUÑOZ  ;LIQUIDACION;LIQUIDACIONES;;;;;;;;;;;;;;;16-09-2025;24-10-2025;;;;14-04-2026
;1398;14-08-2025;58;KDWG35;24450140173;ADJUDICADO;DERIVACION;NO;TRANSFERIDO;DYLAN ALEJANDRO CONCHA QUINTRIQUEO  ;UVI TECH CHILE SPA  ;AUTOMOTORAS;;;;;;;;;;;;;;;14-10-2025;17-10-2025;;;;21-11-2025
;1398;14-08-2025;59;CXBZ62;;ADJUDICADO;LIQ;NO;GESTION MACAL;CESAR GABRIEL MORALES FIGUEROA EN LIQUIDACIÓN    ;LIQUIDACION;LIQUIDACIONES;[14/07] CON LIMITACIONES DE ZONA FRANCA;14-07-2026;;;;;;;;;;;;;;;;;;
;1398;14-08-2025;61;HXJ050;;ADJUDICADO;LIQ;NO;GESTION MACAL;CINTHYA ANDREA GARRIDO MAUREIRA EN LIQUIDACIÓN  ;LIQUIDACION;LIQUIDACIONES;;;;;;;;;;;;;;;;;;;;
;1398;14-08-2025;7;LVBV83;;ADJUDICADO;DERIVACION;SI;TRANSFERIDO;DISTRIBUIDORA KOSLAN SPA  ;SANTA INES II SPA KAVAK  ;COMPRADIRECTA;;;;;;;;;;;;;;;08-09-2025;09-09-2025;;;;14-10-2025
;1398;14-08-2025;8;SHBL68;;ADJUDICADO;MERA;SI;TRANSFERIDO;BANCO SECURITY  ;SANTA INES II SPA MITTA;COMPRADIRECTA;;;;;;;01-09-2025;02-09-2025;03-09-2025;09-09-2025;09-09-2025;12-09-2025;;;15-09-2025;16-09-2025;24-09-2025;;;08-10-2025
;1398;14-08-2025;9;PTKD77;;ADJUDICADO;GENERICO;NO;TRANSFERIDO;LEASING PIE ANDINO SA . .;EURO RENT A CAR SA  ;LEASING;;;;;;;;;;;;;;;02-09-2025;03-09-2025;;;;29-09-2025
;1399;21-08-2025;1;LVJK63;;ADJUDICADO;MERA;SI;TRANSFERIDO;BANCO SANTANDER CHILE  ;SANTA INES II SPA MITTA;COMPRADIRECTA;;;;;;;04-09-2025;30-09-2025;01-10-2025;07-10-2025;08-10-2025;14-10-2025;;;28-10-2025;29-10-2025;10-11-2025;;;01-12-2025
;1399;21-08-2025;10;SWBJ90;;ADJUDICADO;GENERICO;NO;TRANSFERIDO;EUROPARTS SPA;EUROPARTS SPA;AUTOMOTORAS;;;;;;;;;;;;;;;03-09-2025;05-09-2025;;;;29-09-2025
;1399;21-08-2025;11;SWBJ46;;ADJUDICADO;GENERICO;NO;TRANSFERIDO;EUROPARTS SPA;EUROPARTS SPA;AUTOMOTORAS;;;;;;;;;;;;;;;03-09-2025;05-09-2025;;;;29-09-2025
;1399;21-08-2025;12;RGYP90;;ANULACION;DERIVACION;SI;NO APLICA;AUTOMOTRIZ PORTEZUELO S A  ;SANTA INES II SPA OLX;COMPRADIRECTA;;;;;;;;;;;;;;;;;;;;
;1399;21-08-2025;13;TCFV68;;ADJUDICADO;GENERICO;NO;TRANSFERIDO;ACTIVA MOVILIDAD II SPA  ;ACTIVA MOVILIDAD II SPA  ;LEASING;;;;;;;;;;;;;;;03-09-2025;05-09-2025;;;;29-09-2025
;1399;21-08-2025;14;TBRT86;24501824171;ADJUDICADO;GENERICO;NO;TRANSFERIDO;ACTIVA MOVILIDAD II SPA  ;ACTIVA MOVILIDAD II SPA  ;LEASING;;;;;;;;;;;;;;;03-09-2025;05-09-2025;;;;29-09-2025
;1399;21-08-2025;15;TCFV20;24501824387;ADJUDICADO;GENERICO;NO;TRANSFERIDO;ACTIVA MOVILIDAD II SPA  ;ACTIVA MOVILIDAD II SPA  ;LEASING;;;;;;;;;;;;;;;03-09-2025;05-09-2025;;;;29-09-2025
;1399;21-08-2025;16;TCFV86;;ADJUDICADO;GENERICO;NO;TRANSFERIDO;ACTIVA MOVILIDAD II SPA  ;ACTIVA MOVILIDAD II SPA  ;LEASING;;;;;;;;;;;;;;;03-09-2025;05-09-2025;;;;29-09-2025
;1399;21-08-2025;17;TCFT81;;ADJUDICADO;GENERICO;NO;TRANSFERIDO;ACTIVA MOVILIDAD II SPA  ;ACTIVA MOVILIDAD II SPA  ;LEASING;;;;;;;;;;;;;;;03-09-2025;05-09-2025;;;;29-09-2025
;1399;21-08-2025;18;TBRR93;24501824189;ADJUDICADO;GENERICO;NO;TRANSFERIDO;ACTIVA MOVILIDAD II SPA  ;ACTIVA MOVILIDAD II SPA  ;LEASING;;;;;;;;;;;;;;;03-09-2025;05-09-2025;;;;29-09-2025
;1399;21-08-2025;19;TBRT58;;ADJUDICADO;GENERICO;NO;TRANSFERIDO;ACTIVA MOVILIDAD II SPA  ;ACTIVA MOVILIDAD II SPA  ;LEASING;;;;;;;;;;;;;;;03-09-2025;05-09-2025;;;;29-09-2025
;1399;21-08-2025;2;LVBL98;;ADJUDICADO;GENERICO;SI;TRANSFERIDO;LEASING DEL PACIFICO SPA ;SANTA INES II SPA MITTA;COMPRADIRECTA;;;;;;;;;;;;;;;03-09-2025;05-09-2025;;;;30-09-2025
;1399;21-08-2025;20;TBRT68;;ADJUDICADO;GENERICO;NO;TRANSFERIDO;ACTIVA MOVILIDAD II SPA  ;ACTIVA MOVILIDAD II SPA  ;LEASING;;;;;;;;;;;;;;;03-09-2025;05-09-2025;;;;29-09-2025
;1399;21-08-2025;21;TCFT74;24501824221;ADJUDICADO;GENERICO;NO;TRANSFERIDO;ACTIVA MOVILIDAD II SPA  ;ACTIVA MOVILIDAD II SPA  ;LEASING;;;;;;;;;;;;;;;03-09-2025;08-09-2025;;;;30-09-2025
;1399;21-08-2025;22;TBRS24;;ADJUDICADO;GENERICO;NO;TRANSFERIDO;ACTIVA MOVILIDAD II SPA  ;ACTIVA MOVILIDAD II SPA  ;LEASING;;;;;;;;;;;;;;;03-09-2025;05-09-2025;;;;29-09-2025
;1399;21-08-2025;23;SZRG57;;ADJUDICADO;GENERICO;NO;TRANSFERIDO;ACTIVA MOVILIDAD II SPA  ;ACTIVA MOVILIDAD II SPA  ;LEASING;;;;;;;;;;;;;;;03-09-2025;05-09-2025;;;;29-09-2025
;1399;21-08-2025;24;SWWD23;;ADJUDICADO;GENERICO;NO;TRANSFERIDO;ACTIVA MOVILIDAD II SPA  ;ACTIVA MOVILIDAD II SPA  ;LEASING;;;;;;;;;;;;;;;03-09-2025;05-09-2025;;;;29-09-2025
;1399;21-08-2025;25;SWWD32;;ADJUDICADO;GENERICO;NO;TRANSFERIDO;ACTIVA MOVILIDAD II SPA  ;ACTIVA MOVILIDAD II SPA  ;LEASING;;;;;;;;;;;;;;;03-09-2025;05-09-2025;;;;29-09-2025
;1399;21-08-2025;26;SWZP24;;ADJUDICADO;GENERICO;NO;TRANSFERIDO;ACTIVA MOVILIDAD II SPA  ;ACTIVA MOVILIDAD II SPA  ;LEASING;;;;;;;;;;;;;;;03-09-2025;05-09-2025;;;;29-09-2025
;1399;21-08-2025;27;SWRC48;;ADJUDICADO;GENERICO;NO;TRANSFERIDO;ACTIVA MOVILIDAD II SPA  ;ACTIVA MOVILIDAD II SPA  ;LEASING;;;;;;;;;;;;;;;03-09-2025;05-09-2025;;;;29-09-2025
;1399;21-08-2025;28;SVCV88;;ADJUDICADO;GENERICO;NO;TRANSFERIDO;ACTIVA MOVILIDAD II SPA  ;ACTIVA MOVILIDAD II SPA  ;LEASING;;;;;;;;;;;;;;;03-09-2025;05-09-2025;;;;29-09-2025
;1399;21-08-2025;29;SWRB98;;ADJUDICADO;GENERICO;NO;TRANSFERIDO;ACTIVA MOVILIDAD II SPA  ;ACTIVA MOVILIDAD II SPA  ;LEASING;;;;;;;;;;;;;;;03-09-2025;05-09-2025;;;;29-09-2025
;1399;21-08-2025;3;SZDF80;;ADJUDICADO;GENERICO;NO;TRANSFERIDO;SANTANDER CONSUMER FINANCE LIMITADA  ;SANTANDER CONSUMER;BFE;;;;;;;;;;;;;;;03-09-2025;05-09-2025;;;;29-09-2025
;1399;21-08-2025;30;SWDS97;24501825004;ADJUDICADO;GENERICO;NO;TRANSFERIDO;ACTIVA MOVILIDAD II SPA  ;ACTIVA MOVILIDAD II SPA  ;LEASING;;;;;;;;;;;;;;;03-09-2025;05-09-2025;;;;29-09-2025
;1399;21-08-2025;31;SYGR48;;ADJUDICADO;GENERICO;NO;TRANSFERIDO;ACTIVA MOVILIDAD II SPA  ;ACTIVA MOVILIDAD II SPA  ;LEASING;;;;;;;;;;;;;;;03-09-2025;05-09-2025;;;;29-09-2025
;1399;21-08-2025;32;GKPZ71;;ADJUDICADO;DERIVACION;SI;TRANSFERIDO;CLAUDIO SALAS ZAMORANO  ;SANTA INES II SPA KAVAK  ;COMPRADIRECTA;;;;;;;;;;;;;;;08-09-2025;09-09-2025;;;;14-10-2025
;1399;21-08-2025;33;RBSP76;;ADJUDICADO;DERIVACION;SI;TRANSFERIDO;GONZALO EDUARDO ARANEDA CONCHA  ;SANTA INES II SPA KAVAK  ;COMPRADIRECTA;;;;;;;;;;;;;;;11-09-2025;12-09-2025;;;;14-10-2025
;1399;21-08-2025;34;PDLC86;;ADJUDICADO;DERIVACION;SI;TRANSFERIDO;CRISTHIAN ANTONIO JOSÉ VALENZUELA ROMO  ;SANTA INES II SPA OLX;COMPRADIRECTA;;;;;;;;;;;;;;;02-09-2025;04-09-2025;;;;02-10-2025
;1399;21-08-2025;35;RKVJ47;24501824239;ADJUDICADO;GENERICO;NO;TRANSFERIDO;SANTANDER CONSUMER FINANCE LIMITADA  ;SANTANDER CONSUMER;BFE;;;;;;;;;;;;;;;03-09-2025;05-09-2025;;;;30-09-2025
;1399;21-08-2025;36;KFJJ54;;ADJUDICADO;DERIVACION;SI;TRANSFERIDO;NELSON ALEJANDRO SEPÚLVEDA GUAJARDO  ;SANTA INES II SPA KAVAK  ;COMPRADIRECTA;;;;;;;;;;;;;;;08-09-2025;09-09-2025;;;;14-10-2025
;1399;21-08-2025;37;LYGP28;;ADJUDICADO;COMPRA PARA;SI;TRANSFERIDO;ALD AUTOMOTIVE LIMITADA .;SANTA INES II SPA ALD;COMPRADIRECTA;;;;;;;;;;;;;;;22-09-2025;23-09-2025;;;;20-10-2025
;1399;21-08-2025;38;RSHL65;;ADJUDICADO;COMPRA PARA;SI;TRANSFERIDO;ALD AUTOMOTIVE LIMITADA .;SANTA INES II SPA ALD;COMPRADIRECTA;;;;;;;;;;;;;;;22-09-2025;23-09-2025;;;;20-10-2025
;1399;21-08-2025;39;RFBJ28;;ADJUDICADO;GENERICO;SI;TRANSFERIDO;SANTANDER CONSUMER FINANCE LIMITADA  ;SANTA INES II SPA MITTA;COMPRADIRECTA;;;;;;;;;;;;;;;03-09-2025;05-09-2025;;;;30-09-2025
;1399;21-08-2025;4;THSJ61;;ADJUDICADO;GENERICO;NO;TRANSFERIDO;ACTIVA MOVILIDAD II SPA  ;ACTIVA MOVILIDAD II SPA  ;LEASING;;;;;;;;;;;;;;;03-09-2025;05-09-2025;;;;29-09-2025
;1399;21-08-2025;40;SLZZ31;;ADJUDICADO;GENERICO;NO;TRANSFERIDO;SANTANDER CONSUMER FINANCE LIMITADA  ;SANTANDER CONSUMER;BFE;;;;;;;;;;;;;;;03-09-2025;05-09-2025;;;;29-09-2025
;1399;21-08-2025;41;SFKY53;;ADJUDICADO;GENERICO;NO;TRANSFERIDO;SANTANDER CONSUMER FINANCE LIMITADA  ;SANTANDER CONSUMER;BFE;;;;;;;;;;;;;;;03-09-2025;05-09-2025;;;;29-09-2025
;1399;21-08-2025;42;RRJC88;;ADJUDICADO;GENERICO;NO;TRANSFERIDO;SANTANDER CONSUMER FINANCE LIMITADA  ;SANTANDER CONSUMER;BFE;;;;;;;;;;;;;;;03-09-2025;05-09-2025;;;;30-09-2025
;1399;21-08-2025;43;LXTK72;;ADJUDICADO;GENERICO;NO;TRANSFERIDO;SANTANDER CONSUMER FINANCE LIMITADA  ;SANTANDER CONSUMER;BFE;;;;;;;;;;;;;;;03-09-2025;05-09-2025;;;;30-09-2025
;1399;21-08-2025;44;KKBP29;24501824114;ADJUDICADO;GENERICO;NO;TRANSFERIDO;SANTANDER CONSUMER FINANCE LIMITADA  ;SANTANDER CONSUMER;BFE;;;;;;;;;;;;;;;03-09-2025;05-09-2025;;;;29-09-2025
;1399;21-08-2025;5;SFGC10;;ADJUDICADO;DERIVACION;SI;TRANSFERIDO;LATAM CAR GROUP SPA ;SANTA INES II SPA OLX;COMPRADIRECTA;;;;;;;;;;;;;;;02-09-2025;03-09-2025;;;;02-10-2025
;1399;21-08-2025;6;SJSH16;;ADJUDICADO;MERA;SI;TRANSFERIDO;ITAU CORPBANCA  ;SANTA INES II SPA MITTA;COMPRADIRECTA;;;;;;;04-09-2025;30-09-2025;01-10-2025;07-10-2025;08-10-2025;10-10-2025;;;05-11-2025;06-11-2025;10-11-2025;;;11-12-2025
;1399;21-08-2025;7;SZYS97;;ADJUDICADO;GENERICO;NO;TRANSFERIDO;ACTIVA MOVILIDAD II SPA  ;ACTIVA MOVILIDAD II SPA  ;LEASING;;;;;;;;;;;;;;;03-09-2025;05-09-2025;;;;29-09-2025
;1399;21-08-2025;8;PCWH15;;ADJUDICADO;DERIVACION;SI;TRANSFERIDO;M&S INVERSIONES SPA  ;SANTA INES II SPA KAVAK  ;COMPRADIRECTA;;;;;;;;;;;;;;;08-09-2025;09-09-2025;;;;14-10-2025
;1399;21-08-2025;9;SGTD94;24501824304;ADJUDICADO;DERIVACION;SI;TRANSFERIDO;LESLIE SOLANGE GORIGOITÍA ORREGO  ;SANTA INES II SPA OLX;COMPRADIRECTA;;;;;;;;;;;;;;;02-09-2025;03-09-2025;;;;02-10-2025
;1400;28-08-2025;1;RHSF60;;ADJUDICADO;MERA;SI;TRANSFERIDO;BANCO DE CRÉDITO E INVERSIONES  ;SANTA INES II SPA MITTA;COMPRADIRECTA;;;;;;;28-10-2025;10-12-2025;12-12-2025;17-03-2026;17-03-2026;18-03-2026;;;24-03-2026;25-03-2026;;;;06-05-2026
;1400;28-08-2025;10;SWBJ79;;ADJUDICADO;GENERICO;NO;TRANSFERIDO;EUROPARTS SPA;EUROPARTS SPA;AUTOMOTORAS;;;;;;;;;;;;;;;09-09-2025;10-09-2025;;;;01-10-2025
;1400;28-08-2025;12;TDRJ40;;ADJUDICADO;GENERICO;NO;TRANSFERIDO;ACTIVA MOVILIDAD II SPA  ;ACTIVA MOVILIDAD II SPA  ;LEASING;;;;;;;;;;;;;;;09-09-2025;10-09-2025;;;;01-10-2025
;1400;28-08-2025;14;TFCK27;;ADJUDICADO;GENERICO;NO;TRANSFERIDO;ACTIVA MOVILIDAD II SPA  ;ACTIVA MOVILIDAD II SPA  ;LEASING;;;;;;;;;;;;;;;09-09-2025;10-09-2025;;;;01-10-2025
;1400;28-08-2025;15;TCFV33;;ADJUDICADO;GENERICO;NO;TRANSFERIDO;ACTIVA MOVILIDAD II SPA  ;ACTIVA MOVILIDAD II SPA  ;LEASING;;;;;;;;;;;;;;;09-09-2025;10-09-2025;;;;01-10-2025
;1400;28-08-2025;16;TBRT48;;ADJUDICADO;GENERICO;NO;TRANSFERIDO;ACTIVA MOVILIDAD II SPA  ;ACTIVA MOVILIDAD II SPA  ;LEASING;;;;;;;;;;;;;;;09-09-2025;10-09-2025;;;;01-10-2025
;1400;28-08-2025;17;TBRS94;;ADJUDICADO;GENERICO;NO;TRANSFERIDO;ACTIVA MOVILIDAD II SPA  ;ACTIVA MOVILIDAD II SPA  ;LEASING;;;;;;;;;;;;;;;09-09-2025;10-09-2025;;;;01-10-2025
;1400;28-08-2025;18;SSDR63;;ADJUDICADO;MERA;SI;TRANSFERIDO;BANCO DE CHILE  ;SANTA INES II SPA MITTA;COMPRADIRECTA;;;;;;;14-10-2025;05-11-2025;06-11-2025;11-11-2025;11-11-2025;12-11-2025;;;13-11-2025;14-11-2025;;;;17-12-2025
;1400;28-08-2025;19;RZKK73;24501824759;ADJUDICADO;MERA;SI;TRANSFERIDO;ITAU CORPBANCA  ;SANTA INES II SPA MITTA;COMPRADIRECTA;;;;;;;10-09-2025;30-09-2025;01-10-2025;07-10-2025;08-10-2025;10-10-2025;;;05-11-2025;06-11-2025;10-11-2025;;;11-12-2025
;1400;28-08-2025;2;THSJ56;24501824973;ADJUDICADO;GENERICO;NO;TRANSFERIDO;ACTIVA MOVILIDAD II SPA  ;ACTIVA MOVILIDAD II SPA  ;LEASING;;;;;;;;;;;;;;;09-09-2025;10-09-2025;;;;01-10-2025
;1400;28-08-2025;20;SVCT68;24501824460;ADJUDICADO;GENERICO;NO;TRANSFERIDO;ACTIVA MOVILIDAD II SPA  ;ACTIVA MOVILIDAD II SPA  ;LEASING;;;;;;;;;;;;;;;09-09-2025;10-09-2025;;;;01-10-2025
;1400;28-08-2025;21;SZRG97;;ADJUDICADO;GENERICO;NO;TRANSFERIDO;ACTIVA MOVILIDAD II SPA  ;ACTIVA MOVILIDAD II SPA  ;LEASING;;;;;;;;;;;;;;;09-09-2025;10-09-2025;;;;01-10-2025
;1400;28-08-2025;22;SVCV86;;ADJUDICADO;GENERICO;NO;TRANSFERIDO;ACTIVA MOVILIDAD II SPA  ;ACTIVA MOVILIDAD II SPA  ;LEASING;;;;;;;;;;;;;;;09-09-2025;10-09-2025;;;;01-10-2025
;1400;28-08-2025;23;SWZP46;;ADJUDICADO;GENERICO;NO;TRANSFERIDO;ACTIVA MOVILIDAD II SPA  ;ACTIVA MOVILIDAD II SPA  ;LEASING;;;;;;;;;;;;;;;09-09-2025;10-09-2025;;;;01-10-2025
;1400;28-08-2025;24;SZRG88;24450051529;ADJUDICADO;GENERICO;NO;TRANSFERIDO;ACTIVA MOVILIDAD II SPA  ;ACTIVA MOVILIDAD II SPA  ;LEASING;;;;;;;;;;;;;;;09-09-2025;10-09-2025;;;;01-10-2025
;1400;28-08-2025;25;SVCT80;;ADJUDICADO;GENERICO;NO;TRANSFERIDO;ACTIVA MOVILIDAD II SPA  ;ACTIVA MOVILIDAD II SPA  ;LEASING;;;;;;;;;;;;;;;09-09-2025;10-09-2025;;;;01-10-2025
;1400;28-08-2025;26;SWJR34;24501824213;ADJUDICADO;GENERICO;NO;TRANSFERIDO;ACTIVA MOVILIDAD II SPA  ;ACTIVA MOVILIDAD II SPA  ;LEASING;;;;;;;;;;;;;;;09-09-2025;10-09-2025;;;;01-10-2025
;1400;28-08-2025;27;SWRB73;;ADJUDICADO;GENERICO;NO;TRANSFERIDO;ACTIVA MOVILIDAD II SPA  ;ACTIVA MOVILIDAD II SPA  ;LEASING;;;;;;;;;;;;;;;09-09-2025;10-09-2025;;;;01-10-2025
;1400;28-08-2025;28;SWJR11;24501824288;ADJUDICADO;GENERICO;NO;TRANSFERIDO;ACTIVA MOVILIDAD II SPA  ;ACTIVA MOVILIDAD II SPA  ;LEASING;;;;;;;;;;;;;;;09-09-2025;10-09-2025;;;;01-10-2025
;1400;28-08-2025;29;SCYJ43;;ADJUDICADO;GENERICO;NO;TRANSFERIDO;ACTIVA MOVILIDAD II SPA  ;ACTIVA MOVILIDAD II SPA  ;LEASING;;;;;;;;;;;;;;;09-09-2025;10-09-2025;;;;01-10-2025
;1400;28-08-2025;30;SDDP58;;ADJUDICADO;MERA;SI;TRANSFERIDO;BANCO SANTANDER CHILE  ;SANTA INES II SPA MITTA;COMPRADIRECTA;;;;;;;10-09-2025;07-10-2025;08-10-2025;10-10-2025;22-10-2025;23-10-2025;;;28-10-2025;29-10-2025;10-11-2025;;;01-12-2025
;1400;28-08-2025;31;LFRB50;;ADJUDICADO;DERIVACION;SI;TRANSFERIDO;ALVARO GUSTAVO AVILA ORMAZABAL;SANTA INES II SPA KAVAK;COMPRADIRECTA;;;;;;;;;;;;;;;11-09-2025;12-09-2025;;;;14-10-2025
;1400;28-08-2025;32;JGYT20;24501824510;ADJUDICADO;DERIVACION;SI;TRANSFERIDO;ANGELA CROXATTO VIVIANI  ;SANTA INES II SPA KAVAK;COMPRADIRECTA;;;;;;;;;;;;;;;09-09-2025;11-09-2025;;;;14-10-2025
;1400;28-08-2025;33;JTXG61;;ADJUDICADO;DERIVACION;SI;TRANSFERIDO;VERÓNICA DEL CARMEN MIRANDA ROCHA  ;SANTA INES II SPA KAVAK;COMPRADIRECTA;;;;;;;;;;;;;;;11-09-2025;12-09-2025;;;;14-10-2025
;1400;28-08-2025;34;HCPJ69;;ADJUDICADO;DERIVACION;SI;TRANSFERIDO;NATALIA ANDREA ORTIZ DONOSO  ;SANTA INES II SPA KAVAK;COMPRADIRECTA;;;;;;;;;;;;;;;11-09-2025;12-09-2025;;;;14-10-2025
;1400;28-08-2025;36;RCWP35;;ADJUDICADO;COMPRA PARA;SI;TRANSFERIDO;ALD AUTOMOTIVE LIMITADA .;SANTA INES II SPA ALD;COMPRADIRECTA;;;;;;;;;;;;;;;04-09-2025;23-09-2025;;;;20-10-2025
;1400;28-08-2025;37;PLRK14;24501824932;ADJUDICADO;COMPRA PARA;SI;TRANSFERIDO;ALD AUTOMOTIVE LIMITADA .;SANTA INES II SPA ALD;COMPRADIRECTA;;;;;;;;;;;;;19-09-2025;10-10-2025;14-10-2025;15-10-2025;;;;11-11-2025
;1400;28-08-2025;38;RGTC40;;ADJUDICADO;LIQ;NO;GESTION MACAL;KATHERINE JOHANINA CANALES ALMUNA  ;LIQUIDACION;LIQUIDACIONES;[17/NOV] ALZAMIENTOS ENVIADOS AL LIQUIDADOR PARA GESTIONAR 14-11-2025;17-11-2025;;;;;;;;;;;;;09-09-2025;;14-11-2025;;;
;1400;28-08-2025;39;FXZK58;24501824908;ADJUDICADO;LIQ;NO;TRANSFERIDO;DANICSA HILDA VIVIANA FLORES VARGAS  ;LIQUIDACION;LIQUIDACIONES;;;;;;;;;;;;;;;20-01-2026;21-01-2026;;;;26-02-2026
;1400;28-08-2025;4;RZGG69;;ADJUDICADO;GENERICO;NO;TRANSFERIDO;ACTIVA MOVILIDAD II SPA  ;ACTIVA MOVILIDAD II SPA  ;LEASING;;;;;;;;;;;;;;;09-09-2025;10-09-2025;;;;01-10-2025
;1400;28-08-2025;40;SPBT78;24501824692;ADJUDICADO;LIQ;NO;TRANSFERIDO;GABRIELA BEATRIZ GONZÁLEZ PINCHEIRA  ;LIQUIDACION;LIQUIDACIONES;;;;;;;;;;;;;;;20-01-2026;21-01-2026;;;;26-02-2026
;1400;28-08-2025;41;LKYC54;;ADJUDICADO;LIQ;NO;NO CONTRATA;JEASATT EMMANUEL ORTEGA BASUALTO  ;LIQUIDACION;LIQUIDACIONES;;;;;;;;;;;;;;;;;;;;
;1400;28-08-2025;42;KPDY61;24501824999;ADJUDICADO;LIQ;NO;TRANSFERIDO;GANADERA NICO SPA  ;LIQUIDACION;LIQUIDACIONES;;;;;;;;;;;;;;;10-04-2026;14-04-2026;13-11-2025;;;20-05-2026
;1400;28-08-2025;5;SXLB50;;ADJUDICADO;LIQ;NO;TRANSFERIDO;JAIME ARMANDO SAAVEDRA CASTRO EN LIQUIDACIÓN    ;LIQUIDACION;LIQUIDACIONES;;;;;;;;;;;;;;;20-01-2026;21-01-2026;04-09-2025;;;26-02-2026
;1400;28-08-2025;6;SHBL12;24501824593;ADJUDICADO;MERA;SI;TRANSFERIDO;BANCO SECURITY  ;SANTA INES II SPA MITTA;COMPRADIRECTA;;;;;;;14-10-2025;25-11-2025;25-11-2025;26-11-2025;;;;;04-12-2025;12-01-2026;;;;11-03-2026
;1400;28-08-2025;7;KVCD46;;ADJUDICADO;DERIVACION;SI;TRANSFERIDO;CRISTIAN MAURICIO GALLEGOS TORO  ;SANTA INES II SPA KAVAK;COMPRADIRECTA;;;;;;;;;;;;;;;11-09-2025;12-09-2025;;;;14-10-2025
;1400;28-08-2025;8;PGTV22;;ADJUDICADO;MERA;SI;TRANSFERIDO;SCOTIABANK CHILE  ;SANTA INES II SPA MITTA;COMPRADIRECTA;;;;;;;29-09-2025;13-11-2025;20-11-2025;25-11-2025;25-11-2025;26-11-2025;;;01-12-2025;03-12-2025;;;;07-01-2025
;1400;28-08-2025;9;PLBB62;;ADJUDICADO;DERIVACION;SI;TRANSFERIDO;NANCY DE LAS MERCEDES ORELLANA DÍAZ  ;SANTA INES II SPA KAVAK;COMPRADIRECTA;;;;;;;;;;;;;;;11-09-2025;12-09-2025;;;;14-10-2025
;1406;04-09-2025;1;THRC26;;ADJUDICADO;GENERICO;NO;TRANSFERIDO;ACTIVA MOVILIDAD II SPA  ;ACTIVA MOVILIDAD II SPA  ;LEASING;;;;;;;;;;;;;;;16-09-2025;17-09-2025;;;;10-10-2025
;1406;04-09-2025;11;RCWP25;24450051958;ADJUDICADO;COMPRA PARA;SI;TRANSFERIDO;ALD AUTOMOTIVE LIMITADA .;SANTA INES II SPA ALD;COMPRADIRECTA;;;;;;;;;;;;;;;28-09-2025;29-09-2025;;;;20-10-2025
;1406;04-09-2025;12;GJCZ99;;ADJUDICADO;GENERICO;NO;TRANSFERIDO;TANNER SERVICIOS FINANCIEROS S.A  ;Tanner Servicios Financieros S.A  ;BFE;;;;;;;;;;;;;;;16-09-2025;17-09-2025;;;;10-10-2025
;1406;04-09-2025;13;HXJX96;;ADJUDICADO;GENERICO;NO;TRANSFERIDO;PIAMONTE S.A.  ;PIAMONTE S.A.  ;AUTOMOTORAS;;;;;;;;;;;;;;;16-09-2025;17-09-2025;;;;10-10-2025
;1406;04-09-2025;14;TDRJ76;;ADJUDICADO;GENERICO;NO;TRANSFERIDO;ACTIVA MOVILIDAD II SPA  ;ACTIVA MOVILIDAD II SPA  ;LEASING;;;;;;;;;;;;;;;16-09-2025;17-09-2025;;;;10-10-2025
;1406;04-09-2025;15;TFCL45;;ADJUDICADO;GENERICO;NO;TRANSFERIDO;ACTIVA MOVILIDAD II SPA  ;ACTIVA MOVILIDAD II SPA  ;LEASING;;;;;;;;;;;;;;;16-09-2025;17-09-2025;;;;10-10-2025
;1406;04-09-2025;16;TFDB27;;ADJUDICADO;GENERICO;NO;TRANSFERIDO;ACTIVA MOVILIDAD II SPA  ;ACTIVA MOVILIDAD II SPA  ;LEASING;;;;;;;;;;;;;;;02-12-2025;03-12-2025;;;;07-01-2025
;1406;04-09-2025;18;TCFT75;;ADJUDICADO;GENERICO;NO;TRANSFERIDO;ACTIVA MOVILIDAD II SPA  ;ACTIVA MOVILIDAD II SPA  ;LEASING;;;;;;;;;;;;;;;16-09-2025;17-09-2025;;;;10-10-2025
;1406;04-09-2025;19;TBRS92;24450051917;ADJUDICADO;GENERICO;NO;TRANSFERIDO;ACTIVA MOVILIDAD II SPA  ;ACTIVA MOVILIDAD II SPA  ;LEASING;;;;;;;;;;;;;;;16-09-2025;17-09-2025;;;;10-10-2025
;1406;04-09-2025;2;TRLJ40;;ADJUDICADO;DERIVACION;SI;TRANSFERIDO;LORENA TRINIDAD ZAMORA ZAMORA  ;SANTA INES II SPA OLX;COMPRADIRECTA;;;;;;;;;;;;;;;15-09-2025;05-11-2025;;;;09-12-2025
;1406;04-09-2025;21;SGBD71;;ADJUDICADO;GENERICO;NO;TRANSFERIDO;ACTIVA MOVILIDAD II SPA  ;ACTIVA MOVILIDAD II SPA  ;LEASING;;;;;;;;;;;;;;;16-09-2025;17-09-2025;;;;10-10-2025
;1406;04-09-2025;23;SFZY84;24450040886;ADJUDICADO;GENERICO;NO;TRANSFERIDO;ACTIVA MOVILIDAD II SPA  ;ACTIVA MOVILIDAD II SPA  ;LEASING;;;;;;;;;;;;;;;16-09-2025;17-09-2025;;;;10-10-2025
;1406;04-09-2025;24;SCYF99;24450051925;ADJUDICADO;GENERICO;NO;TRANSFERIDO;ACTIVA MOVILIDAD II SPA  ;ACTIVA MOVILIDAD II SPA  ;LEASING;;;;;;;;;;;;;;;16-09-2025;17-09-2025;;;;10-10-2025
;1406;04-09-2025;25;SLKD99;24450040779;ADJUDICADO;GENERICO;NO;TRANSFERIDO;ACTIVA MOVILIDAD II SPA  ;ACTIVA MOVILIDAD II SPA  ;LEASING;;;;;;;;;;;;;;;16-09-2025;17-09-2025;;;;10-10-2025
;1406;04-09-2025;26;SLHF31;;ADJUDICADO;GENERICO;NO;TRANSFERIDO;ACTIVA MOVILIDAD II SPA  ;ACTIVA MOVILIDAD II SPA  ;LEASING;;;;;;;;;;;;;;;16-09-2025;24-09-2025;;;;14-10-2025
;1406;04-09-2025;27;LDSP86;;ADJUDICADO;DERIVACION;SI;TRANSFERIDO;MAFALDA ANDREA ABARCA GANGA  ;SANTA INES II SPA KAVAK;COMPRADIRECTA;;;;;;;;;;;;;;;16-09-2025;17-09-2025;;;;14-10-2025
;1406;04-09-2025;28;PRDS54;;ADJUDICADO;GENERICO;NO;TRANSFERIDO;TANNER SERVICIOS FINANCIEROS S.A  ;Tanner Servicios Financieros S.A  ;BFE;;;;;;;;;;;;;;;16-09-2025;17-09-2025;;;;10-10-2025
;1406;04-09-2025;29;KTBZ97;;ADJUDICADO;GENERICO;NO;TRANSFERIDO;TANNER SERVICIOS FINANCIEROS S.A  ;Tanner Servicios Financieros S.A  ;BFE;;;;;;;;;;;;;;;16-09-2025;17-09-2025;;;;10-10-2025
;1406;04-09-2025;3;TDDK76;;ADJUDICADO;DERIVACION;SI;TRANSFERIDO;UVI TECH CHILE SPA . .;SANTA INES II SPA KAVAK;COMPRADIRECTA;;;;;;;;;;;;;;;16-09-2025;17-09-2025;;;;14-10-2025
;1406;04-09-2025;31;LGKP69;24450051149;ADJUDICADO;GENERICO;NO;TRANSFERIDO;TANNER SERVICIOS FINANCIEROS S.A  ;Tanner Servicios Financieros S.A  ;BFE;;;;;;;;;;;;;;;16-09-2025;17-09-2025;;;;10-10-2025
;1406;04-09-2025;4;TGFW59;24450051990;ADJUDICADO;GENERICO;NO;TRANSFERIDO;ACTIVA MOVILIDAD II SPA  ;ACTIVA MOVILIDAD II SPA  ;LEASING;;;;;;;;;;;;;;;16-09-2025;17-09-2025;;;;10-10-2025
;1406;04-09-2025;6;LFPH12;24450051586;ADJUDICADO;DERIVACION;SI;TRANSFERIDO;GONZALO RENÉ PULIDO LABRA  ;SANTA INES II SPA KAVAK;COMPRADIRECTA;;;;;;;;;;;;;;;16-09-2025;17-09-2025;;;;14-10-2025
;1406;04-09-2025;8;KRKX86;24450051446;ADJUDICADO;GENERICO;NO;TRANSFERIDO;PIAMONTE S.A.  ;PIAMONTE S.A.  ;AUTOMOTORAS;;;;;;;;;;;;;;;16-09-2025;17-09-2025;;;;10-10-2025
;1406;04-09-2025;9;GZLT89;;ADJUDICADO;DERIVACION;SI;TRANSFERIDO;VALENTINA IGNACIA MARÍA PETIT JOFRÉ  ;SANTA INES II SPA KAVAK;COMPRADIRECTA;;;;;;;;;;;;;;;16-09-2025;17-09-2025;;;;14-10-2025
;1407;11-09-2025;1;SRFL77;;ADJUDICADO;GENERICO;NO;TRANSFERIDO;ACTIVA MOVILIDAD II SPA  ;ACTIVA MOVILIDAD II SPA  ;LEASING;;;;;;;;;;;;;;;22-09-2025;22-09-2025;;;;11-10-2025
;1407;11-09-2025;2;LHPP32;;ADJUDICADO;DERIVACION;SI;TRANSFERIDO;JAVIER ALBERTO CASTILLO LAGO  ;SANTA INES II SPA OLX;COMPRADIRECTA;;;;;;;;;;;;;;;25-09-2025;26-09-2025;;;;20-10-2025
;1407;11-09-2025;3;SDXY41;;ADJUDICADO;COMPRA PARA;SI;TRANSFERIDO;ALD AUTOMOTIVE LIMITADA .;SANTA INES II SPA ALD;COMPRADIRECTA;;;;;;;;;;;;;;;24-09-2025;27-10-2025;;;;02-12-2025
;1407;11-09-2025;4;TGFW44;;ADJUDICADO;GENERICO;NO;TRANSFERIDO;ACTIVA MOVILIDAD II SPA  ;ACTIVA MOVILIDAD II SPA  ;LEASING;;;;;;;;;;;;;;;22-09-2025;22-09-2025;;29-09-2025;03-11-2025;04-12-2025
;1407;11-09-2025;5;SXLX23;;ADJUDICADO;GENERICO;NO;TRANSFERIDO;ACTIVA MOVILIDAD II SPA  ;ACTIVA MOVILIDAD II SPA  ;LEASING;;;;;;;;;;;;;;;22-09-2025;22-09-2025;;;;11-10-2025
;1407;11-09-2025;6;TJPC66;;ADJUDICADO;MERA;NO;TRANSFERIDO;ACTIVA MOVILIDAD II SPA  ;ACTIVA MOVILIDAD II SPA;LEASING;;;;;;;;;;;;;;;22-10-2025;23-10-2025;;;;20-11-2025
;1407;11-09-2025;7;TJPC21;;ADJUDICADO;MERA;NO;TRANSFERIDO;ACTIVA MOVILIDAD II SPA  ;ACTIVA MOVILIDAD II SPA;LEASING;;;;;;;;;;;;;;;22-10-2025;23-10-2025;;;;20-11-2025
;1407;11-09-2025;8;TJSY56;;ADJUDICADO;MERA;NO;TRANSFERIDO;ACTIVA MOVILIDAD II SPA  ;ACTIVA MOVILIDAD II SPA;LEASING;;;;;;;;;;;;;;;22-10-2025;23-10-2025;;;;20-11-2025
;1407;11-09-2025;9;PPST66;;ADJUDICADO;COMPRA PARA;SI;TRANSFERIDO;ALD AUTOMOTIVE LIMITADA .;SANTA INES II SPA ALD;COMPRADIRECTA;;;;;;;;;;;;;;;24-09-2025;27-10-2025;;;;02-12-2025
;1407;11-09-2025;10;SSWZ52;;ADJUDICADO;GENERICO;NO;TRANSFERIDO;ACTIVA MOVILIDAD II SPA  ;ACTIVA MOVILIDAD II SPA  ;LEASING;;;;;;;;;;;;;;;22-09-2025;29-10-2025;;;;01-12-2025
;1407;11-09-2025;11;SSZZ80;;ADJUDICADO;GENERICO;NO;TRANSFERIDO;ACTIVA MOVILIDAD II SPA  ;ACTIVA MOVILIDAD II SPA  ;LEASING;;;;;;;;;;;;;;;22-09-2025;22-09-2025;;;;11-10-2025
;1407;11-09-2025;12;RDBX79;;ADJUDICADO;COMPRA PARA;SI;TRANSFERIDO;ALD AUTOMOTIVE LIMITADA .;SANTA INES II SPA ALD;COMPRADIRECTA;;;;;;;;;;;;;;;24-09-2025;27-10-2025;;;;02-12-2025
;1407;11-09-2025;13;TDRJ23;;ADJUDICADO;GENERICO;NO;TRANSFERIDO;ACTIVA MOVILIDAD II SPA  ;ACTIVA MOVILIDAD II SPA  ;LEASING;;;;;;;;;;;;;;;22-09-2025;22-09-2025;;;;11-10-2025
;1407;11-09-2025;14;TDRJ13;;ADJUDICADO;GENERICO;NO;TRANSFERIDO;ACTIVA MOVILIDAD II SPA  ;ACTIVA MOVILIDAD II SPA  ;LEASING;;;;;;;;;;;;;;;22-09-2025;22-09-2025;;;;11-10-2025
;1407;11-09-2025;15;SWDR97;;ADJUDICADO;GENERICO;NO;TRANSFERIDO;ACTIVA MOVILIDAD II SPA  ;ACTIVA MOVILIDAD II SPA  ;LEASING;;;;;;;;;;;;;;;22-09-2025;22-09-2025;;;;11-10-2025
;1407;11-09-2025;16;SWDS87;;ADJUDICADO;GENERICO;NO;TRANSFERIDO;ACTIVA MOVILIDAD II SPA  ;ACTIVA MOVILIDAD II SPA  ;LEASING;;;;;;;;;;;;;;;22-09-2025;23-09-2025;;;;10-11-2025
;1407;11-09-2025;17;SFZZ73;;DESISTIMIENTO;GENERICO;NO;NO APLICA;ACTIVA MOVILIDAD II SPA  ;ACTIVA MOVILIDAD II SPA  ;LEASING;;;;;;;;;;;;;;;;;;;;
;1407;11-09-2025;18;SFZZ18;;ANULACION;GENERICO;NO;NO APLICA;ACTIVA MOVILIDAD II SPA  ;ACTIVA MOVILIDAD II SPA  ;LEASING;;;;;;;;;;;;;;;;;;;;
;1407;11-09-2025;19;SFZY61;;ADJUDICADO;GENERICO;NO;TRANSFERIDO;ACTIVA MOVILIDAD II SPA  ;ACTIVA MOVILIDAD II SPA  ;LEASING;;;;;;;;;;;;;;;22-09-2025;22-09-2025;;;;11-10-2025
;1407;11-09-2025;20;LFBK87;;ADJUDICADO;DERIVACION;SI;TRANSFERIDO;LIEVEN ERIK CORNELIUS LOMBAERT  ;SANTA INES II SPA OLX;COMPRADIRECTA;;;;;;;;;;;;;;;16-09-2025;16-09-2025;;;;14-10-2025
;1407;11-09-2025;21;DJLY47;;ADJUDICADO;DERIVACION;SI;TRANSFERIDO;TAMARA ANDREA CORTÉS VILLAR  ;SANTA INES II SPA OLX;COMPRADIRECTA;;;;;;;;;;;;;;;16-09-2025;16-09-2025;;;;14-10-2025
;1407;11-09-2025;22;SJYY83;;DESISTIMIENTO;GENERICO;NO;NO APLICA;ACTIVA MOVILIDAD II SPA  ;ACTIVA MOVILIDAD II SPA  ;LEASING;;;;;;;;;;;;;;;;;;;;
;1407;11-09-2025;23;SJYY85;;ADJUDICADO;GENERICO;NO;TRANSFERIDO;ACTIVA MOVILIDAD II SPA  ;ACTIVA MOVILIDAD II SPA  ;LEASING;;;;;;;;;;;;;;;22-09-2025;22-09-2025;;;;11-10-2025
;1407;11-09-2025;24;SJYY76;;ADJUDICADO;GENERICO;NO;TRANSFERIDO;ACTIVA MOVILIDAD II SPA  ;ACTIVA MOVILIDAD II SPA  ;LEASING;;;;;;;;;;;;;;;22-09-2025;22-09-2025;;;;11-10-2025
;1407;11-09-2025;25;HDSS75;;ADJUDICADO;DERIVACION;SI;TRANSFERIDO;CRISTHIAN ANDRÉS ESTRADA SOTO  ;SANTA INES II SPA KAVAK;COMPRADIRECTA;;;;;;;;;;;;;;;23-09-2025;24-09-2025;;;;20-10-2025
;1408;25-09-2025;1;TFHV37;;ADJUDICADO;GENERICO;NO;TRANSFERIDO;ACTIVA MOVILIDAD II SPA  ;ACTIVA MOVILIDAD II SPA  ;LEASING;;;;;;;;;;;;;;;06-10-2025;07-10-2025;;;;28-10-2025
;1408;25-09-2025;2;SSWP65;;ADJUDICADO;MERA;SI;TRANSFERIDO;BANCO SECURITY  ;SANTA INES II SPA MITTA;COMPRADIRECTA;;;;;;;13-10-2025;05-11-2025;06-11-2025;11-11-2025;11-11-2025;12-11-2025;;;13-11-2025;14-11-2025;;;;17-12-2025
;1408;25-09-2025;3;SSVS35;;ADJUDICADO;MERA;NO;TRANSFERIDO;ITAU CORPBANCA  ;EURO RENT A CAR SA  ;AUTOMOTORAS;;;;;;;;;;;;;;;18-11-2025;29-12-2025;;;;12-02-2026
;1408;25-09-2025;4;PDXG61;;ANULACION;DERIVACION;SI;NO APLICA;DAVID LUCIANO CONCHA MORALES;SANTA INES II SPA OLX;COMPRADIRECTA;;;;;;;;;;;;;;;;;;;;
;1408;25-09-2025;5;KVGC46;;ADJUDICADO;DERIVACION;SI;TRANSFERIDO;LATAM CAR GROUP SPA;SANTA INES II SPA OLX;COMPRADIRECTA;;;;;;;;;;;;;;;06-10-2025;08-10-2025;;;;03-11-2025
;1408;25-09-2025;6;LHDV81;;ADJUDICADO;DERIVACION;SI;TRANSFERIDO;ÁLVARO CRISTIAN ESPEJO JAIMOVICH;SANTA INES II SPA KAVAK;COMPRADIRECTA;;;;;;;;;;;;;;;06-10-2025;04-11-2025;;;;05-12-2025
;1408;25-09-2025;7;TCRY34;;ADJUDICADO;GENERICO;NO;TRANSFERIDO;SANTANDER CONSUMER FINANCE LIMITADA  ;SANTANDER CONSUMER;BFE;;;;;;;;;;;;;;;06-10-2025;07-10-2025;;;;28-10-2025
;1408;25-09-2025;8;TJSY32;;ADJUDICADO;MERA;NO;TRANSFERIDO;ACTIVA MOVILIDAD II SPA  ;ACTIVA MOVILIDAD II SPA  ;LEASING;;;;;;;;;;;;;;;06-10-2025;07-10-2025;;;;28-10-2025
;1408;25-09-2025;9;RCWP30;25250149694;ADJUDICADO;COMPRA PARA;SI;TRANSFERIDO;ALD AUTOMOTIVE LIMITADA .;SANTA INES II SPA ALD;COMPRADIRECTA;;;;;;;;;;;;;;;30-09-2025;27-10-2025;;;;02-12-2025
;1408;25-09-2025;10;SDKL55;25250082887;ADJUDICADO;GENERICO;NO;TRANSFERIDO;ACTIVA MOVILIDAD II SPA  ;ACTIVA MOVILIDAD II SPA  ;LEASING;;;;;;;;;;;;;;;06-10-2025;07-10-2025;;;;28-10-2025
;1408;25-09-2025;11;RSZF11;;ADJUDICADO;GENERICO;NO;TRANSFERIDO;SANTANDER CONSUMER FINANCE LIMITADA  ;SANTANDER CONSUMER;BFE;;;;;;;;;;;;;;;06-10-2025;07-10-2025;;;;28-10-2025
;1408;25-09-2025;12;TBRS52;;ADJUDICADO;GENERICO;NO;TRANSFERIDO;ACTIVA MOVILIDAD II SPA  ;ACTIVA MOVILIDAD II SPA  ;LEASING;;;;;;;;;;;;;;;06-10-2025;07-10-2025;;;;28-10-2025
;1408;25-09-2025;13;TFCL28;;ADJUDICADO;GENERICO;NO;TRANSFERIDO;ACTIVA MOVILIDAD II SPA  ;ACTIVA MOVILIDAD II SPA  ;LEASING;;;;;;;;;;;;;;;06-10-2025;07-10-2025;;;;28-10-2025
;1408;25-09-2025;14;SLHF43;;ADJUDICADO;GENERICO;NO;TRANSFERIDO;ACTIVA MOVILIDAD II SPA  ;ACTIVA MOVILIDAD II SPA  ;LEASING;;;;;;;;;;;;;;;06-10-2025;07-10-2025;;;;28-10-2025
;1408;25-09-2025;15;PJCT92;;ADJUDICADO;GENERICO;NO;TRANSFERIDO;SANTANDER CONSUMER FINANCE LIMITADA  ;SANTANDER CONSUMER;BFE;;;;;;;;;;;;;;;06-10-2025;07-10-2025;;;;28-10-2025
;1408;25-09-2025;16;HFXD64;;ADJUDICADO;DERIVACION;SI;TRANSFERIDO;MARÍA LUISA LANCIS SEPÚLVEDA;SANTA INES II SPA KAVAK;COMPRADIRECTA;;;;;;;;;;;;;;;06-10-2025;08-10-2025;;;;03-11-2025
;1408;25-09-2025;17;RRJC88;;ANULACION;GENERICO;NO;NO APLICA;SANTANDER CONSUMER FINANCE LIMITADA  ;SANTANDER CONSUMER;BFE;;;;;;;;;;;;;;;;;;;;
;1408;25-09-2025;18;SPJH86;;ADJUDICADO;GENERICO;NO;TRANSFERIDO;SANTANDER CONSUMER FINANCE LIMITADA  ;SANTANDER CONSUMER;BFE;;;;;;;;;;;;;;;06-10-2025;07-10-2025;;;;25-10-2025
;1408;25-09-2025;19;JXCC44;;ADJUDICADO;GENERICO;NO;TRANSFERIDO;SANTANDER CONSUMER FINANCE LIMITADA  ;SANTANDER CONSUMER;BFE;;;;;;;;;;;;;;;06-10-2025;15-10-2025;;;;13-11-2025
;1408;25-09-2025;20;SBGC52;;SIN POSTOR;LIQ;NO;NO APLICA;SEBASTIÁN ALEJANDRO POBLETE GUZMÁN  ;LIQUIDACION;LIQUIDACIONES;;;;;;;;;;;;;;;;;;;;
;1412;02-10-2025;1;PGSF66;;ADJUDICADO;MERA;SI;TRANSFERIDO;SCOTIABANK CHILE  ;SANTA INES II SPA MITTA;COMPRADIRECTA;;;;;;;14-04-2026;11-05-2026;11-05-2026;12-05-2026;12-05-2026;12-05-2026;;;12-05-2026;14-05-2026;;;;17-06-2026
;1412;02-10-2025;2;TGFW52;;ADJUDICADO;GENERICO;NO;TRANSFERIDO;ACTIVA MOVILIDAD II SPA  ;ACTIVA MOVILIDAD II SPA  ;LEASING;;;;;;;;;;;;;;;13-10-2025;15-10-2025;;;;11-11-2025
;1412;02-10-2025;3;TGFW54;;ADJUDICADO;GENERICO;NO;TRANSFERIDO;ACTIVA MOVILIDAD II SPA  ;ACTIVA MOVILIDAD II SPA  ;LEASING;;;;;;;;;;;;;;;13-10-2025;15-10-2025;;;;11-11-2025
;1412;02-10-2025;4;TFHV47;;ADJUDICADO;GENERICO;NO;TRANSFERIDO;ACTIVA MOVILIDAD II SPA  ;ACTIVA MOVILIDAD II SPA  ;LEASING;;;;;;;;;;;;;;;13-10-2025;15-10-2025;;;;11-11-2025
;1412;02-10-2025;5;HZRG93;;ADJUDICADO;GENERICO;NO;TRANSFERIDO;MANUEL ANTONIO ROJAS BUSTOS  ;PIAMONTE;BFE;;;;;;;;;;;;;;;13-10-2025;15-10-2025;;;;11-11-2025
;1412;02-10-2025;6;STYB33;;ADJUDICADO;GENERICO;NO;TRANSFERIDO;ACTIVA MOVILIDAD II SPA  ;ACTIVA MOVILIDAD II SPA  ;LEASING;;;;;;;;;;;;;;;13-10-2025;15-10-2025;;;;11-11-2025
;1412;02-10-2025;7;TJPC56;;ADJUDICADO;MERA;NO;TRANSFERIDO;ACTIVA MOVILIDAD II SPA  ;ACTIVA MOVILIDAD II SPA  ;LEASING;;;;;;;;;;;;;;;13-10-2025;15-10-2025;;;;14-11-2025
;1412;02-10-2025;8;TJSZ51;;ADJUDICADO;GENERICO;NO;TRANSFERIDO;ACTIVA MOVILIDAD II SPA  ;ACTIVA MOVILIDAD II SPA  ;LEASING;;;;;;;;;;;;;;;18-11-2025;18-11-2025;;;;22-12-2025
;1412;02-10-2025;9;LXJR18;;ADJUDICADO;DERIVACION;SI;TRANSFERIDO;WALTER SEBASTIÁN LAGOS FLORES  ;SANTA INES II SPA KAVAK;COMPRADIRECTA;;;;;;;;;;;;;;;14-10-2025;16-10-2025;;;;21-11-2025
;1412;02-10-2025;10;SDKL56;;ADJUDICADO;GENERICO;NO;TRANSFERIDO;ACTIVA MOVILIDAD II SPA  ;ACTIVA MOVILIDAD II SPA  ;LEASING;;;;;;;;;;;;;;;13-10-2025;15-10-2025;;;;11-11-2025
;1412;02-10-2025;11;SBXW42;;ADJUDICADO;GENERICO;NO;TRANSFERIDO;ACTIVA MOVILIDAD II SPA  ;ACTIVA MOVILIDAD II SPA  ;LEASING;;;;;;;;;;;;;;;13-10-2025;15-10-2025;;;;11-11-2025
;1412;02-10-2025;12;PJZG18;;ADJUDICADO;DERIVACION;SI;TRANSFERIDO;DANIEL ENRIQUE ANDRADE AGUILERA  ;SANTA INES II SPA OLX;COMPRADIRECTA;;;;;;;;;;;;;;;13-10-2025;04-11-2025;;;;05-12-2025
;1412;02-10-2025;13;THVY71;;ADJUDICADO;MERA;NO;TRANSFERIDO;ACTIVA MOVILIDAD II SPA  ;ACTIVA MOVILIDAD II SPA  ;LEASING;;;;;;;;;;;;;;;13-10-2025;15-10-2025;;;;11-11-2025
;1412;02-10-2025;14;SCPP93;;ADJUDICADO;GENERICO;NO;TRANSFERIDO;TANNER SERVICIOS FINANCIEROS S.A  ;Tanner Servicios Financieros S.A  ;BFE;;;;;;;;;;;;;;;13-10-2025;15-10-2025;;;;11-11-2025
;1412;02-10-2025;15;LKVH69;;ADJUDICADO;GENERICO;NO;TRANSFERIDO;PIAMONTE S.A.  ;PIAMONTE;BFE;;;;;;;;;;;;;;;13-10-2025;15-10-2025;;;;11-11-2025
;1412;02-10-2025;16;LFKW22;;ADJUDICADO;DERIVACION;SI;TRANSFERIDO;OLX LATAM CAR GROUP SPA  ;SANTA INES II SPA OLX;COMPRADIRECTA;;;;;;;;;;;;;;;13-10-2025;04-11-2025;;;;05-12-2025
;1412;02-10-2025;17;SWBK62;;ADJUDICADO;GENERICO;NO;TRANSFERIDO;EUROPARTS SPA;EUROPARTS SPA;BFE;;;;;;;;;;;;;;;13-10-2025;15-10-2025;;;;11-11-2025
;1412;02-10-2025;18;TBRT37;25250082192;ADJUDICADO;GENERICO;NO;TRANSFERIDO;ACTIVA MOVILIDAD II SPA  ;ACTIVA MOVILIDAD II SPA  ;LEASING;;;;;;;;;;;;;;;13-10-2025;15-10-2025;;;;11-11-2025
;1412;02-10-2025;19;TBRT29;;ADJUDICADO;GENERICO;NO;TRANSFERIDO;ACTIVA MOVILIDAD II SPA  ;ACTIVA MOVILIDAD II SPA  ;LEASING;;;;;;;;;;;;;;;13-10-2025;15-10-2025;;;;11-11-2025
;1412;02-10-2025;20;SWRB54;;ADJUDICADO;GENERICO;NO;TRANSFERIDO;ACTIVA MOVILIDAD II SPA  ;ACTIVA MOVILIDAD II SPA  ;LEASING;;;;;;;;;;;;;;;13-10-2025;15-10-2025;;;;11-11-2025
;1412;02-10-2025;21;SFZZ59;;ADJUDICADO;GENERICO;NO;TRANSFERIDO;ACTIVA MOVILIDAD II SPA  ;ACTIVA MOVILIDAD II SPA  ;LEASING;;;;;;;;;;;;;;;13-10-2025;15-10-2025;;;;11-11-2025
;1412;02-10-2025;22;RGYP90;;ADJUDICADO;DERIVACION;SI;TRANSFERIDO;AUTOMOTRIZ PORTEZUELO S A  ;SANTA INES II SPA OLX;COMPRADIRECTA;;;;;;;;;;;;;;;13-10-2025;04-11-2025;;;;09-12-2025
;1412;02-10-2025;23;SSGK52;;ADJUDICADO;GENERICO;NO;TRANSFERIDO;ACTIVA MOVILIDAD II SPA  ;ACTIVA MOVILIDAD II SPA  ;LEASING;;;;;;;;;;;;;;;13-10-2025;15-10-2025;;;;11-11-2025
;1412;02-10-2025;24;SSGK54;25250082705;ADJUDICADO;GENERICO;NO;TRANSFERIDO;ACTIVA MOVILIDAD II SPA  ;ACTIVA MOVILIDAD II SPA  ;LEASING;;;;;;;;;;;;;;;13-10-2025;15-10-2025;;;;11-11-2025
;1412;02-10-2025;25;BJV083;;ADJUDICADO;GENERICO;NO;TRANSFERIDO;INVERSIONES CONVIENE LIMITADA  ;PARTICULAR;BFE;;;;;;;;;;;;;;;13-10-2025;15-10-2025;;;;12-11-2025
;1412;02-10-2025;26;LWZV69;25250082507;ADJUDICADO;GENERICO;NO;TRANSFERIDO;PIAMONTE S.A.  ;PIAMONTE;BFE;;;;;;;;;;;;;;;13-10-2025;15-10-2025;;;;11-11-2025
;1413;09-10-2025;1;TGFW69;;ADJUDICADO;GENERICO;NO;TRANSFERIDO;ACTIVA MOVILIDAD II SPA  ;ACTIVA MOVILIDAD II SPA  ;LEASING;;;;;;;;;;;;;;;20-10-2025;21-10-2025;;;;18-11-2025
;1413;09-10-2025;2;TFHV62;25250082036;ADJUDICADO;GENERICO;NO;TRANSFERIDO;ACTIVA MOVILIDAD II SPA  ;ACTIVA MOVILIDAD II SPA  ;LEASING;;;;;;;;;;;;;;;20-10-2025;21-10-2025;;;;17-11-2025
;1413;09-10-2025;3;TRDS86;;ADJUDICADO;GENERICO;NO;TRANSFERIDO;SANTANDER CONSUMER FINANCE LIMITADA  ;SANTANDER CONSUMER;BFE;;;;;;;;;;;;;;;20-10-2025;21-10-2025;;;;17-11-2025
;1413;09-10-2025;4;SLHF45;;DESISTIMIENTO;GENERICO;NO;NO APLICA;ACTIVA MOVILIDAD II SPA  ;ACTIVA MOVILIDAD II SPA  ;LEASING;;;;;;;;;;;;;;;;;;;;
;1413;09-10-2025;5;SRGG76;;ADJUDICADO;GENERICO;NO;TRANSFERIDO;SANTANDER CONSUMER FINANCE LIMITADA  ;SANTANDER CONSUMER;BFE;;;;;;;;;;;;;;;20-10-2025;21-10-2025;;;;18-11-2025
;1413;09-10-2025;6;RBZD67;;ADJUDICADO;GENERICO;NO;TRANSFERIDO;SANTANDER CONSUMER FINANCE LIMITADA  ;SANTANDER CONSUMER;BFE;;;;;;;;;;;;;;;20-10-2025;21-10-2025;;;;18-11-2025
;1413;09-10-2025;7;TBRT39;;DESISTIMIENTO;GENERICO;NO;NO APLICA;ACTIVA MOVILIDAD II SPA  ;ACTIVA MOVILIDAD II SPA  ;LEASING;;;;;;;;;;;;;;;;;;;;
;1413;09-10-2025;8;TFCL69;;DESISTIMIENTO;GENERICO;NO;NO APLICA;ACTIVA MOVILIDAD II SPA  ;ACTIVA MOVILIDAD II SPA  ;LEASING;;;;;;;;;;;;;;;;;;;;
;1413;09-10-2025;9;TBRT38;;DESISTIMIENTO;GENERICO;NO;NO APLICA;ACTIVA MOVILIDAD II SPA  ;ACTIVA MOVILIDAD II SPA  ;LEASING;;;;;;;;;;;;;;;;;;;;
;1413;09-10-2025;10;SWZP47;;DESISTIMIENTO;GENERICO;NO;NO APLICA;ACTIVA MOVILIDAD II SPA  ;ACTIVA MOVILIDAD II SPA  ;LEASING;;;;;;;;;;;;;;;;;;;;
;1413;09-10-2025;11;SWDS18;;ADJUDICADO;GENERICO;NO;TRANSFERIDO;ACTIVA MOVILIDAD II SPA  ;ACTIVA MOVILIDAD II SPA  ;LEASING;;;;;;;;;;;;;;;20-10-2025;21-10-2025;;;;17-11-2025
;1413;09-10-2025;12;SWDR88;;ADJUDICADO;GENERICO;NO;TRANSFERIDO;ACTIVA MOVILIDAD II SPA  ;ACTIVA MOVILIDAD II SPA  ;LEASING;;;;;;;;;;;;;;;13-10-2025;15-10-2025;;;;12-11-2025
;1413;09-10-2025;13;SLHF12;;ADJUDICADO;GENERICO;NO;TRANSFERIDO;ACTIVA MOVILIDAD II SPA  ;ACTIVA MOVILIDAD II SPA  ;LEASING;;;;;;;;;;;;;;;20-10-2025;21-10-2025;;;;17-11-2025
;1413;09-10-2025;14;SLKF49;;ADJUDICADO;GENERICO;NO;TRANSFERIDO;ACTIVA MOVILIDAD II SPA  ;ACTIVA MOVILIDAD II SPA  ;LEASING;;;;;;;;;;;;;;;20-10-2025;21-10-2025;;;;17-11-2025
;1413;09-10-2025;15;TFHV24;;ADJUDICADO;GENERICO;NO;TRANSFERIDO;ACTIVA MOVILIDAD II SPA  ;ACTIVA MOVILIDAD II SPA  ;LEASING;;;;;;;;;;;;;;;20-10-2025;21-10-2025;;;;17-11-2025
;1413;09-10-2025;16;SGYK98;;ADJUDICADO;GENERICO;NO;TRANSFERIDO;ACTIVA MOVILIDAD II SPA  ;ACTIVA MOVILIDAD II SPA  ;LEASING;;;;;;;;;;;;;;;20-10-2025;21-10-2025;;;;17-11-2025
;1413;09-10-2025;17;TTKW50;;ADJUDICADO;GENERICO;NO;TRANSFERIDO;SANTANDER CONSUMER FINANCE LIMITADA  ;SANTANDER CONSUMER;BFE;;;;;;;;;;;;;;;20-10-2025;21-10-2025;;;;17-11-2025
;1413;09-10-2025;18;RBBG74;;ADJUDICADO;GENERICO;NO;TRANSFERIDO;ACTIVA MOVILIDAD II SPA  ;ACTIVA MOVILIDAD II SPA  ;LEASING;;;;;;;;;;;;;;;20-10-2025;21-10-2025;;;;17-11-2025
;1413;09-10-2025;19;TJSZ21;25250053284;ADJUDICADO;MERA;NO;TRANSFERIDO;ACTIVA MOVILIDAD II SPA  ;ACTIVA MOVILIDAD II SPA  ;LEASING;;;;;;;;;;;;;;;20-10-2025;21-10-2025;;;;17-11-2025
;1413;09-10-2025;20;SSWY97;;ADJUDICADO;GENERICO;NO;TRANSFERIDO;ACTIVA MOVILIDAD II SPA  ;ACTIVA MOVILIDAD II SPA  ;LEASING;;;;;;;;;;;;;;;20-10-2025;21-10-2025;;;;17-11-2025
;1413;09-10-2025;21;SSWZ59;;ADJUDICADO;GENERICO;NO;TRANSFERIDO;ACTIVA MOVILIDAD II SPA  ;ACTIVA MOVILIDAD II SPA  ;LEASING;;;;;;;;;;;;;;;20-10-2025;21-10-2025;;;;17-11-2025
;1413;09-10-2025;22;SSWZ53;25250082358;ADJUDICADO;GENERICO;NO;TRANSFERIDO;ACTIVA MOVILIDAD II SPA  ;ACTIVA MOVILIDAD II SPA  ;LEASING;;;;;;;;;;;;;;;20-10-2025;21-10-2025;;;;17-11-2025
;1413;09-10-2025;23;SSWY58;;ADJUDICADO;GENERICO;NO;TRANSFERIDO;ACTIVA MOVILIDAD II SPA  ;ACTIVA MOVILIDAD II SPA  ;LEASING;;;;;;;;;;;;;;;20-10-2025;21-10-2025;;;;17-11-2025
;1413;09-10-2025;24;KZSJ41;;ADJUDICADO;GENERICO;NO;TRANSFERIDO;SANTANDER CONSUMER FINANCE LIMITADA  ;SANTANDER CONSUMER;BFE;;;;;;;;;;;;;;;20-10-2025;21-10-2025;;;;18-11-2025
;1413;09-10-2025;25;RTPY42;;ADJUDICADO;GENERICO;NO;TRANSFERIDO;SANTANDER CONSUMER FINANCE LIMITADA  ;SANTANDER CONSUMER;BFE;;;;;;;;;;;;;;;20-10-2025;21-10-2025;;;;18-11-2025
;1414;16-10-2025;1;RSYF38;;ADJUDICADO;GENERICO;NO;TRANSFERIDO;LEASING PIE ANDINO SA;EURO RENT A CAR SA  ;AUTOMOTORAS;;;;;;;;;;;;;;;27-10-2025;29-10-2025;;;;01-12-2025
;1414;16-10-2025;2;SSVP81;;ADJUDICADO;MERA;NO;TRANSFERIDO;ITAU CORPBANCA  ;EURO RENT A CAR SA  ;AUTOMOTORAS;;;;;;;;;;;;;;;18-11-2025;02-01-2026;;;;12-02-2026
;1414;16-10-2025;3;TFCP13;25250037733;ADJUDICADO;GENERICO;NO;TRANSFERIDO;ACTIVA MOVILIDAD II SPA  ;ACTIVA MOVILIDAD II SPA  ;LEASING;;;;;;;;;;;;;;;27-10-2025;29-10-2025;;;;01-12-2025
;1414;16-10-2025;4;TCFT84;;ADJUDICADO;GENERICO;NO;TRANSFERIDO;ACTIVA MOVILIDAD II SPA  ;ACTIVA MOVILIDAD II SPA  ;LEASING;;;;;;;;;;;;;;;27-10-2025;29-10-2025;;;;01-12-2025
;1414;16-10-2025;5;TBRS74;25250037923;ADJUDICADO;GENERICO;NO;TRANSFERIDO;LA ESTRELLA LEASING LTDA  ;ACTIVA MOVILIDAD II SPA  ;LEASING;;;;;;;;;;;;;;;02-12-2025;03-12-2025;;;;07-01-2025
;1414;16-10-2025;6;SWDR87;;ADJUDICADO;GENERICO;NO;TRANSFERIDO;ACTIVA MOVILIDAD II SPA  ;ACTIVA MOVILIDAD II SPA  ;LEASING;;;;;;;;;;;;;;;27-10-2025;29-10-2025;;;;01-12-2025
;1414;16-10-2025;7;SFZZ73;;ADJUDICADO;GENERICO;NO;TRANSFERIDO;ACTIVA MOVILIDAD II SPA  ;ACTIVA MOVILIDAD II SPA  ;LEASING;;;;;;;;;;;;;;;27-10-2025;29-10-2025;;;;01-12-2025
;1414;16-10-2025;8;SFZZ18;;ADJUDICADO;GENERICO;NO;TRANSFERIDO;ACTIVA MOVILIDAD II SPA  ;ACTIVA MOVILIDAD II SPA  ;LEASING;;;;;;;;;;;;;;;27-10-2025;29-10-2025;;;;01-12-2025
;1414;16-10-2025;9;SFZZ30;25250037295;ADJUDICADO;GENERICO;NO;TRANSFERIDO;ACTIVA MOVILIDAD II SPA  ;ACTIVA MOVILIDAD II SPA  ;LEASING;;;;;;;;;;;;;;;27-10-2025;29-10-2025;;;;01-12-2025
;1414;16-10-2025;10;SLHF47;;ADJUDICADO;GENERICO;NO;TRANSFERIDO;ACTIVA MOVILIDAD II SPA  ;ACTIVA MOVILIDAD II SPA  ;LEASING;;;;;;;;;;;;;;;27-10-2025;29-10-2025;;;;01-12-2025
;1414;16-10-2025;11;SLKF50;;ADJUDICADO;GENERICO;NO;TRANSFERIDO;ACTIVA MOVILIDAD II SPA  ;ACTIVA MOVILIDAD II SPA  ;LEASING;;;;;;;;;;;;;;;27-10-2025;29-10-2025;;;;01-12-2025
;1414;16-10-2025;12;SJYY83;;DESISTIMIENTO;GENERICO;NO;NO APLICA;ACTIVA MOVILIDAD II SPA  ;ACTIVA MOVILIDAD II SPA  ;LEASING;;;;;;;;;;;;;;;;;;;;
;1414;16-10-2025;13;SVFT16;;ADJUDICADO;GENERICO;NO;TRANSFERIDO;ACTIVA MOVILIDAD II SPA  ;ACTIVA MOVILIDAD II SPA  ;LEASING;;;;;;;;;;;;;;;27-10-2025;29-10-2025;;;;01-12-2025
;1414;16-10-2025;14;SSWZ98;;ADJUDICADO;GENERICO;NO;TRANSFERIDO;ACTIVA MOVILIDAD II SPA  ;ACTIVA MOVILIDAD II SPA  ;LEASING;;;;;;;;;;;;;;;27-10-2025;29-10-2025;;;;01-12-2025
;1414;16-10-2025;15;SSXB23;;ADJUDICADO;GENERICO;NO;TRANSFERIDO;ACTIVA MOVILIDAD II SPA  ;ACTIVA MOVILIDAD II SPA  ;LEASING;;;;;;;;;;;;;;;27-10-2025;29-10-2025;;;;01-12-2025
;1414;16-10-2025;16;SDKL53;;ADJUDICADO;GENERICO;NO;TRANSFERIDO;ACTIVA MOVILIDAD II SPA  ;ACTIVA MOVILIDAD II SPA  ;LEASING;;;;;;;;;;;;;;;27-10-2025;29-10-2025;;;;01-12-2025
;1414;16-10-2025;17;RDJT85;;ADJUDICADO;GENERICO;NO;TRANSFERIDO;SOC. INMOBILIARIA Y DE INVERSIONES SGRC LTDA.  ;AMAZON RENT A CAR SPA  ;BFE;;;;;;;;;;;;;;;27-10-2025;10-11-2025;;;;15-12-2025
;1414;16-10-2025;18;PGHD52;;ADJUDICADO;GENERICO;NO;TRANSFERIDO;SOC. INMOBILIARIA Y DE INVERSIONES SGRC LTDA.  ;AMAZON RENT A CAR SPA  ;BFE;;;;;;;;;;;;;;;27-10-2025;29-10-2025;;;;01-12-2025
;1414;16-10-2025;19;PBXW11;25250037469;ADJUDICADO;GENERICO;NO;TRANSFERIDO;SOC. INMOBILIARIA Y DE INVERSIONES SGRC LTDA.  ;AMAZON RENT A CAR SPA  ;BFE;;;;;;;;;;;;;;;27-10-2025;29-10-2025;;;;01-12-2025
;1414;16-10-2025;20;SYTF38;25250037154;ADJUDICADO;GENERICO;NO;TRANSFERIDO;AMAZON RENT A CAR SPA  ;AMAZON RENT A CAR SPA  ;BFE;;;;;;;;;;;;;;;27-10-2025;29-10-2025;;27-11-2025;02-12-2025;07-01-2025
;1415;23-10-2025;1;SJFY54;;ADJUDICADO;MERA;SI;TRANSFERIDO;BANCO DE CHILE  ;SANTA INES II SPA MITTA;COMPRADIRECTA;;;;;;;14-04-2026;11-05-2026;11-05-2026;12-05-2026;12-05-2026;12-05-2026;;;12-05-2026;14-05-2026;;;;17-06-2026
;1415;23-10-2025;2;RHSF63;;ADJUDICADO;MERA;SI;TRANSFERIDO;BANCO DE CRÉDITO E INVERSIONES;SANTA INES II SPA MITTA;COMPRADIRECTA;;;;;;;11-11-2025;19-11-2025;20-11-2025;25-11-2025;25-11-2025;26-11-2025;;;01-12-2025;03-12-2025;;;;07-01-2025
;1415;23-10-2025;3;SVBP20;;ADJUDICADO;GENERICO;NO;TRANSFERIDO;EUROPARTS SPA;EUROPARTS SPA;AUTOMOTORAS;;;;;;;;;;;;;;;03-11-2025;04-11-2025;;;;09-12-2025
;1415;23-10-2025;4;RYZF96;;ADJUDICADO;GENERICO;NO;TRANSFERIDO;SANTANDER CONSUMER FINANCE LIMITADA  ;SANTANDER CONSUMER;BFE;;;;;;;;;;;;;;;03-11-2025;04-11-2025;;;;15-12-2025
;1415;23-10-2025;5;SSVS28;;ADJUDICADO;MERA;NO;TRANSFERIDO;ITAU CORPBANCA  ;EURO RENT A CAR SA  ;AUTOMOTORAS;;;;;;;;;;;;;;;30-10-2025;01-06-2026;;;;14-07-2026
;1415;23-10-2025;6;TJPC36;;ADJUDICADO;GENERICO;NO;TRANSFERIDO;ACTIVA MOVILIDAD II SPA  ;ACTIVA MOVILIDAD II SPA  ;LEASING;;;;;;;;;;;;;;;03-11-2025;04-11-2025;;;;09-12-2025
;1415;23-10-2025;7;SSWY95;;ADJUDICADO;GENERICO;NO;TRANSFERIDO;ACTIVA MOVILIDAD II SPA  ;ACTIVA MOVILIDAD II SPA  ;LEASING;;;;;;;;;;;;;;;03-11-2025;04-11-2025;;;;09-12-2025
;1415;23-10-2025;9;SDKL46;;ADJUDICADO;GENERICO;NO;TRANSFERIDO;ACTIVA MOVILIDAD II SPA  ;ACTIVA MOVILIDAD II SPA  ;LEASING;;;;;;;;;;;;;;;03-11-2025;04-11-2025;;;;09-12-2025
;1415;23-10-2025;10;PFCG54;;ADJUDICADO;GENERICO;NO;TRANSFERIDO;SOC. INMOBILIARIA Y DE INVERSIONES SGRC LTDA.  ;Soc. Inmobiliaria y De Inversiones SGRC Ltda.  ;BFE;;;;;;;;;;;;;;;03-11-2025;04-11-2025;;;;09-12-2025
;1415;23-10-2025;11;SYTP56;;ADJUDICADO;GENERICO;NO;TRANSFERIDO;AMAZON RENT A CAR SPA  ;AMAZON RENT A CAR SPA  ;BFE;;;;;;;;;;;;;;;03-11-2025;04-11-2025;;;;09-12-2025
;1415;23-10-2025;13;RGFR21;;ADJUDICADO;GENERICO;NO;TRANSFERIDO;SOC. INMOBILIARIA Y DE INVERSIONES SGRC LTDA.  ;Soc. Inmobiliaria y De Inversiones SGRC Ltda.  ;BFE;;;;;;;;;;;;;;;03-11-2025;04-11-2025;;;;09-12-2025
;1415;23-10-2025;16;SBPF11;;ADJUDICADO;GENERICO;NO;TRANSFERIDO;ACTIVA MOVILIDAD II SPA  ;ACTIVA MOVILIDAD II SPA  ;LEASING;;;;;;;;;;;;;;;03-11-2025;04-11-2025;;;;09-12-2025
;1415;23-10-2025;18;SDHB38;;ADJUDICADO;GENERICO;NO;TRANSFERIDO;SANTANDER CONSUMER FINANCE LIMITADA  ;SANTANDER CONSUMER;BFE;;;;;;;;;;;;;;;03-11-2025;04-11-2025;;;;09-12-2025
;1415;23-10-2025;21;JSDV49;25250012702;ADJUDICADO;GENERICO;NO;TRANSFERIDO;TANNER SERVICIOS FINANCIEROS S.A  ;Tanner Servicios Financieros S.A  ;BFE;;;;;;;;;;;;;;;03-11-2025;04-11-2025;;;;09-12-2025
;1415;23-10-2025;22;SWKC78;;ADJUDICADO;GENERICO;NO;TRANSFERIDO;SANTANDER CONSUMER FINANCE LIMITADA  ;SANTANDER CONSUMER;BFE;;;;;;;;;;;;;;;03-11-2025;04-11-2025;;;;09-12-2025
;1415;23-10-2025;24;LZCL85;;ADJUDICADO;GENERICO;NO;TRANSFERIDO;SANTANDER CONSUMER FINANCE LIMITADA  ;SANTANDER CONSUMER;BFE;;;;;;;;;;;;;;;03-11-2025;04-11-2025;;;;09-12-2025
;1415;23-10-2025;20;KZCB74;25250012579;ADJUDICADO;GENERICO;NO;TRANSFERIDO;TANNER SERVICIOS FINANCIEROS S.A  ;Tanner Servicios Financieros S.A  ;BFE;;;;;;;;;;;;;;;03-11-2025;04-11-2025;;;;09-12-2025
;1415;23-10-2025;14;PGHD46;25250012538;ADJUDICADO;GENERICO;NO;TRANSFERIDO;SOC. INMOBILIARIA Y DE INVERSIONES SGRC LTDA.  ;Soc. Inmobiliaria y De Inversiones SGRC Ltda.  ;BFE;;;;;;;;;;;;;;;03-11-2025;04-11-2025;;;;09-12-2025
;1415;23-10-2025;12;RDJJ99;79110039389;ADJUDICADO;GENERICO;NO;TRANSFERIDO;SOC. INMOBILIARIA Y DE INVERSIONES SGRC LTDA.  ;Soc. Inmobiliaria y De Inversiones SGRC Ltda.  ;BFE;;;;;;;;;;;;;;;03-11-2025;04-11-2025;;;;09-12-2025
;1415;23-10-2025;25;RDKK13;25250012397;ADJUDICADO;GENERICO;NO;TRANSFERIDO;TANNER SERVICIOS FINANCIEROS S.A  ;Tanner Servicios Financieros S.A  ;BFE;;;;;;;;;;;;;;;03-11-2025;04-11-2025;;;;09-12-2025
;1415;23-10-2025;19;SJWY85;25250012066;ADJUDICADO;GENERICO;NO;TRANSFERIDO;TANNER SERVICIOS FINANCIEROS S.A  ;Tanner Servicios Financieros S.A  ;BFE;;;;;;;;;;;;;;;03-11-2025;04-11-2025;;;;09-12-2025
;1415;23-10-2025;17;SKGJ55;25250012314;ADJUDICADO;GENERICO;NO;TRANSFERIDO;ACTIVA MOVILIDAD II SPA  ;ACTIVA MOVILIDAD II SPA  ;LEASING;;;;;;;;;;;;;;;03-11-2025;04-11-2025;;;;09-12-2025
;1415;23-10-2025;8;SSXB28;25250012710;ADJUDICADO;GENERICO;NO;TRANSFERIDO;ACTIVA MOVILIDAD II SPA  ;ACTIVA MOVILIDAD II SPA  ;LEASING;;;;;;;;;;;;;;;03-11-2025;04-11-2025;;;;09-12-2025
;1415;23-10-2025;15;TCFV47;25250012041;ADJUDICADO;GENERICO;NO;TRANSFERIDO;ACTIVA MOVILIDAD II SPA  ;ACTIVA MOVILIDAD II SPA  ;LEASING;;;;;;;;;;;;;;;03-11-2025;04-11-2025;;;;09-12-2025
;1415;23-10-2025;23;TCJD24;25250012025;ADJUDICADO;GENERICO;NO;TRANSFERIDO;SANTANDER CONSUMER FINANCE LIMITADA  ;SANTANDER CONSUMER;BFE;;;;;;;;;;;;;;;03-11-2025;04-11-2025;;;;09-12-2025
;1417;30-10-2025;19;RXKZ83;25250006787;ADJUDICADO;GENERICO;NO;TRANSFERIDO;TANNER SERVICIOS FINANCIEROS S.A  ;Tanner Servicios Financieros S.A  ;BFE;;;;;;;;;;;;;;;10-11-2025;11-11-2025;;;;15-12-2025
;1417;30-10-2025;1;STHP64;;ADJUDICADO;DERIVACION;SI;TRANSFERIDO;GUSTAVO ANDRÉS CALDERÓN LEÓN  ;SANTA INES II SPA KAVAK;COMPRADIRECTA;;;;;;;;;;;;;;;10-11-2025;11-11-2025;;;;16-12-2025
;1417;30-10-2025;2;RZGG55;;ADJUDICADO;GENERICO;NO;TRANSFERIDO;ACTIVA MOVILIDAD II SPA  ;ACTIVA MOVILIDAD II SPA  ;LEASING;;;;;;;;;;;;;;;10-11-2025;11-11-2025;;;;15-12-2025
;1417;30-10-2025;3;SVBP18;;ADJUDICADO;GENERICO;NO;TRANSFERIDO;EUROPARTS SPA;EUROPARTS SPA;AUTOMOTORAS;;;;;;;;;;;;;;;10-11-2025;11-11-2025;;;;15-12-2025
;1417;30-10-2025;4;SJBR26;;ADJUDICADO;DERIVACION;SI;TRANSFERIDO;HÉCTOR RENÉ OLATE ORELLANA  ;SANTA INES II SPA KAVAK;COMPRADIRECTA;;;;;;;;;;;;;;;10-11-2025;10-11-2025;;;;16-12-2025
;1417;30-10-2025;5;SLHF45;78490046147;ADJUDICADO;GENERICO;NO;TRANSFERIDO;ACTIVA MOVILIDAD II SPA  ;ACTIVA MOVILIDAD II SPA  ;LEASING;;;;;;;;;;;;;;;10-11-2025;12-11-2025;;;;16-12-2025
;1417;30-10-2025;6;RTLD97;;ANULACION;MERA;NO;NO APLICA;SCOTIABANK CHILE  ;LEASING DEL PACIFICO SPA ;LEASING;;;;;;;;;;;;;;;;;;;;
;1417;30-10-2025;7;RYLV73;;ADJUDICADO;MERA;NO;TRANSFERIDO;SCOTIABANK CHILE  ;LEASING DEL PACIFICO SPA ;LEASING;;;;;;;28-04-2026;11-05-2026;11-05-2026;12-05-2026;12-05-2026;12-05-2026;;;12-05-2026;14-05-2026;;;;17-06-2026
;1417;30-10-2025;8;PTCB20;;ADJUDICADO;MERA;NO;TRANSFERIDO;BANCO DE CHILE  ;LEASING DEL PACIFICO SPA ;LEASING;;;;;;;14-04-2026;11-05-2026;11-05-2026;12-05-2026;12-05-2026;12-05-2026;;;12-05-2026;14-05-2026;;;;17-06-2026
;1417;30-10-2025;9;LFLR36;;ADJUDICADO;LIQ;NO;GESTION MACAL;GERARDINE ALVEAR PARRA  ;LIQUIDACION;LIQUIDACIONES;[17/NOV] SE INSISTIRA DEL AREA LEGAL AL LIQUIDADOR PARA QUE REALICE GESTION DE ALZAMIENTO ;17-11-2025;;;;;;;;;;;;;;;;;;
;1417;30-10-2025;10;KRHF44;;ADJUDICADO;GENERICO;NO;TRANSFERIDO;LEASING DEL PACIFICO SPA ;LEASING DEL PACIFICO SPA ;LEASING;;;;;;;;;;;;;;;10-11-2025;11-11-2025;;;;15-12-2025
;1417;30-10-2025;11;TJPC46;;ADJUDICADO;GENERICO;NO;TRANSFERIDO;ACTIVA MOVILIDAD II SPA  ;ACTIVA MOVILIDAD II SPA  ;LEASING;;;;;;;;;;;;;;;10-11-2025;11-11-2025;;;;15-12-2025
;1417;30-10-2025;12;SSWZ80;;ADJUDICADO;GENERICO;NO;TRANSFERIDO;ACTIVA MOVILIDAD II SPA  ;ACTIVA MOVILIDAD II SPA  ;LEASING;;;;;;;;;;;;;;;10-11-2025;11-11-2025;;;;15-12-2025
;1417;30-10-2025;13;SDKL45;;ADJUDICADO;GENERICO;NO;TRANSFERIDO;ACTIVA MOVILIDAD II SPA  ;ACTIVA MOVILIDAD II SPA  ;LEASING;;;;;;;;;;;;;;;10-11-2025;11-11-2025;;;;15-12-2025
;1417;30-10-2025;14;SDKL47;;ADJUDICADO;GENERICO;NO;TRANSFERIDO;ACTIVA MOVILIDAD II SPA  ;ACTIVA MOVILIDAD II SPA  ;LEASING;;;;;;;;;;;;;;;10-11-2025;11-11-2025;;;;15-12-2025
;1417;30-10-2025;15;SDKL52;;ADJUDICADO;GENERICO;NO;TRANSFERIDO;ACTIVA MOVILIDAD II SPA  ;ACTIVA MOVILIDAD II SPA  ;LEASING;;;;;;;;;;;;;;;10-11-2025;11-11-2025;;;;15-12-2025
;1417;30-10-2025;16;TFCL55;;ADJUDICADO;GENERICO;NO;TRANSFERIDO;ACTIVA MOVILIDAD II SPA  ;ACTIVA MOVILIDAD II SPA  ;LEASING;;;;;;;;;;;;;;;10-11-2025;11-11-2025;;;;15-12-2025
;1417;30-10-2025;17;TBRT38;;DESISTIMIENTO;GENERICO;NO;NO APLICA;ACTIVA MOVILIDAD II SPA  ;ACTIVA MOVILIDAD II SPA  ;LEASING;;;;;;;;;;;;;;;;;;;;
;1417;30-10-2025;18;SBGC52;;ADJUDICADO;LIQ;NO;GESTION MACAL;SEBASTIÁN ALEJANDRO POBLETE GUZMÁN  ;LIQUIDACION;LIQUIDACIONES;[17/NOV] SE INSISTIRA DEL AREA LEGAL AL LIQUIDADOR PARA QUE REALICE GESTION DE ALZAMIENTO ;17-11-2025;;;;;;;;;;;;;;;;;;
;1423;06-11-2025;15;PGBT93;;ADJUDICADO;DERIVACION;SI;TRANSFERIDO;ALEJANDRA VALESKA CÁCERES GALLARDO  ;SANTA INES II SPA KAVAK;COMPRADIRECTA;;;;;;;;;;;;;;;18-11-2025;19-11-2025;;;;23-12-2025
;1423;06-11-2025;17;SSXB60;82420143933;ADJUDICADO;GENERICO;NO;TRANSFERIDO;ACTIVA MOVILIDAD II SPA  ;ACTIVA MOVILIDAD II SPA  ;LEASING;;;;;;;;;;;;;;;17-11-2025;18-11-2025;;;;22-12-2025
;1423;06-11-2025;8;SVCT59;83250152382;ADJUDICADO;GENERICO;NO;TRANSFERIDO;ACTIVA MOVILIDAD II SPA  ;ACTIVA MOVILIDAD II SPA  ;LEASING;;;;;;;;;;;;;;;17-11-2025;18-11-2025;;;;22-12-2025
;1423;06-11-2025;1;TDDL30;;ADJUDICADO;DERIVACION;SI;TRANSFERIDO;UVI TECH CHILE SPA ;SANTA INES II SPA KAVAK;COMPRADIRECTA;;;;;;;;;;;;;;;18-11-2025;20-11-2025;;;;13-01-2026
;1423;06-11-2025;2;SVBP27;82420150060;ADJUDICADO;GENERICO;NO;TRANSFERIDO;EUROPARTS SPA;EUROPARTS SPA;AUTOMOTORAS;;;;;;;;;;;;;;;17-11-2025;18-11-2025;;;;22-12-2025
;1423;06-11-2025;4;TBRT39;;ADJUDICADO;GENERICO;NO;TRANSFERIDO;ACTIVA MOVILIDAD II SPA  ;ACTIVA MOVILIDAD II SPA  ;LEASING;;;;;;;;;;;;;;;17-11-2025;18-11-2025;;;;22-12-2025
;1423;06-11-2025;5;TFCL69;;ADJUDICADO;GENERICO;NO;TRANSFERIDO;ACTIVA MOVILIDAD II SPA  ;ACTIVA MOVILIDAD II SPA  ;LEASING;;;;;;;;;;;;;;;17-11-2025;18-11-2025;;;;22-12-2025
;1423;06-11-2025;6;TBRT33;;ADJUDICADO;GENERICO;NO;TRANSFERIDO;ACTIVA MOVILIDAD II SPA  ;ACTIVA MOVILIDAD II SPA  ;LEASING;;;;;;;;;;;;;;;17-11-2025;18-11-2025;;;;22-12-2025
;1423;06-11-2025;7;SWZP47;;ADJUDICADO;GENERICO;NO;TRANSFERIDO;ACTIVA MOVILIDAD II SPA  ;ACTIVA MOVILIDAD II SPA  ;LEASING;;;;;;;;;;;;;;;17-11-2025;18-11-2025;;;;22-12-2025
;1423;06-11-2025;9;SFZZ90;;ADJUDICADO;GENERICO;NO;TRANSFERIDO;ACTIVA MOVILIDAD II SPA  ;ACTIVA MOVILIDAD II SPA  ;LEASING;;;;;;;;;;;;;;;17-11-2025;18-11-2025;;;;22-12-2025
;1423;06-11-2025;10;SJYY83;;ADJUDICADO;GENERICO;NO;TRANSFERIDO;ACTIVA MOVILIDAD II SPA  ;ACTIVA MOVILIDAD II SPA  ;LEASING;;;;;;;;;;;;;;;17-11-2025;18-11-2025;;;;22-12-2025
;1423;06-11-2025;11;SGFS59;82470426303;ADJUDICADO;DERIVACION;SI;TRANSFERIDO;ISIDORA ALEJANDRA RIVERA VILLASECA  ;SANTA INES II SPA KAVAK;COMPRADIRECTA;;;;;;;;;;;;;;;18-11-2025;19-11-2025;;;;23-12-2025
;1423;06-11-2025;12;PSJV45;;ADJUDICADO;GENERICO;NO;TRANSFERIDO;SERGIO SONIS Y CIA LTDA  ;Sonis Chile RRHH SPA  ;BFE;;;;;;;;;;;;;;;17-11-2025;18-11-2025;;;;22-12-2025
;1423;06-11-2025;16;JKJS98;;ADJUDICADO;DERIVACION;SI;TRANSFERIDO;SEBASTIÁN ALEXIS GONZÁLEZ PARRA  ;SANTA INES II SPA KAVAK;COMPRADIRECTA;;;;;;;;;;;;;;;18-11-2025;19-11-2025;;;;23-12-2025
;1423;06-11-2025;18;SSXB58;;ADJUDICADO;GENERICO;NO;TRANSFERIDO;ACTIVA MOVILIDAD II SPA  ;ACTIVA MOVILIDAD II SPA  ;LEASING;;;;;;;;;;;;;;;17-11-2025;20-11-2025;;;;23-12-2025
;1423;06-11-2025;20;RFYX39;81080216153;ADJUDICADO;GENERICO;NO;TRANSFERIDO;SERGIO SONIS Y CIA LTDA  ;Sonis Chile RRHH SPA  ;BFE;;;;;;;;;;;;;;;17-11-2025;18-11-2025;;;;22-12-2025
;1423;06-11-2025;21;RFYX23;;ADJUDICADO;GENERICO;NO;TRANSFERIDO;SERGIO SONIS Y CIA LTDA  ;Sonis Chile RRHH SPA  ;BFE;;;;;;;;;;;;;;;17-11-2025;18-11-2025;;;;22-12-2025
;1424;13-11-2025;2;KVDX11;81170116131;ADJUDICADO;GENERICO;NO;TRANSFERIDO;PICKUP RENT SPA  ;PICKUP RENT SPA  ;BFE;;;;;;;;;;;;;;;24-11-2025;26-11-2025;;;;30-12-2025
;1424;13-11-2025;12;RSFC99;82140691047;ADJUDICADO;GENERICO;NO;TRANSFERIDO;SANTANDER CONSUMER FINANCE LIMITADA  ;SANTANDER CONSUMER;BFE;;;;;;;;;;;;;;;24-11-2025;26-11-2025;;;;30-12-2025
;1424;13-11-2025;3;SHBL41;81500373626;ADJUDICADO;MERA;SI;TRANSFERIDO;BANCO SECURITY  ;SANTA INES II SPA MITTA;COMPRADIRECTA;;;;;;;01-12-2025;23-12-2025;23-12-2025;30-12-2025;15-01-2026;16-01-2026;;;19-01-2026;20-01-2026;;;;21-02-2026
;1424;13-11-2025;1;RSPY12;;ADJUDICADO;MERA;NO;GESTION MACAL;LA ESTRELLA LEASING LTDA  ;ACTIVA MOVILIDAD II SPA  ;LEASING;[14/05] MERA TENENCIA LA ESTRELLA;14-05-2026;;;;;;;;;;;;;;;;;;
;1424;13-11-2025;6;SYTF46;82210202501;ADJUDICADO;GENERICO;NO;TRANSFERIDO;AMAZON RENT A CAR SPA  ;AMAZON RENT A CAR SPA  ;BFE;;;;;;;;;;;;;;;24-11-2025;26-11-2025;;;;29-12-2025
;1424;13-11-2025;4;SWGX14;;ADJUDICADO;GENERICO;NO;TRANSFERIDO;EUROPARTS SPA . .;EUROPARTS SPA;BFE;;;;;;;;;;;;;;;24-11-2025;27-11-2025;;;;31-12-2025
;1424;13-11-2025;5;RHHG26;;ADJUDICADO;GENERICO;NO;TRANSFERIDO;SANTANDER CONSUMER FINANCE LIMITADA  ;SANTANDER CONSUMER;BFE;;;;;;;;;;;;;;;24-11-2025;26-11-2025;;;;30-12-2025
;1424;13-11-2025;7;PBXV36;;ADJUDICADO;GENERICO;NO;TRANSFERIDO;SOC. INMOBILIARIA Y DE INVERSIONES SGRC LTDA.  ;SOC. INMOBILIARIA Y DE INVERSIONES SGRC LTDA.  ;BFE;;;;;;;;;;;;;;;24-11-2025;26-11-2025;;;;30-12-2025
;1424;13-11-2025;8;PCCV81;;ADJUDICADO;GENERICO;NO;TRANSFERIDO;SANTANDER CONSUMER FINANCE LIMITADA  ;SANTANDER CONSUMER;BFE;;;;;;;;;;;;;;;24-11-2025;26-11-2025;;;;30-12-2025
;1424;13-11-2025;9;SGBF86;;ADJUDICADO;GENERICO;NO;TRANSFERIDO;SANTANDER CONSUMER FINANCE LIMITADA  ;SANTANDER CONSUMER;BFE;;;;;;;;;;;;;;;24-11-2025;26-11-2025;;;;30-12-2025
;1424;13-11-2025;10;RBWR54;81080224363;ADJUDICADO;GENERICO;NO;TRANSFERIDO;SANTANDER CONSUMER FINANCE LIMITADA  ;SANTANDER CONSUMER;BFE;;;;;;;;;;;;;;;24-11-2025;26-11-2025;;;;30-12-2025
;1424;13-11-2025;11;RYJV31;;ADJUDICADO;GENERICO;NO;TRANSFERIDO;SANTANDER CONSUMER FINANCE LIMITADA  ;SANTANDER CONSUMER;BFE;;;;;;;;;;;;;;;24-11-2025;26-11-2025;;;;30-12-2025
;1424;13-11-2025;13;SSXV63;;ADJUDICADO;GENERICO;NO;TRANSFERIDO;SANTANDER CONSUMER FINANCE LIMITADA  ;SANTANDER CONSUMER;BFE;;;;;;;;;;;;;;;24-11-2025;26-11-2025;;;;30-12-2025
;1424;13-11-2025;14;LRHK42;;ADJUDICADO;GENERICO;NO;TRANSFERIDO;SANTANDER CONSUMER FINANCE LIMITADA  ;SANTANDER CONSUMER;BFE;;;;;;;;;;;;;;;24-11-2025;26-11-2025;;;;30-12-2025
;1424;13-11-2025;15;SLVS52;;ADJUDICADO;GENERICO;NO;TRANSFERIDO;SANTANDER CONSUMER FINANCE LIMITADA  ;SANTANDER CONSUMER;BFE;;;;;;;;;;;;;;;24-11-2025;26-11-2025;;;;30-12-2025
;1425;20-11-2025;18;LCFH64;83290183389;ADJUDICADO;GENERICO;NO;TRANSFERIDO;SANTANDER CONSUMER FINANCE LIMITADA  ;SANTANDER CONSUMER;BFE;;;;;;;;;;;;;;;01-12-2025;03-12-2025;;;;07-01-2025
;1425;20-11-2025;1;RZTR61;81500279567;ADJUDICADO;GENERICO;NO;TRANSFERIDO;SANTANDER CONSUMER FINANCE LIMITADA  ;SANTANDER CONSUMER;BFE;;;;;;;;;;;;;;;01-12-2025;03-12-2025;;;;07-01-2025
;1425;20-11-2025;14;SYTF43;79400124164;ADJUDICADO;GENERICO;NO;TRANSFERIDO;AMAZON RENT A CAR SPA  ;AMAZON RENT A CAR SPA  ;BFE;;;;;;;;;;;;;;;01-12-2025;03-12-2025;;;;07-01-2025
;1425;20-11-2025;2;TCRC79;;ADJUDICADO;DERIVACION;SI;TRANSFERIDO;DIEGO ANTONIO CHÁVEZ VARGAS  ;SANTA INES II SPA KAVAK;COMPRADIRECTA;;;;;;;;;;;;;;;04-12-2025;09-12-2025;;;;20-01-2026
;1425;20-11-2025;3;SHBL43;82220198970;ADJUDICADO;MERA;SI;TRANSFERIDO;BANCO SECURITY  ;SANTA INES II SPA MITTA;COMPRADIRECTA;;;;;;;01-12-2025;23-12-2025;23-12-2025;30-12-2025;15-01-2026;16-01-2026;;;19-01-2026;20-01-2026;;;;21-02-2026
;1425;20-11-2025;4;KFYW18;;ADJUDICADO;DERIVACION;SI;TRANSFERIDO;EDUARDO ANTONIO CALDERÓN FUENTES  ;SANTA INES II SPA KAVAK;COMPRADIRECTA;;;;;;;;;;;;;;;04-12-2025;09-12-2025;;;;20-01-2026
;1425;20-11-2025;5;LSKX53;;ADJUDICADO;DERIVACION;SI;TRANSFERIDO;JAIRZINHO SMIT PACPAC MACEDO  ;SANTA INES II SPA KAVAK;COMPRADIRECTA;;;;;;;;;;;;;;;04-12-2025;09-12-2025;;;;20-01-2026
;1425;20-11-2025;6;SLGS53;82220215204;ADJUDICADO;GENERICO;NO;TRANSFERIDO;SANTANDER CONSUMER FINANCE LIMITADA  ;SANTANDER CONSUMER;BFE;;;;;;;;;;;;;;;01-12-2025;03-12-2025;;;;07-01-2025
;1425;20-11-2025;7;TBRT38;;ADJUDICADO;GENERICO;NO;TRANSFERIDO;ACTIVA MOVILIDAD II SPA  ;ACTIVA MOVILIDAD II SPA  ;LEASING;;;;;;;;;;;;;;;01-12-2025;03-12-2025;;;;07-01-2025
;1425;20-11-2025;8;PPHP15;83290032750;ADJUDICADO;DERIVACION;SI;TRANSFERIDO;LUZ MARCELA AGOSIN ORELLANA  ;SANTA INES II SPA KAVAK;COMPRADIRECTA;;;;;;;;;;;;;;;04-12-2025;09-12-2025;;;;20-01-2026
;1425;20-11-2025;9;FXCH33;;ADJUDICADO;GENERICO;NO;GESTION MACAL;PABLO ANDRÉS CONTRERAS SÁNCHEZ  ;PABLO ANDRÉS CONTRERAS SÁNCHEZ  ;BFE;[07/04] UNIDAD SERA TRANSFERIDA POR VERITUS SIN ACTUALIZACIONES ;07-04-2026;;;;;;;;;;;;;;;;;;
;1425;20-11-2025;10;SKDR58;;ADJUDICADO;GENERICO;NO;TRANSFERIDO;SANTANDER CONSUMER FINANCE LIMITADA  ;SANTANDER CONSUMER;BFE;;;;;;;;;;;;;;;01-12-2025;03-12-2025;;;;07-01-2025
;1425;20-11-2025;11;KPXF32;;ADJUDICADO;GENERICO;NO;TRANSFERIDO;TRAZA RENT A CAR VEHICULOS Y MAQUINARIAS LIMITADA  ;TRAZA RENT A CAR VEHICULOS Y MAQUINARIAS LIMITADA  ;BFE;;;;;;;;;;;;;;;01-12-2025;03-12-2025;;;;07-01-2025
;1425;20-11-2025;12;SYTF37;;ADJUDICADO;GENERICO;NO;TRANSFERIDO;AMAZON RENT A CAR SPA  ;AMAZON RENT A CAR SPA  ;BFE;;;;;;;;;;;;;;;01-12-2025;03-12-2025;;;;07-01-2025
;1425;20-11-2025;13;SYTF50;;ADJUDICADO;GENERICO;NO;TRANSFERIDO;AMAZON RENT A CAR SPA  ;AMAZON RENT A CAR SPA  ;BFE;;;;;;;;;;;;;;;01-12-2025;18-12-2025;;27-01-2026;24-03-2026;29-04-2026
;1425;20-11-2025;15;TBDG55;;ADJUDICADO;GENERICO;NO;TRANSFERIDO;SANTANDER CONSUMER FINANCE LIMITADA  ;SANTANDER CONSUMER;BFE;;;;;;;;;;;;;;;01-12-2025;03-12-2025;;;;07-01-2025
;1425;20-11-2025;16;SSKG57;;ADJUDICADO;GENERICO;NO;TRANSFERIDO;SANTANDER CONSUMER FINANCE LIMITADA  ;SANTANDER CONSUMER;BFE;;;;;;;;;;;;;;;01-12-2025;03-12-2025;;;;07-01-2025
;1425;20-11-2025;17;SGHS94;;ADJUDICADO;DERIVACION;SI;TRANSFERIDO;ANDRES ARTURO BATTISTINI DIAZ  ;SANTA INES II SPA KAVAK;COMPRADIRECTA;;;;;;;;;;;;;;;04-12-2025;09-12-2025;;;;20-01-2026
;1425;20-11-2025;19;RRDF13;82470430404;ADJUDICADO;GENERICO;NO;TRANSFERIDO;SANTANDER CONSUMER FINANCE LIMITADA  ;SANTANDER CONSUMER;BFE;;;;;;;;;;;;;;;01-12-2025;03-12-2025;;;;07-01-2025
;1425;20-11-2025;20;VKCJ23;;SIN POSTOR;DERIVACION;NO;NO APLICA;AUTOMOTRIZ CORDILLERA S.A.  ;UVI TECH CHILE SPA;AUTOMOTORAS;;;;;;;;;;;;;;;;;;;;
;1425;20-11-2025;21;VKCH46;;SIN POSTOR;DERIVACION;NO;NO APLICA;AUTOMOTRIZ CORDILLERA S.A.  ;UVI TECH CHILE SPA;AUTOMOTORAS;;;;;;;;;;;;;;;;;;;;
;1425;20-11-2025;22;VKCG23;;SIN POSTOR;DERIVACION;NO;NO APLICA;AUTOMOTRIZ CORDILLERA S.A.  ;UVI TECH CHILE SPA;AUTOMOTORAS;;;;;;;;;;;;;;;;;;;;
;1425;20-11-2025;23;RSTV23;;ADJUDICADO;GENERICO;NO;TRANSFERIDO;SANTANDER CONSUMER FINANCE LIMITADA  ;SANTANDER CONSUMER;BFE;;;;;;;;;;;;;;;01-12-2025;03-12-2025;;;;07-01-2025
;1426;27-11-2025;20;TK1940;25301668106;ADJUDICADO;LIQ;NO;TRANSFERIDO;RAFAEL ALBERTO ARMIJO HIDALGO  ;LIQUIDACION;LIQUIDACIONES;;;;;;;;;;;;;;;09-12-2025;15-12-2025;;;;16-01-2026
;1426;27-11-2025;14;SDKL58;25301668841;ADJUDICADO;GENERICO;NO;TRANSFERIDO;ACTIVA MOVILIDAD II SPA  ;ACTIVA MOVILIDAD II SPA  ;LEASING;;;;;;;;;;;;;;;09-12-2025;10-12-2025;;;;14-01-2026
;1426;27-11-2025;1;PZDS18;;ADJUDICADO;DERIVACION;SI;TRANSFERIDO;CARLA DEL PILAR CARVAJAL CANCINO  ;SANTA INES II SPA KAVAK;COMPRADIRECTA;;;;;;;;;;;;;;;10-12-2025;10-12-2025;;;;20-01-2026
;1426;27-11-2025;2;LTXG61;25301668759;ADJUDICADO;LIQ;NO;TRANSFERIDO;JORGE LUIS RODRIGUEZ TOVAR  ;LIQUIDACION;LIQUIDACIONES;;;;;;;;;;;;;;;10-04-2026;17-04-2026;;;;20-05-2026
;1426;27-11-2025;3;HCFR43;;ADJUDICADO;GENERICO;NO;TRANSFERIDO;TANNER SERVICIOS FINANCIEROS S.A  ;Tanner Servicios Financieros S.A  ;BFE;;;;;;;;;;;;;;;09-12-2025;10-12-2025;;;;14-01-2026
;1426;27-11-2025;4;SCGJ55;;ADJUDICADO;GENERICO;NO;TRANSFERIDO;COMERCIAL MOTORES DE LOS ANDES LIMITADA  ;ACTIVA MOVILIDAD II SPA  ;LEASING;;;;;;;;;;;;;;;09-12-2025;15-12-2025;;;;16-01-2026
;1426;27-11-2025;5;SWGX13;;ADJUDICADO;GENERICO;NO;TRANSFERIDO;EUROPARTS SPA . .;EUROPARTS SPA;BFE;;;;;;;;;;;;;;;09-12-2025;10-12-2025;;;;14-01-2026
;1426;27-11-2025;6;MA0002;;ANULACION;GENERICO;NO;NO APLICA;DERCO SPA;Derco SpA  ;AUTOMOTORAS;;;;;;;;;;;;;;;16-12-2025;22-12-2025;;;;
;1426;27-11-2025;7;MA0003;;ANULACION;GENERICO;NO;NO APLICA;DERCO SPA;Derco SpA  ;AUTOMOTORAS;;;;;;;;;;;;;;;16-12-2025;22-12-2025;;;;
;1426;27-11-2025;8;JLBF98;25301668544;ADJUDICADO;GENERICO;NO;TRANSFERIDO;TANNER SERVICIOS FINANCIEROS S.A  ;Tanner Servicios Financieros S.A  ;BFE;;;;;;;;;;;;;;;09-12-2025;10-12-2025;;;;14-01-2026
;1426;27-11-2025;9;JRYK26;;ADJUDICADO;DERIVACION;SI;TRANSFERIDO;GABRIEL GUERRERO ROJAS  ;SANTA INES II SPA KAVAK ;COMPRADIRECTA;;;;;;;;;;;;;;;10-12-2025;10-12-2025;;;;20-01-2026
;1426;27-11-2025;10;PGWK40;;ADJUDICADO;GENERICO;NO;TRANSFERIDO;TANNER SERVICIOS FINANCIEROS S.A  ;Tanner Servicios Financieros S.A  ;BFE;;;;;;;;;;;;;;;09-12-2025;10-12-2025;;;;14-01-2026
;1426;27-11-2025;11;RBDB20;;SIN POSTOR;LIQ;NO;NO APLICA;TRANSPORTES LILIUM SPA  ;LIQUIDACION;LIQUIDACIONES;;;;;;;;;;;;;;;;;;;;
;1426;27-11-2025;12;JKSD49;;ADJUDICADO;LIQ;NO;GESTION MACAL;TECNOLOGIA E INGENIERIA SPA.  ;LIQUIDACION;LIQUIDACIONES;;;;;;;;;;;;;;;;;;;;
;1426;27-11-2025;15;SYTF51;;ADJUDICADO;GENERICO;NO;TRANSFERIDO;AMAZON RENT A CAR SPA  ;AMAZON RENT A CAR SPA  ;BFE;;;;;;;;;;;;;;;09-12-2025;18-12-2025;;;;20-01-2026
;1426;27-11-2025;16;SYTF39;25301668833;ADJUDICADO;GENERICO;NO;TRANSFERIDO;AMAZON RENT A CAR SPA  ;AMAZON RENT A CAR SPA  ;BFE;;;;;;;;;;;;;;;09-12-2025;10-12-2025;;;;14-01-2026
;1426;27-11-2025;17;SYTF41;;ADJUDICADO;GENERICO;NO;TRANSFERIDO;AMAZON RENT A CAR SPA  ;AMAZON RENT A CAR SPA  ;BFE;;;;;;;;;;;;;;;09-12-2025;10-12-2025;;;;14-01-2026
;1426;27-11-2025;18;SYTF49;;ADJUDICADO;GENERICO;NO;TRANSFERIDO;AMAZON RENT A CAR SPA  ;AMAZON RENT A CAR SPA  ;BFE;;;;;;;;;;;;;;;09-12-2025;10-12-2025;;;;14-01-2026
;1426;27-11-2025;21;GTYF64;;ADJUDICADO;GENERICO;NO;TRANSFERIDO;TANNER SERVICIOS FINANCIEROS S.A  ;Tanner Servicios Financieros S.A  ;BFE;;;;;;;;;;;;;;;09-12-2025;10-12-2025;;;;14-01-2026
;1426;27-11-2025;22;WT2407;;ANULACION;LIQ;NO;NO APLICA;DIEGO ORLANDO HUERTA GONZÁLEZ  ;LIQUIDACION;LIQUIDACIONES;[09/DIC] SE ENVIO A TOTAL Y SE FRENA TRANSFERENCIA, TOTAL DICE QUE YA SE PAGO Y QUE SE FRENO TRANSFERENCIA;09-12-2025;;;;;;;;;;;;;09-12-2025;;;;;
;1426;27-11-2025;23;MA0001;;ANULACION;GENERICO;NO;NO APLICA;SOCIEDAD MOBILE TRACK SpA;SOCIEDAD MOBILE TRACK SpA;AUTOMOTORAS;;;;;;;;;;;;;;;;;;;;
;1426;27-11-2025;24;ZP7082;;SIN POSTOR;LIQ;NO;NO APLICA;LIDIA STEFANY MARÍA LÓPEZ HERNÁNDEZ  ;LIQUIDACION;LIQUIDACIONES;;;;;;;;;;;;;;;;;;;;
;1431;04-12-2025;1;TBSK21;;ADJUDICADO;MERA;NO;TRANSFERIDO;ITAU CORPBANCA  ;EURO RENT A CAR SA  ;BFE;;;;;;;;;;;;;;;15-12-2025;30-01-2026;;;;07-04-2026
;1431;04-12-2025;2;MA0004;;ANULACION;GENERICO;NO;NO APLICA;DERCO SPA;Derco SpA  ;AUTOMOTORAS;;;;;;;;;;;;;;;17-12-2025;22-12-2025;;;;
;1431;04-12-2025;3;MA0005;;ANULACION;GENERICO;NO;NO APLICA;DERCO SPA;Derco SpA  ;AUTOMOTORAS;;;;;;;;;;;;;;;17-12-2025;22-12-2025;;;;
;1431;04-12-2025;4;LRBS41;;ADJUDICADO;DERIVACION;SI;TRANSFERIDO;GERMÁN ALEJANDRO VON MARTTENS CASTRO  ;SANTA INES II SPA KAVAK;COMPRADIRECTA;;;;;;;;;;;;;;;16-12-2025;16-12-2025;;;;20-01-2026
;1431;04-12-2025;5;RDLH40;;ADJUDICADO;GENERICO;NO;TRANSFERIDO;TANNER SERVICIOS FINANCIEROS S.A  ;Tanner Servicios Financieros S.A  ;BFE;;;;;;;;;;;;;;;15-12-2025;16-12-2025;;;;20-01-2026
;1431;04-12-2025;6;SGGY36;25301701162;ADJUDICADO;GENERICO;NO;TRANSFERIDO;TANNER SERVICIOS FINANCIEROS S.A  ;Tanner Servicios Financieros S.A  ;BFE;;;;;;;;;;;;;;;15-12-2025;16-12-2025;;;;20-01-2026
;1431;04-12-2025;7;SSWS96;;ADJUDICADO;DERIVACION;SI;TRANSFERIDO;JUAN ANDRÉS FREDES NÚÑEZ  ;SANTA INES II SPA KAVAK;COMPRADIRECTA;;;;;;;;;;;;;;;16-12-2025;16-12-2025;;;;20-01-2026
;1431;04-12-2025;8;PGHD53;;ADJUDICADO;GENERICO;NO;TRANSFERIDO;SOC. INMOBILIARIA Y DE INVERSIONES SGRC LTDA.  ;Soc. Inmobiliaria y De Inversiones SGRC Ltda.  ;BFE;;;;;;;;;;;;;;;15-12-2025;16-12-2025;;;;20-01-2026
;1431;04-12-2025;9;SYTF52;25301701709;ADJUDICADO;GENERICO;NO;TRANSFERIDO;AMAZON RENT A CAR SPA  ;AMAZON RENT A CAR SPA  ;BFE;;;;;;;;;;;;;;;15-12-2025;16-12-2025;;;;20-01-2026
;1431;04-12-2025;10;SYTF42;;ADJUDICADO;GENERICO;NO;TRANSFERIDO;AMAZON RENT A CAR SPA  ;AMAZON RENT A CAR SPA  ;BFE;;;;;;;;;;;;;;;15-12-2025;16-12-2025;;;;20-01-2026
;1431;04-12-2025;11;SYTF48;;ADJUDICADO;GENERICO;NO;TRANSFERIDO;AMAZON RENT A CAR SPA  ;AMAZON RENT A CAR SPA  ;BFE;;;;;;;;;;;;;;;15-12-2025;16-12-2025;;;;20-01-2026
;1431;04-12-2025;12;SYTP55;;DESISTIMIENTO;GENERICO;NO;NO APLICA;AMAZON RENT A CAR SPA  ;AMAZON RENT A CAR SPA  ;BFE;;;;;;;;;;;;;;;;;;;;
;1431;04-12-2025;13;SYTF53;;ADJUDICADO;GENERICO;NO;TRANSFERIDO;AMAZON RENT A CAR SPA  ;AMAZON RENT A CAR SPA  ;BFE;;;;;;;;;;;;;;;15-12-2025;16-12-2025;;;;20-01-2026
;1431;04-12-2025;14;SYTF45;;ADJUDICADO;GENERICO;NO;TRANSFERIDO;AMAZON RENT A CAR SPA  ;AMAZON RENT A CAR SPA  ;BFE;;;;;;;;;;;;;;;15-12-2025;16-12-2025;;;;20-01-2026
;1432;11-12-2025;1;TSYB91;;ADJUDICADO;GENERICO;NO;TRANSFERIDO;SANTANDER CONSUMER FINANCE LIMITADA  ;SANTANDER CONSUMER;BFE;;;;;;;;;;;;;;;22-12-2025;23-12-2025;;;;28-01-2026
;1432;11-12-2025;2;MA0006;;ANULACION;GENERICO;NO;NO APLICA;DERCO SPA;Derco SpA  ;AUTOMOTORAS;;;;;;;;;;;;;;;19-12-2025;22-12-2025;;;;
;1432;11-12-2025;3;MA0007;;ANULACION;GENERICO;NO;NO APLICA;DERCO SPA;Derco SpA  ;AUTOMOTORAS;;;;;;;;;;;;;;;19-12-2025;22-12-2025;;;;
;1432;11-12-2025;4;TBSJ90;;ADJUDICADO;MERA;NO;TRANSFERIDO;ITAU CORPBANCA  ;EURO RENT A CAR SA  ;BFE;;;;;;;;;;;;;;;22-12-2025;14-01-2026;;;;07-04-2026
;1432;11-12-2025;5;LKJY42;;ADJUDICADO;DERIVACION;SI;TRANSFERIDO;OLX LATAM CAR GROUP SPA  ;SANTA INES II SPA OLX;COMPRADIRECTA;;;;;;;;;;;;;;;22-12-2025;24-12-2025;;;;28-01-2026
;1432;11-12-2025;6;VBHS80;;ADJUDICADO;DERIVACION;SI;TRANSFERIDO;AUTOMOTRIZ CORDILLERA S.A.  ;SANTA INES II SPA OLX;COMPRADIRECTA;;;;;;;;;;;;;;;22-12-2025;23-12-2025;;;;28-01-2026
;1432;11-12-2025;7;TCRL72;25301671175;ADJUDICADO;MERA;NO;TRANSFERIDO;ITAU CORPBANCA  ;EURO RENT A CAR SA  ;BFE;;;;;;;;;;;;;;;22-12-2025;14-01-2026;;;;07-04-2026
;1432;11-12-2025;8;RTLD97;;DESISTIMIENTO;MERA;NO;NO APLICA;SCOTIABANK CHILE  ;MITTA;BFE;;;;;;;;;;;;;;;;;;;;
;1432;11-12-2025;9;SSVS31;;ADJUDICADO;MERA;NO;TRANSFERIDO;ITAU CORPBANCA  ;EURO RENT A CAR SA  ;BFE;;;;;;;;;;;;;;;22-12-2025;14-01-2026;;;;07-04-2026
;1432;11-12-2025;10;KKRH46;25301671605;ADJUDICADO;GENERICO;NO;TRANSFERIDO;LEASING DEL PACIFICO SPA ;LEASING DEL PACIFICO SPA ;LEASING;;;;;;;;;;;;;;;22-12-2025;23-12-2025;;;;28-01-2026
;1432;11-12-2025;11;LFSX90;;DESISTIMIENTO;GENERICO;NO;NO APLICA;PICKUP RENT SPA  ;PICKUP RENT SPA  ;AUTOMOTORAS;;;;;;;;;;;;;;;;;;;;
;1432;11-12-2025;12;RJKS11;;DESISTIMIENTO;GENERICO;NO;NO APLICA;TANNER SERVICIOS FINANCIEROS S.A  ;Tanner Servicios Financieros S.A  ;BFE;;;;;;;;;;;;;;;;;;;;
;1432;11-12-2025;13;STVW86;;ADJUDICADO;GENERICO;NO;TRANSFERIDO;SANTANDER CONSUMER FINANCE LIMITADA  ;SANTANDER CONSUMER;BFE;;;;;;;;;;;;;;;22-12-2025;23-12-2025;;;;28-01-2026
;1432;11-12-2025;14;JZLZ52;25301671449;ADJUDICADO;GENERICO;NO;TRANSFERIDO;TANNER SERVICIOS FINANCIEROS S.A  ;Tanner Servicios Financieros S.A  ;BFE;;;;;;;;;;;;;;;22-12-2025;23-12-2025;;;;28-01-2026
;1432;11-12-2025;15;SYTF44;;ADJUDICADO;GENERICO;NO;TRANSFERIDO;AMAZON RENT A CAR SPA  ;AMAZON RENT A CAR SPA  ;BFE;;;;;;;;;;;;;;;22-12-2025;23-12-2025;;;;28-01-2026
;1432;11-12-2025;16;SYTP57;;ADJUDICADO;GENERICO;NO;TRANSFERIDO;AMAZON RENT A CAR SPA  ;AMAZON RENT A CAR SPA  ;BFE;;;;;;;;;;;;;;;22-12-2025;23-12-2025;;;;28-01-2026
;1432;11-12-2025;17;GHDP79;25301671316;ADJUDICADO;GENERICO;NO;TRANSFERIDO;ANDRÉS EDUARDO CARRERA OLIVEROS  ;EZENTIS CHILE S.A;BFE;;;;;;;;;;;;;;;15-01-2026;15-01-2026;;;;19-02-2026
;1432;11-12-2025;18;KDLT91;;ADJUDICADO;GENERICO;NO;TRANSFERIDO;SOC. INMOBILIARIA Y DE INVERSIONES SGRC LTDA.  ;Soc. Inmobiliaria y De Inversiones SGRC Ltda.  ;BFE;;;;;;;;;;;;;;;22-12-2025;23-12-2025;;;;28-01-2026
;1432;11-12-2025;19;PXTT77;25301671506;ADJUDICADO;GENERICO;NO;TRANSFERIDO;SANTANDER CONSUMER FINANCE LIMITADA  ;SANTANDER CONSUMER;BFE;;;;;;;;;;;;;;;22-12-2025;23-12-2025;;;;28-01-2026
;1432;11-12-2025;20;RDSJ97;25301671084;ADJUDICADO;GENERICO;NO;TRANSFERIDO;TANNER SERVICIOS FINANCIEROS S.A  ;Tanner Servicios Financieros S.A  ;BFE;;;;;;;;;;;;;;;22-12-2025;23-12-2025;;;;28-01-2026
;1433;18-12-2025;1;SWPD74;;ADJUDICADO;DERIVACION;SI;TRANSFERIDO;PSA CHILE SA  ;SANTA INES II SPA KAVAK;COMPRADIRECTA;;;;;;;;;;;;;;;30-12-2025;02-01-2026;;;;12-02-2026
;1433;18-12-2025;2;SWPF31;;ADJUDICADO;DERIVACION;SI;TRANSFERIDO;PSA CHILE SA  ;SANTA INES II SPA KAVAK;COMPRADIRECTA;;;;;;;;;;;;;;;30-12-2025;02-01-2026;;;;12-02-2026
;1433;18-12-2025;3;PYSF79;;ADJUDICADO;GENERICO;SI;TRANSFERIDO;ARVAL RELSA SPA ;SANTA INES II SPA RELSA;COMPRADIRECTA;;;;;;;;;;;;;;;29-12-2025;31-12-2025;;;;04-02-2026
;1433;18-12-2025;4;PDXG61;;ADJUDICADO;GENERICO;SI;TRANSFERIDO;SANTA INES II SPA  ;SANTA INES II SPA RELSA;COMPRADIRECTA;;;;;;;;;;;;;;;29-12-2025;31-12-2025;;30-01-2026;05-02-2026;19-03-2026
;1433;18-12-2025;5;SJGF81;;ADJUDICADO;GENERICO;SI;TRANSFERIDO;ALD AUTOMOTIVE LIMITADA .;SANTA INES II SPA ALD;COMPRADIRECTA;;;;;;;;;;;;;;;09-01-2026;12-01-2025;;;;16-02-2026
;1433;18-12-2025;6;SCBT25;58090517374;ADJUDICADO;GENERICO;NO;TRANSFERIDO;TANNER SERVICIOS FINANCIEROS S.A  ;Tanner Servicios Financieros S.A  ;BFE;;;;;;;;;;;;;;;29-12-2025;31-12-2025;;31-01-2026;05-02-2026;19-03-2026
;1433;18-12-2025;7;RTLD97;;DESISTIMIENTO;MERA;NO;NO APLICA;SCOTIABANK CHILE  ;LEASING DEL PACIFICO SPA ;LEASING;;;;;;;;;;;;;;;;;;;;
;1433;18-12-2025;8;SGPT45;78490173339;ADJUDICADO;GENERICO;NO;TRANSFERIDO;L & A OTAROLA SPA  ;PARTICULAR;PARTICULARES;;;;;;;;;;;;;;;29-12-2025;31-12-2025;;;;04-02-2026
;1433;18-12-2025;9;RJKS11;;ADJUDICADO;GENERICO;NO;TRANSFERIDO;TANNER SERVICIOS FINANCIEROS S.A  ;Tanner Servicios Financieros S.A  ;BFE;;;;;;;;;;;;;;;29-12-2025;31-12-2025;;30-01-2026;05-02-2026;19-03-2026
;1433;18-12-2025;10;KDVW99;;ADJUDICADO;LIQ;NO;SOLICITUD DE TRANSFERENCIA;EMPRESA CONSTRUCTORA RS SPA  ;LIQUIDACION;LIQUIDACIONES;;;;;;;;;;;;;;;24-07-2026;28-07-2026;;;;
;1433;18-12-2025;11;UT6843;;ADJUDICADO;LIQ;NO;TRANSFERIDO;FELIPE IGNACIO MELÉNDEZ SAN MARTÍN  ;LIQUIDACION;LIQUIDACIONES;;;;;;;;;;;;;;;13-01-2026;14-01-2026;;;;16-02-2026
;1433;18-12-2025;12;RHKG44;58140533371;ADJUDICADO;GENERICO;NO;TRANSFERIDO;KARSHARING SPA  ;ACTIVA MOVILIDAD II SPA  ;LEASING;;;;;;;;;;;;;;;29-12-2025;31-12-2025;;;;04-02-2026
;1433;18-12-2025;13;SLKJ36;;ADJUDICADO;GENERICO;SI;TRANSFERIDO;ARVAL RELSA SPA ;SANTA INES II SPA RELSA;COMPRADIRECTA;;;;;;;;;;;;;;;09-01-2026;12-01-2025;;;;16-02-2026
;1433;18-12-2025;14;RTCY49;;ADJUDICADO;GENERICO;SI;TRANSFERIDO;ARVAL RELSA SPA ;SANTA INES II SPA RELSA;COMPRADIRECTA;;;;;;;;;;;;;;;09-01-2026;15-01-2026;;;;19-02-2026
;1433;18-12-2025;15;SYTP55;;ADJUDICADO;GENERICO;NO;TRANSFERIDO;AMAZON RENT A CAR SPA  ;AMAZON RENT A CAR SPA  ;BFE;;;;;;;;;;;;;;;29-12-2025;31-12-2025;;30-01-2026;05-02-2026;19-03-2026
;1433;18-12-2025;16;RBPV85;;ADJUDICADO;GENERICO;NO;TRANSFERIDO;TANNER SERVICIOS FINANCIEROS S.A  ;Tanner Servicios Financieros S.A  ;BFE;;;;;;;;;;;;;;;29-12-2025;31-12-2025;;;;04-02-2026
;1433;18-12-2025;17;SLHD91;;ADJUDICADO;DERIVACION;SI;TRANSFERIDO;MARIA YOLANDA PAEZ  ;SANTA INES II SPA OLX;COMPRADIRECTA;;;;;;;;;;;;;;;29-12-2025;30-12-2025;;;;12-02-2026
;1433;18-12-2025;18;SJFH27;;DESISTIMIENTO;LIQ;NO;NO APLICA;PAOLA ANDREA ESCOBAR GÓMEZ  ;LIQUIDACION;LIQUIDACIONES;;;;;;;;;;;;;;;;;;;;
;1433;18-12-2025;19;KDZV46;;ADJUDICADO;GENERICO;NO;TRANSFERIDO;TANNER SERVICIOS FINANCIEROS S.A  ;Tanner Servicios Financieros S.A  ;BFE;;;;;;;;;;;;;;;29-12-2025;31-12-2025;;;;04-02-2026
;1433;18-12-2025;20;JXFJ16;;ADJUDICADO;GENERICO;NO;TRANSFERIDO;SOC. INMOBILIARIA Y DE INVERSIONES SGRC LTDA.  ;Soc. Inmobiliaria y De Inversiones SGRC Ltda.  ;BFE;;;;;;;;;;;;;;;29-12-2025;31-12-2025;;;;04-02-2026
;1433;18-12-2025;21;JHTD15;;ADJUDICADO;GENERICO;NO;TRANSFERIDO;SOC. INMOBILIARIA Y DE INVERSIONES SGRC LTDA.  ;Soc. Inmobiliaria y De Inversiones SGRC Ltda.  ;BFE;;;;;;;;;;;;;;;29-12-2025;31-12-2025;;;;04-02-2026
;1433;18-12-2025;22;GBPY96;;SIN POSTOR;GENERICO;NO;NO APLICA;TANNER SERVICIOS FINANCIEROS S.A  ;Tanner Servicios Financieros S.A  ;BFE;;;;;;;;;;;;;;;;;;;;
;1433;18-12-2025;23;ZP7082;;ADJUDICADO;LIQ;NO;GESTION MACAL;LIDIA STEFANY MARÍA LÓPEZ HERNÁNDEZ  ;LIQUIDACION;LIQUIDACIONES;;;;;;;;;;;;;;;;;;;;
;1437;08-01-2026;10;RTLD97;58090417476;ADJUDICADO;MERA;NO;TRANSFERIDO;SCOTIABANK CHILE  ;LEASING DEL PACIFICO SPA ;LEASING;;;;;;;28-04-2026;11-05-2026;11-05-2026;12-05-2026;12-05-2026;12-05-2026;;;12-05-2026;14-05-2026;;;;17-06-2026
;1437;08-01-2026;1;TBSX42;;ADJUDICADO;DERIVACION;NO;TRANSFERIDO;PSA CHILE SA  ;COMERCIAL SAINT GERMAIN SA  ;AUTOMOTORAS;;;;;;;;;;;;;;;12-02-2026;14-02-2026;;;;14-04-2026
;1437;08-01-2026;2;MA0008;;ADJUDICADO;GENERICO;NO;NO APLICA;KAUFMANN SA;KAUFMANN SA  ;AUTOMOTORAS;[04/MAR] PRIMERA INSCRIPCION A CARGO DE KAUFMANN;;;;;;;;;;;;;;;;;;;
;1437;08-01-2026;3;MA0009;;DESISTIMIENTO;GENERICO;NO;NO APLICA;KAUFMANN SA;KAUFMANN SA  ;AUTOMOTORAS;;;;;;;;;;;;;;;;;;;;
;1437;08-01-2026;4;MA0010;;SIN POSTOR;GENERICO;NO;NO APLICA;KAUFMANN SA;KAUFMANN SA  ;AUTOMOTORAS;;;;;;;;;;;;;;;;;;;;
;1437;08-01-2026;5;MA0014;;SIN POSTOR;GENERICO;NO;NO APLICA;KAUFMANN SA;KAUFMANN SA  ;AUTOMOTORAS;;;;;;;;;;;;;;;;;;;;
;1437;08-01-2026;6;MA0015;;SIN POSTOR;GENERICO;NO;NO APLICA;KAUFMANN SA;KAUFMANN SA  ;AUTOMOTORAS;;;;;;;;;;;;;;;;;;;;
;1437;08-01-2026;7;MA0016;;SIN POSTOR;GENERICO;NO;NO APLICA;KAUFMANN SA;KAUFMANN SA  ;AUTOMOTORAS;;;;;;;;;;;;;;;;;;;;
;1437;08-01-2026;8;MA0017;;SIN POSTOR;GENERICO;NO;NO APLICA;KAUFMANN SA;KAUFMANN SA  ;AUTOMOTORAS;;;;;;;;;;;;;;;;;;;;
;1437;08-01-2026;9;SYHR44;;ADJUDICADO;DERIVACION;NO;TRANSFERIDO;PSA CHILE SA  ;COMERCIAL SAINT GERMAIN SA  ;AUTOMOTORAS;;;;;;;;;;;;;;;13-02-2026;14-02-2026;;;;14-04-2026
;1437;08-01-2026;11;GTVP39;57080089733;ADJUDICADO;GENERICO;NO;GESTION MACAL;ANDRITZ CHILE LTDA  ;KARCAL SPA  ;BFE;[14/04] SIN MANDATO PARA TRANSFERIR;14-04-2026;;;;;;;;;;;;;;;;;;
;1437;08-01-2026;12;RPSB30;;ADJUDICADO;GENERICO;NO;TRANSFERIDO;SANTANDER CONSUMER FINANCE LIMITADA  ;SANTANDER CONSUMER;BFE;;;;;;;;;;;;;;;19-01-2026;20-01-2026;;;;21-02-2026
;1437;08-01-2026;13;FXCL80;79400087049;ADJUDICADO;GENERICO;NO;GESTION MACAL;ANDRITZ CHILE LTDA  ;ANDRITZ CHILE LTDA  ;BFE;[14/04] SIN MANDATO PARA TRANSFERIR;14-04-2026;;;;;;;;;;;;;;;;;;
;1437;08-01-2026;15;TFCB32;;ADJUDICADO;DERIVACION;NO;TRANSFERIDO;PSA CHILE SA  ;COMERCIAL SAINT GERMAIN SA  ;AUTOMOTORAS;;;;;;;;;;;;;;;11-02-2026;14-02-2026;;;;14-04-2026
;1437;08-01-2026;16;TBXV39;;ADJUDICADO;DERIVACION;NO;TRANSFERIDO;PSA CHILE SA  ;COMERCIAL SAINT GERMAIN SA  ;AUTOMOTORAS;;;;;;;;;;;;;;;11-02-2026;14-02-2026;;;;14-04-2026
;1437;08-01-2026;17;TCRP32;;DESISTIMIENTO;MERA;NO;NO APLICA;ITAU CORPBANCA  ;EURO RENT A CAR SA  ;BFE;;;;;;;;;;;;;;;;;;;;
;1437;08-01-2026;18;TFJZ19;;ADJUDICADO;GENERICO;NO;TRANSFERIDO;SANTANDER CONSUMER FINANCE LIMITADA  ;SANTANDER CONSUMER;BFE;;;;;;;;;;;;;;;19-01-2026;20-01-2026;;;;21-02-2026
;1437;08-01-2026;19;TCRP36;;ADJUDICADO;MERA;NO;TRANSFERIDO;ITAU CORPBANCA  ;EURO RENT A CAR SA  ;BFE;;;;;;;;;;;;;;;19-01-2026;30-01-2026;;;;07-04-2026
;1437;08-01-2026;20;JRVZ58;;ADJUDICADO;GENERICO;NO;TRANSFERIDO;JUAN CARLOS MORA WALTEMATH  ;JUAN CARLOS MORA WALTEMATH  ;BFE;;;;;;;;;;;;;;;19-01-2026;20-01-2026;;;;21-02-2026
;1437;08-01-2026;21;SSKD41;;ADJUDICADO;GENERICO;NO;TRANSFERIDO;SANTANDER CONSUMER FINANCE LIMITADA  ;SANTANDER CONSUMER;BFE;;;;;;;;;;;;;;;19-01-2026;20-01-2026;;;;21-02-2026
;1437;08-01-2026;22;SJRC97;;ANULACION;GENERICO;NO;NO APLICA;SANTANDER CONSUMER FINANCE LIMITADA  ;SANTANDER CONSUMER;BFE;ENCARGO POR CARABINEROS  API AUTOSEGURO  CONSULTAR  HOY 20-01 SE ENVIA  A BANCO ;20-01-2026;;;;;;;;;;;;;;;;;;
;1437;08-01-2026;23;GBPY96;;ADJUDICADO;GENERICO;NO;TRANSFERIDO;TANNER SERVICIOS FINANCIEROS S.A  ;TANNER SERVICIOS FINANCIEROS S.A  ;BFE;;;;;;;;;;;;;;;19-01-2026;20-01-2026;;;;21-02-2026
;1437;08-01-2026;24;MA0011;;SIN POSTOR;GENERICO;NO;NO APLICA;KAUFMANN SA;KAUFMANN SA  ;AUTOMOTORAS;;;;;;;;;;;;;;;;;;;;
;1437;08-01-2026;25;MA0012;;SIN POSTOR;GENERICO;NO;NO APLICA;KAUFMANN SA;KAUFMANN SA  ;AUTOMOTORAS;;;;;;;;;;;;;;;;;;;;
;1437;08-01-2026;26;MA0013;;SIN POSTOR;GENERICO;NO;NO APLICA;KAUFMANN SA;KAUFMANN SA  ;AUTOMOTORAS;;;;;;;;;;;;;;;;;;;;
;1437;08-01-2026;14;LFSX90;57050025295;ADJUDICADO;GENERICO;NO;TRANSFERIDO;PICKUP RENT SPA  ;PICKUP RENT SPA  ;AUTOMOTORAS;;;;;;;;;;;;;;;19-01-2026;20-01-2026;;;;21-02-2026
;1438;15-01-2026;1;TBSS99;;ADJUDICADO;DERIVACION;NO;TRANSFERIDO;PSA CHILE SA  ;COMERCIAL SAINT GERMAIN SA  ;BFE;;;;;;;;;;;;;;;11-02-2026;14-02-2026;;;;14-04-2026
;1438;15-01-2026;2;TCPH63;;ADJUDICADO;DERIVACION;NO;TRANSFERIDO;PSA CHILE SA  ;COMERCIAL SAINT GERMAIN SA  ;BFE;;;;;;;;;;;;;;;11-02-2026;14-02-2026;;;;14-04-2026
;1438;15-01-2026;3;SGWD37;;ADJUDICADO;DERIVACION;NO;TRANSFERIDO;PSA CHILE SA  ;COMERCIAL SAINT GERMAIN SA  ;BFE;;;;;;;;;;;;;;;11-02-2026;14-02-2026;;;;14-04-2026
;1438;15-01-2026;4;SGWD40;;ADJUDICADO;DERIVACION;NO;TRANSFERIDO;PSA CHILE SA  ;COMERCIAL SAINT GERMAIN SA  ;BFE;;;;;;;;;;;;;;;11-02-2026;14-02-2026;;;;14-04-2026
;1438;15-01-2026;5;MA0018;;ADJUDICADO;GENERICO;NO;NO APLICA;KAUFMANN SA;KAUFMANN SA  ;AUTOMOTORAS;[04/MAR] PRIMERA INSCRIPCION A CARGO DE KAUFMANN;;;;;;;;;;;;;;;;;;;
;1438;15-01-2026;6;MA0019;;ADJUDICADO;GENERICO;NO;NO APLICA;KAUFMANN SA;KAUFMANN SA  ;AUTOMOTORAS;[04/MAR] PRIMERA INSCRIPCION A CARGO DE KAUFMANN;;;;;;;;;;;;;;;;;;;
;1438;15-01-2026;7;TCPV98;;ADJUDICADO;DERIVACION;NO;TRANSFERIDO;PSA CHILE SA  ;COMERCIAL SAINT GERMAIN SA  ;BFE;;;;;;;;;;;;;;;11-02-2026;14-02-2026;;;;14-04-2026
;1438;15-01-2026;8;TBWT86;;ADJUDICADO;DERIVACION;NO;TRANSFERIDO;PSA CHILE SA  ;COMERCIAL SAINT GERMAIN SA  ;BFE;;;;;;;;;;;;;;;11-02-2026;15-02-2026;;;;14-04-2026
;1438;15-01-2026;9;TCPV67;;SIN POSTOR;DERIVACION;NO;NO APLICA;PSA CHILE SA  ;COMERCIAL SAINT GERMAIN SA  ;BFE;;;;;;;;;;;;;;;;;;;;
;1438;15-01-2026;10;TCXT96;;ADJUDICADO;DERIVACION;NO;TRANSFERIDO;PSA CHILE SA  ;COMERCIAL SAINT GERMAIN SA  ;BFE;;;;;;;;;;;;;;;11-02-2026;14-02-2026;;;;14-04-2026
;1438;15-01-2026;11;SLRY22;;SUSPENDIDA;DERIVACION;NO;NO APLICA;PSA CHILE SA  ;COMERCIAL SAINT GERMAIN SA  ;BFE;;;;;;;;;;;;;;;;;;;;
;1438;15-01-2026;12;SKDP19;;ADJUDICADO;DERIVACION;NO;TRANSFERIDO;PSA CHILE SA  ;COMERCIAL SAINT GERMAIN SA  ;BFE;;;;;;;;;;;;;;;11-02-2026;14-02-2026;;;;14-04-2026
;1438;15-01-2026;13;TCCP59;;ADJUDICADO;DERIVACION;SI;TRANSFERIDO;CÉSAR MAURICIO FORMAS CATALÁN  ;SANTA INES II SPA OLX;COMPRADIRECTA;;;;;;;;;;;;;;;28-01-2026;19-03-2026;;;;24-04-2026
;1438;15-01-2026;14;TCRP30;;DESISTIMIENTO;MERA;NO;NO APLICA;ITAU CORPBANCA  ;EURORENT;BFE;;;;;;;;;;;;;;;;;;;;
;1438;15-01-2026;15;SJFH27;;SIN POSTOR;LIQ;NO;NO APLICA;PAOLA ANDREA ESCOBAR GÓMEZ  ;LIQUIDACION;LIQUIDACIONES;;;;;;;;;;;;;;;;;;;;
;1438;15-01-2026;16;KXPR91;;ADJUDICADO;GENERICO;NO;TRANSFERIDO;SERV ESTEBAN JESUS CRISTI SALINAS EIRL  ;VANNET;BFE;;;;;;;;;;;;;;;27-01-2026;27-01-2026;;;;05-03-2026
;1438;15-01-2026;17;RHJB54;;ADJUDICADO;GENERICO;NO;TRANSFERIDO;SERV ESTEBAN JESUS CRISTI SALINAS EIRL  ;VANNET;BFE;;;;;;;;;;;;;;;27-01-2026;27-01-2026;;;;05-03-2026
;1438;15-01-2026;18;SDSH72;;ADJUDICADO;GENERICO;NO;TRANSFERIDO;SERV ESTEBAN JESUS CRISTI SALINAS EIRL  ;VANNET;BFE;;;;;;;;;;;;;;;27-01-2026;27-01-2026;;;;05-03-2026
;1438;15-01-2026;19;RDFD74;;ADJUDICADO;GENERICO;NO;TRANSFERIDO;SERV ESTEBAN JESUS CRISTI SALINAS EIRL  ;VANNET;BFE;;;;;;;;;;;;;;;27-01-2026;27-01-2026;;;;05-03-2026
;1439;22-01-2026;1;TBSX88;;ADJUDICADO;DERIVACION;NO;TRANSFERIDO;PSA CHILE SA  ;COMERCIAL SAINT GERMAIN SA  ;AUTOMOTORAS;;;;;;;;;;;;;;;25-02-2026;27-02-2026;;;;14-04-2026
;1439;22-01-2026;2;TBSY25;;ADJUDICADO;DERIVACION;NO;TRANSFERIDO;PSA CHILE SA  ;COMERCIAL SAINT GERMAIN SA  ;AUTOMOTORAS;;;;;;;;;;;;;;;25-02-2026;27-02-2026;;;;14-04-2026
;1439;22-01-2026;3;MA0010;;SIN POSTOR;GENERICO;NO;NO APLICA;KAUFMANN SA  ;KAUFMANN SA  ;AUTOMOTORAS;;;;;;;;;;;;;;;;;;;;
;1439;22-01-2026;4;TCRB43;;ADJUDICADO;DERIVACION;NO;TRANSFERIDO;PSA CHILE SA  ;COMERCIAL SAINT GERMAIN SA  ;AUTOMOTORAS;;;;;;;;;;;;;;;25-02-2026;27-02-2026;;;;14-04-2026
;1439;22-01-2026;5;TCRB62;;DESISTIMIENTO;DERIVACION;NO;NO APLICA;PSA CHILE SA  ;COMERCIAL SAINT GERMAIN SA  ;AUTOMOTORAS;;;;;;;;;;;;;;;;;;;;
;1439;22-01-2026;6;TCRJ74;;ADJUDICADO;DERIVACION;NO;TRANSFERIDO;PSA CHILE SA  ;COMERCIAL SAINT GERMAIN SA  ;AUTOMOTORAS;;;;;;;;;;;;;;;11-02-2026;14-02-2026;;;;14-04-2026
;1439;22-01-2026;7;TCPJ80;;ADJUDICADO;DERIVACION;NO;TRANSFERIDO;PSA CHILE SA  ;COMERCIAL SAINT GERMAIN SA  ;AUTOMOTORAS;;;;;;;;;;;;;;;11-02-2026;20-02-2026;;;;14-04-2026
;1439;22-01-2026;8;MA0028;;ADJUDICADO;GENERICO;NO;NO APLICA;KAUFMANN SA;KAUFMANN SA  ;AUTOMOTORAS;[04/MAR] PRIMERA INSCRIPCION A CARGO DE KAUFMANN;;;;;;;;;;;;;;;;;;;
;1439;22-01-2026;10;KLBK82;;ADJUDICADO;GENERICO;NO;TRANSFERIDO;MONSTER ENERGY COMPANY CHILE LTDA;MONSTER;BFE;;;;;;;;;;;;;;;16-04-2026;17-04-2026;;;;25-05-2026
;1439;22-01-2026;11;MA0011;;SIN POSTOR;GENERICO;NO;NO APLICA;KAUFMANN SA;KAUFMANN SA  ;AUTOMOTORAS;;;;;;;;;;;;;;;;;;;;
;1439;22-01-2026;12;SWPW20;;ADJUDICADO;DERIVACION;NO;TRANSFERIDO;PSA CHILE SA  ;COMERCIAL SAINT GERMAIN SA  ;AUTOMOTORAS;;;;;;;;;;;;;;;11-02-2026;14-02-2026;;;;14-04-2026
;1439;22-01-2026;13;SWPW42;;ADJUDICADO;DERIVACION;NO;TRANSFERIDO;PSA CHILE SA  ;COMERCIAL SAINT GERMAIN SA  ;AUTOMOTORAS;;;;;;;;;;;;;;;11-02-2026;14-02-2026;;;;14-04-2026
;1439;22-01-2026;14;MA0023;;ADJUDICADO;GENERICO;NO;NO APLICA;KAUFMANN SA;KAUFMANN SA  ;AUTOMOTORAS;[04/MAR] PRIMERA INSCRIPCION A CARGO DE KAUFMANN;;;;;;;;;;;;;;;;;;;
;1439;22-01-2026;15;MA0024;;ADJUDICADO;GENERICO;NO;NO APLICA;KAUFMANN SA;KAUFMANN SA  ;AUTOMOTORAS;[04/MAR] PRIMERA INSCRIPCION A CARGO DE KAUFMANN;;;;;;;;;;;;;;;;;;;
;1439;22-01-2026;16;TFCV64;;ADJUDICADO;GENERICO;NO;TRANSFERIDO;EUROPARTS SPA . .;EUROPARTS SPA . .;COMPRADIRECTA;;;;;;;;;;;;;;;03-02-2026;03-02-2026;;;;17-03-2026
;1439;22-01-2026;17;TBFL85;;ANULACION;GENERICO;NO;NO APLICA;EUROPARTS SPA . .;EUROPARTS SPA . .;COMPRADIRECTA;;;;;;;;;;;;;;;03-02-2026;;;;;
;1439;22-01-2026;18;TBXX79;;ADJUDICADO;DERIVACION;NO;TRANSFERIDO;PSA CHILE SA  ;COMERCIAL SAINT GERMAIN SA  ;AUTOMOTORAS;;;;;;;;;;;;;;;11-02-2026;14-02-2026;;;;14-04-2026
;1439;22-01-2026;20;TCBV10;;ADJUDICADO;DERIVACION;NO;TRANSFERIDO;PSA CHILE SA  ;COMERCIAL SAINT GERMAIN SA  ;AUTOMOTORAS;;;;;;;;;;;;;;;11-02-2026;14-02-2026;;;;14-04-2026
;1439;22-01-2026;21;SLRP69;;ADJUDICADO;DERIVACION;NO;TRANSFERIDO;PSA CHILE SA  ;COMERCIAL SAINT GERMAIN SA  ;AUTOMOTORAS;;;;;;;;;;;;;;;11-02-2026;27-03-2026;;;;06-05-2026
;1439;22-01-2026;22;SKDR48;;ADJUDICADO;DERIVACION;NO;TRANSFERIDO;PSA CHILE SA  ;COMERCIAL SAINT GERMAIN SA  ;AUTOMOTORAS;;;;;;;;;;;;;;;11-02-2026;14-02-2026;;;;14-04-2026
;1439;22-01-2026;23;SSCC19;;ADJUDICADO;DERIVACION;NO;TRANSFERIDO;PSA CHILE SA  ;COMERCIAL SAINT GERMAIN SA  ;AUTOMOTORAS;;;;;;;;;;;;;;;11-02-2026;14-02-2026;;;;14-04-2026
;1439;22-01-2026;24;RLCC84;;ADJUDICADO;GENERICO;NO;TRANSFERIDO;ESTEBAN JESÚS CRISTI SALINAS  ;VANNET;BFE;;;;;;;;;;;;;;;03-02-2026;05-02-2026;;;;19-03-2026
;1439;22-01-2026;25;RHHS89;;ADJUDICADO;GENERICO;NO;TRANSFERIDO;SERV ESTEBAN JESUS CRISTI SALINAS EIRL  ;VANNET;BFE;;;;;;;;;;;;;;;03-02-2026;05-02-2026;;;;19-03-2026
;1439;22-01-2026;26;SDSF69;;ADJUDICADO;GENERICO;NO;TRANSFERIDO;SERV ESTEBAN JESUS CRISTI SALINAS EIRL  ;VANNET;BFE;;;;;;;;;;;;;;;03-02-2026;05-02-2026;;;;19-03-2026
;1439;22-01-2026;9;SYHR43;85430331844;ADJUDICADO;DERIVACION;NO;TRANSFERIDO;PSA CHILE SA  ;COMERCIAL SAINT GERMAIN SA  ;AUTOMOTORAS;;;;;;;;;;;;;;;11-02-2026;14-02-2026;;;;14-04-2026
;1439;22-01-2026;19;TBXT98;85430331901;ADJUDICADO;DERIVACION;NO;TRANSFERIDO;PSA CHILE SA  ;COMERCIAL SAINT GERMAIN SA  ;AUTOMOTORAS;;;;;;;;;;;;;;;11-02-2026;14-02-2026;;;;14-04-2026
;1440;29-01-2026;1;MA0029;;ADJUDICADO;GENERICO;NO;NO APLICA;KAUFMANN SA;KAUFMANN SA  ;AUTOMOTORAS;[04/MAR] PRIMERA INSCRIPCION A CARGO DE KAUFMANN;;;;;;;;;;;;;;;;;;;
;1440;29-01-2026;2;MA0030;;ADJUDICADO;GENERICO;NO;NO APLICA;KAUFMANN SA;KAUFMANN SA  ;AUTOMOTORAS;[04/MAR] PRIMERA INSCRIPCION A CARGO DE KAUFMANN;;;;;;;;;;;;;;;;;;;
;1440;29-01-2026;5;SSVJ86;;ADJUDICADO;MERA;NO;TRANSFERIDO;ITAU CORPBANCA  ;EURO RENT A CAR SA  ;BFE;;;;;;;;;;;;;;;09-02-2026;23-03-2026;;;;06-05-2026
;1440;29-01-2026;6;TBSY43;;ADJUDICADO;DERIVACION;NO;TRANSFERIDO;PSA CHILE SA  ;COMERCIAL SAINT GERMAIN SA  ;AUTOMOTORAS;;;;;;;;;;;;;;;11-02-2026;14-02-2026;;;;14-04-2026
;1440;29-01-2026;7;TCPZ44;;ADJUDICADO;DERIVACION;NO;TRANSFERIDO;PSA CHILE SA  ;COMERCIAL SAINT GERMAIN SA  ;AUTOMOTORAS;;;;;;;;;;;;;;;11-02-2026;14-02-2026;;;;14-04-2026
;1440;29-01-2026;8;RXDB20;;ADJUDICADO;LIQ;NO;SOLICITUD DE TRANSFERENCIA;NICOLA´S IGNACIO ANTONIO BUSTAMANTE SALAZAR  ;LIQUIDACION;LIQUIDACIONES;"[28/07] RECHAZADA MOTIVO ""DEBE ACLARAR APELLIDOS DEL ADQUIRENTE."" EN REVISION";28-07-2026;;;;;;;;;;;;;11-02-2026;17-02-2026;;06-05-2026;;
;1440;29-01-2026;9;SWGX22;;ADJUDICADO;GENERICO;NO;TRANSFERIDO;EUROPARTS SPA . .;EUROPARTS SPA . .;COMPRADIRECTA;;;;;;;;;;;;;;;10-02-2026;12-02-2026;;;;25-03-2025
;1440;29-01-2026;11;MA0032;;ADJUDICADO;GENERICO;NO;NO APLICA;KAUFMANN SA;KAUFMANN SA  ;AUTOMOTORAS;[04/MAR] PRIMERA INSCRIPCION A CARGO DE KAUFMANN;;;;;;;;;;;;;;;;;;;
;1440;29-01-2026;12;MA0031;;ADJUDICADO;GENERICO;NO;NO APLICA;KAUFMANN SA;KAUFMANN SA  ;AUTOMOTORAS;[04/MAR] PRIMERA INSCRIPCION A CARGO DE KAUFMANN;;;;;;;;;;;;;;;;;;;
;1440;29-01-2026;13;TFCF57;;ADJUDICADO;GENERICO;NO;TRANSFERIDO;EUROPARTS SPA . .;EUROPARTS SPA . .;AUTOMOTORAS;;;;;;;;;;;;;;;10-02-2026;12-02-2026;;;;25-03-2025
;1440;29-01-2026;14;TBFL91;;SUSPENDIDA;GENERICO;NO;NO APLICA;EUROPARTS SPA . .;EUROPARTS SPA . .;AUTOMOTORAS;;;;;;;;;;;;;;;;;;;;
;1440;29-01-2026;15;MA0025;;ADJUDICADO;GENERICO;NO;NO APLICA;KAUFMANN SA;KAUFMANN SA  ;AUTOMOTORAS;[04/MAR] PRIMERA INSCRIPCION A CARGO DE KAUFMANN;;;;;;;;;;;;;;;;;;;
;1440;29-01-2026;16;MA0026;;ADJUDICADO;GENERICO;NO;NO APLICA;KAUFMANN SA;KAUFMANN SA  ;AUTOMOTORAS;[04/MAR] PRIMERA INSCRIPCION A CARGO DE KAUFMANN;;;;;;;;;;;;;;;;;;;
;1440;29-01-2026;17;TBWS22;;ANULACION;DERIVACION;NO;NO APLICA;PSA CHILE SA  ;COMERCIAL SAINT GERMAIN SA  ;AUTOMOTORAS;;;;;;;;;;;;;;;;;;;;
;1440;29-01-2026;18;TCPW32;;ADJUDICADO;DERIVACION;NO;TRANSFERIDO;PSA CHILE SA  ;COMERCIAL SAINT GERMAIN SA  ;AUTOMOTORAS;;;;;;;;;;;;;;;11-02-2026;14-02-2026;;;;14-04-2026
;1440;29-01-2026;19;TCPV67;;ADJUDICADO;DERIVACION;NO;TRANSFERIDO;PSA CHILE SA  ;COMERCIAL SAINT GERMAIN SA  ;AUTOMOTORAS;;;;;;;;;;;;;;;11-02-2026;14-02-2026;;;;14-04-2026
;1440;29-01-2026;20;TCRP32;;ADJUDICADO;MERA;NO;TRANSFERIDO;ITAU CORPBANCA  ;EURO RENT A CAR SA  ;BFE;;;;;;;;;;;;;;;09-02-2026;11-03-2026;;;;06-05-2026
;1440;29-01-2026;21;TCRP31;;ADJUDICADO;MERA;NO;TRANSFERIDO;ITAU CORPBANCA  ;EURO RENT A CAR SA  ;BFE;;;;;;;;;;;;;;;09-02-2026;23-03-2026;;;;06-05-2026
;1440;29-01-2026;22;SCGD92;;ADJUDICADO;GENERICO;NO;TRANSFERIDO;SERV ESTEBAN JESUS CRISTI SALINAS EIRL  ;SERV ESTEBAN JESUS CRISTI SALINAS EIRL . .;BFE;;;;;;;;;;;;;;;10-02-2026;12-02-2026;;;;25-03-2025
;1440;29-01-2026;23;RHHS82;;ADJUDICADO;GENERICO;NO;TRANSFERIDO;SERV ESTEBAN JESUS CRISTI SALINAS EIRL  ;SERV ESTEBAN JESUS CRISTI SALINAS EIRL . .;BFE;;;;;;;;;;;;;;;10-02-2026;12-02-2026;;;;25-03-2025
;1440;29-01-2026;25;SBFZ13;;ADJUDICADO;GENERICO;NO;TRANSFERIDO;SERV ESTEBAN JESUS CRISTI SALINAS EIRL  ;SERV ESTEBAN JESUS CRISTI SALINAS EIRL . .;BFE;;;;;;;;;;;;;;;10-02-2026;12-02-2026;;;;25-03-2025
;1440;29-01-2026;26;KWWX21;;SUSPENDIDA;GENERICO;NO;NO APLICA;MUTUAL DE SEGURIDAD ASESORIAS S A;MUTUAL;BFE;;;;;;;;;;;;;;;;;;;;
;1440;29-01-2026;27;RZHZ47;;SIN POSTOR;LIQ;NO;NO APLICA;FERNANDO ANDRÉS VILLALÓN SILVA  ;LIQUIDACION;LIQUIDACIONES;;;;;;;;;;;;;;;;;;;;
;1440;29-01-2026;29;PKSG65;;SIN POSTOR;LIQ;NO;NO APLICA;WILSON ANDRÉS CANALES PONCE  ;LIQUIDACION;LIQUIDACIONES;;;;;;;;;;;;;;;;;;;;
;1440;29-01-2026;30;GVDG14;;ADJUDICADO;LIQ;NO;TRANSFERIDO;"GESPRO SOLUCIONES S.A	  ";LIQUIDACION;LIQUIDACIONES;;;;;;;;;;;;;;;11-02-2026;16-02-2026;;;;26-03-2026
;1440;29-01-2026;31;WT2407;;SIN POSTOR;LIQ;NO;NO APLICA;DIEGO ORLANDO HUERTA GONZÁLEZ  ;LIQUIDACION;LIQUIDACIONES;;;;;;;;;;;;;;;;;;;;
;1440;29-01-2026;32;RBDB20;;ADJUDICADO;LIQ;NO;SOLICITUD DE TRANSFERENCIA;TRANSPORTES LILIUM SPA  ;LIQUIDACION;LIQUIDACIONES;;;;;;;;;;;;;;;24-07-2026;28-07-2026;;;;
;1440;29-01-2026;33;ZP7082;;SIN POSTOR;LIQ;NO;NO APLICA;LIDIA STEFANY MARÍA LÓPEZ HERNÁNDEZ  ;LIQUIDACION;LIQUIDACIONES;;;;;;;;;;;;;;;;;;;;
;1440;29-01-2026;24;SBGC21;85430331000;ADJUDICADO;GENERICO;NO;TRANSFERIDO;SERV ESTEBAN JESUS CRISTI SALINAS EIRL  ;SERV ESTEBAN JESUS CRISTI SALINAS EIRL . .;BFE;;;;;;;;;;;;;;;10-02-2026;12-02-2026;;;;25-03-2025
;1440;29-01-2026;3;SKKR69;85430331893;ADJUDICADO;DERIVACION;NO;TRANSFERIDO;PSA CHILE SA  ;COMERCIAL SAINT GERMAIN SA  ;AUTOMOTORAS;;;;;;;;;;;;;;;11-02-2026;14-02-2026;;;;14-04-2026
;1440;29-01-2026;4;SKKS73;85430331752;ADJUDICADO;DERIVACION;NO;TRANSFERIDO;PSA CHILE SA  ;COMERCIAL SAINT GERMAIN SA  ;AUTOMOTORAS;;;;;;;;;;;;;;;11-02-2026;14-02-2026;;;;14-04-2026
;1440;29-01-2026;28;TBW020;83450285248;ADJUDICADO;LIQ;NO;TRANSFERIDO;EDUARDO JESÚS RONDON FUENTES  ;LIQUIDACION;LIQUIDACIONES;;;;;;;;;;;;;;;11-02-2026;16-02-2026;;;;26-03-2026
;1440;29-01-2026;10;TCPL52;85430331091;ADJUDICADO;DERIVACION;NO;TRANSFERIDO;PSA CHILE SA  ;COMERCIAL SAINT GERMAIN SA  ;AUTOMOTORAS;;;;;;;;;;;;;;;11-02-2026;13-02-2026;;;;14-04-2026
;1446;05-02-2026;1;MA0033;;ADJUDICADO;GENERICO;NO;NO APLICA;KAUFMANN SA;KAUFMANN SA  ;AUTOMOTORAS;[04/MAR] PRIMERA INSCRIPCION A CARGO DE KAUFMANN;;;;;;;;;;;;;;;;;;;
;1446;05-02-2026;2;MA0034;;ADJUDICADO;GENERICO;NO;NO APLICA;KAUFMANN SA;KAUFMANN SA  ;AUTOMOTORAS;[04/MAR] PRIMERA INSCRIPCION A CARGO DE KAUFMANN;;;;;;;;;;;;;;;;;;;
;1446;05-02-2026;3;SKKS69;;ADJUDICADO;DERIVACION;NO;TRANSFERIDO;PSA CHILE SA  ;COMERCIAL SAINT GERMAIN SA  ;AUTOMOTORAS;;;;;;;;;;;;;;;19-02-2026;20-02-2026;;;;14-04-2026
;1446;05-02-2026;4;TBSX20;;ADJUDICADO;DERIVACION;NO;TRANSFERIDO;PSA CHILE SA  ;COMERCIAL SAINT GERMAIN SA  ;AUTOMOTORAS;;;;;;;;;;;;;;;19-02-2026;20-02-2026;;;;14-04-2026
;1446;05-02-2026;5;TCPK19;;ADJUDICADO;DERIVACION;NO;TRANSFERIDO;PSA CHILE SA  ;COMERCIAL SAINT GERMAIN SA  ;AUTOMOTORAS;;;;;;;;;;;;;;;19-02-2026;20-02-2026;;;;14-04-2026
;1446;05-02-2026;6;TCPL59;;ADJUDICADO;DERIVACION;NO;TRANSFERIDO;PSA CHILE SA  ;COMERCIAL SAINT GERMAIN SA  ;AUTOMOTORAS;;;;;;;;;;;;;;;19-02-2026;20-02-2026;;;;14-04-2026
;1446;05-02-2026;7;TCPK43;;ADJUDICADO;DERIVACION;NO;TRANSFERIDO;PSA CHILE SA  ;COMERCIAL SAINT GERMAIN SA  ;AUTOMOTORAS;;;;;;;;;;;;;;;19-02-2026;20-02-2026;;;;14-04-2026
;1446;05-02-2026;8;MA0020;;SIN POSTOR;GENERICO;NO;NO APLICA;KAUFMANN SA;KAUFMANN SA;AUTOMOTORAS;;;;;;;;;;;;;;;;;;;;
;1446;05-02-2026;9;MA0021;;SIN POSTOR;GENERICO;NO;NO APLICA;KAUFMANN SA;KAUFMANN SA;AUTOMOTORAS;;;;;;;;;;;;;;;;;;;;
;1446;05-02-2026;10;SWPW45;;ADJUDICADO;DERIVACION;NO;TRANSFERIDO;PSA CHILE SA  ;COMERCIAL SAINT GERMAIN SA  ;AUTOMOTORAS;;;;;;;;;;;;;;;19-02-2026;27-03-2026;;;;06-05-2026
;1446;05-02-2026;11;SWPW19;;ADJUDICADO;DERIVACION;NO;TRANSFERIDO;PSA CHILE SA  ;COMERCIAL SAINT GERMAIN SA  ;AUTOMOTORAS;;;;;;;;;;;;;;;19-02-2026;20-02-2026;;;;14-04-2026
;1446;05-02-2026;12;TCPW68;;ADJUDICADO;DERIVACION;NO;TRANSFERIDO;PSA CHILE SA  ;COMERCIAL SAINT GERMAIN SA  ;AUTOMOTORAS;;;;;;;;;;;;;;;19-02-2026;20-02-2026;;;;14-04-2026
;1446;05-02-2026;13;TBWV31;;ADJUDICADO;DERIVACION;NO;TRANSFERIDO;PSA CHILE SA  ;COMERCIAL SAINT GERMAIN SA  ;AUTOMOTORAS;;;;;;;;;;;;;;;19-02-2026;20-02-2026;;;;14-04-2026
;1446;05-02-2026;15;TBXX80;;ADJUDICADO;DERIVACION;NO;TRANSFERIDO;PSA CHILE SA  ;COMERCIAL SAINT GERMAIN SA  ;AUTOMOTORAS;;;;;;;;;;;;;;;19-02-2026;20-02-2026;;;;14-04-2026
;1446;05-02-2026;17;TCRK30;;ADJUDICADO;MERA;NO;TRANSFERIDO;ITAU CORPBANCA  ;EURO RENT A CAR SA  ;BFE;;;;;;;;;;;;;;;18-02-2026;23-03-2026;;;;06-05-2026
;1446;05-02-2026;18;TCRP30;;ADJUDICADO;MERA;NO;TRANSFERIDO;ITAU CORPBANCA  ;EURO RENT A CAR SA  ;BFE;;;;;;;;;;;;;;;18-02-2026;23-03-2026;;;;06-05-2026
;1446;05-02-2026;19;TCRL18;;ADJUDICADO;MERA;NO;TRANSFERIDO;ITAU CORPBANCA  ;EURO RENT A CAR SA  ;BFE;;;;;;;;;;;;;;;18-02-2026;23-03-2026;;;;06-05-2026
;1446;05-02-2026;20;RXSK31;;ADJUDICADO;GENERICO;NO;TRANSFERIDO;SERV ESTEBAN JESUS CRISTI SALINAS EIRL  ;SERV ESTEBAN JESUS CRISTI SALINAS EIRL  ;BFE;;;;;;;;;;;;;;;18-02-2026;24-02-2026;;;;29-04-2026
;1446;05-02-2026;21;PBWZ11;;ADJUDICADO;GENERICO;NO;TRANSFERIDO;ESTEBAN JESÚS CRISTI SALINAS  ;SERV ESTEBAN JESUS CRISTI SALINAS EIRL  ;BFE;;;;;;;;;;;;;;;18-02-2026;19-02-2026;;;;30-03-2026
;1446;05-02-2026;22;PGYJ89;;ADJUDICADO;GENERICO;NO;TRANSFERIDO;SERGIO SONIS Y CIA LTDA . .;Sonis Chile RRHH SPA  ;BFE;;;;;;;;;;;;;;;18-02-2026;14-04-2026;;;;20-05-2026
;1446;05-02-2026;14;TBWS17;85430298787;ADJUDICADO;DERIVACION;NO;TRANSFERIDO;PSA CHILE SA  ;COMERCIAL SAINT GERMAIN SA  ;AUTOMOTORAS;;;;;;;;;;;;;;;19-02-2026;20-02-2026;;;;14-04-2026
;1446;05-02-2026;16;TCPV77;85430298340;ADJUDICADO;DERIVACION;NO;TRANSFERIDO;PSA CHILE SA  ;COMERCIAL SAINT GERMAIN SA  ;AUTOMOTORAS;;;;;;;;;;;;;;;19-02-2026;20-02-2026;;;;14-04-2026
;1447;12-02-2026;4;KWWX21;85430298811;ADJUDICADO;GENERICO;NO;TRANSFERIDO;MUTUAL DE SEGURIDAD ASESORÍAS S A . .;Mutual De Seguridad Asesorías S A . .;BFE;;;;;;;;;;;;;;;20-03-2026;23-03-2026;;;;29-04-2026
;1447;12-02-2026;1;MA0037;;ADJUDICADO;GENERICO;NO;NO APLICA;KAUFMANN SA;KAUFMANN SA  ;AUTOMOTORAS;[04/MAR] PRIMERA INSCRIPCION A CARGO DE KAUFMANN;;;;;;;;;;;;;;;;;;;
;1447;12-02-2026;2;MA0038;;ADJUDICADO;GENERICO;NO;NO APLICA;KAUFMANN SA;KAUFMANN SA  ;AUTOMOTORAS;[04/MAR] PRIMERA INSCRIPCION A CARGO DE KAUFMANN;;;;;;;;;;;;;;;;;;;
;1447;12-02-2026;3;SKKR77;;DESISTIMIENTO;DERIVACION;NO;NO APLICA;PSA CHILE SA  ;COMERCIAL SAINT GERMAIN SA  ;AUTOMOTORAS;;;;;;;;;;;;;;;;;;;;
;1447;12-02-2026;5;TCPH82;;ADJUDICADO;DERIVACION;NO;TRANSFERIDO;PSA CHILE SA  ;COMERCIAL SAINT GERMAIN SA  ;AUTOMOTORAS;;;;;;;;;;;;;;;25-02-2026;26-02-2026;;;;14-04-2026
;1447;12-02-2026;6;TBSS60;;ADJUDICADO;DERIVACION;NO;TRANSFERIDO;PSA CHILE SA  ;COMERCIAL SAINT GERMAIN SA  ;AUTOMOTORAS;;;;;;;;;;;;;;;25-02-2026;26-02-2026;;;;14-04-2026
;1447;12-02-2026;24;SHGC47;82160462097;ADJUDICADO;GENERICO;NO;TRANSFERIDO;TANNER SERVICIOS FINANCIEROS S.A  ;Tanner Servicios Financieros S.A  ;BFE;;;;;;;;;;;;;;;04-03-2026;06-03-2026;;;;14-04-2026
;1447;12-02-2026;8;TCRB17;;ADJUDICADO;DERIVACION;NO;TRANSFERIDO;PSA CHILE SA  ;COMERCIAL SAINT GERMAIN SA  ;AUTOMOTORAS;;;;;;;;;;;;;;;25-02-2026;26-02-2026;;;;14-04-2026
;1447;12-02-2026;9;SJJV38;;ADJUDICADO;GENERICO;NO;GESTION MACAL;PATRICIO MIGUEL PÉREZ PINO  ;EUROPARTS SPA . .;AUTOMOTORAS;[14/04] SIN MANDATO PARA TRANSFERIR;14-04-2026;;;;;;;;;;;;;;;;;;
;1447;12-02-2026;10;MA0022;;DESISTIMIENTO;GENERICO;NO;NO APLICA;KAUFMANN SA;KAUFMANN SA  ;AUTOMOTORAS;;;;;;;;;;;;;;;;;;;;
;1447;12-02-2026;11;MA0027 ;;SIN POSTOR;GENERICO;NO;NO APLICA;KAUFMANN SA;KAUFMANN SA  ;AUTOMOTORAS;;;;;;;;;;;;;;;;;;;;
;1447;12-02-2026;12;TCPL72;;ADJUDICADO;DERIVACION;NO;TRANSFERIDO;PSA CHILE SA  ;COMERCIAL SAINT GERMAIN SA  ;AUTOMOTORAS;;;;;;;;;;;;;;;25-02-2026;26-02-2026;;;;14-04-2026
;1447;12-02-2026;13;SWPW17;;ADJUDICADO;DERIVACION;NO;TRANSFERIDO;PSA CHILE SA  ;COMERCIAL SAINT GERMAIN SA  ;AUTOMOTORAS;;;;;;;;;;;;;;;25-02-2026;26-02-2026;;;;14-04-2026
;1447;12-02-2026;14;SWPV55;;ADJUDICADO;DERIVACION;NO;TRANSFERIDO;PSA CHILE SA  ;COMERCIAL SAINT GERMAIN SA  ;AUTOMOTORAS;;;;;;;;;;;;;;;25-02-2026;26-02-2026;;;;14-04-2026
;1447;12-02-2026;15;SSXR57;;ADJUDICADO;GENERICO;NO;TRANSFERIDO;NISSAN-TANNER FINANCIAL SERVICES RETAIL  ;TANNER;BFE;;;;;;;;;;;;;;;20-02-2026;25-03-2026;;;;29-04-2026
;1447;12-02-2026;16;TBDT68;;ADJUDICADO;GENERICO;NO;TRANSFERIDO;EUROPARTS SPA . .;EUROPARTS SPA . .;AUTOMOTORAS;;;;;;;;;;;;;;;04-03-2026;24-03-2026;;;;29-04-2026
;1447;12-02-2026;17;JTPW72;;DESISTIMIENTO;GENERICO;NO;NO APLICA;TANNER SERVICIOS FINANCIEROS S.A;TANNER SERVICIOS FINANCIEROS S.A;BFE;;;;;;;;;;;;;;;;;;;;
;1447;12-02-2026;20;TCPV96;;ADJUDICADO;DERIVACION;NO;TRANSFERIDO;PSA CHILE SA  ;COMERCIAL SAINT GERMAIN SA  ;AUTOMOTORAS;;;;;;;;;;;;;;;25-02-2026;26-02-2026;;;;14-04-2026
;1447;12-02-2026;21;TFBZ91;;ADJUDICADO;DERIVACION;NO;TRANSFERIDO;PSA CHILE SA  ;COMERCIAL SAINT GERMAIN SA  ;AUTOMOTORAS;;;;;;;;;;;;;;;25-02-2026;26-02-2026;;;;14-04-2026
;1447;12-02-2026;22;TCPW82;;ADJUDICADO;DERIVACION;NO;TRANSFERIDO;PSA CHILE SA  ;COMERCIAL SAINT GERMAIN SA  ;AUTOMOTORAS;;;;;;;;;;;;;;;25-02-2026;26-02-2026;;;;14-04-2026
;1447;12-02-2026;23;TFCB85;;ADJUDICADO;DERIVACION;NO;TRANSFERIDO;PSA CHILE SA  ;COMERCIAL SAINT GERMAIN SA  ;AUTOMOTORAS;;;;;;;;;;;;;;;25-02-2026;26-02-2026;;;;14-04-2026
;1447;12-02-2026;18;TBWS67;81170140156;ADJUDICADO;DERIVACION;NO;TRANSFERIDO;PSA CHILE SA  ;COMERCIAL SAINT GERMAIN SA  ;AUTOMOTORAS;;;;;;;;;;;;;;;25-02-2026;26-02-2026;;;;14-04-2026
;1447;12-02-2026;7;TCRB62;58040493825;ADJUDICADO;DERIVACION;NO;TRANSFERIDO;PSA CHILE SA  ;COMERCIAL SAINT GERMAIN SA  ;AUTOMOTORAS;;;;;;;;;;;;;;;25-02-2026;26-02-2026;;;;14-04-2026
;1447;12-02-2026;19;TFCB82;82140417104;ADJUDICADO;DERIVACION;NO;TRANSFERIDO;PSA CHILE SA  ;COMERCIAL SAINT GERMAIN SA  ;AUTOMOTORAS;;;;;;;;;;;;;;;25-02-2026;26-02-2026;;;;14-04-2026
;1448;19-02-2026;1;TCPJ47;;ADJUDICADO;DERIVACION;NO;TRANSFERIDO;PSA CHILE SA  ;COMERCIAL SAINT GERMAIN SA  ;AUTOMOTORAS;;;;;;;;;;;;;;;04-03-2026;05-03-2026;;;;14-04-2026
;1448;19-02-2026;3;RZYV24;;ADJUDICADO;GENERICO;NO;TRANSFERIDO;SANTANDER CONSUMER FINANCE LIMITADA  ;SANTANDER CONSUMER;BFE;;;;;;;;;;;;;;;04-03-2026;06-03-2026;;;;14-04-2026
;1448;19-02-2026;4;TCPL60;;ADJUDICADO;DERIVACION;NO;TRANSFERIDO;PSA CHILE SA  ;COMERCIAL SAINT GERMAIN SA  ;AUTOMOTORAS;;;;;;;;;;;;;;;04-03-2026;05-03-2026;;;;14-04-2026
;1448;19-02-2026;5;LCTJ86;;ADJUDICADO;GENERICO;NO;TRANSFERIDO;SANTANDER CONSUMER FINANCE LIMITADA  ;SANTANDER CONSUMER;BFE;;;;;;;;;;;;;;;04-03-2026;06-03-2026;;;;14-04-2026
;1448;19-02-2026;6;MA0042;;ADJUDICADO;GENERICO;NO;NO APLICA;KAUFMANN SA;KAUFMANN SA  ;AUTOMOTORAS;[04/MAR] PRIMERA INSCRIPCION A CARGO DE KAUFMANN;;;;;;;;;;;;;;;;;;;
;1448;19-02-2026;7;MA0043;;ADJUDICADO;GENERICO;NO;NO APLICA;KAUFMANN SA;KAUFMANN SA  ;AUTOMOTORAS;[04/MAR] PRIMERA INSCRIPCION A CARGO DE KAUFMANN;;;;;;;;;;;;;;;;;;;
;1448;19-02-2026;8;SGWD35;;ADJUDICADO;DERIVACION;NO;TRANSFERIDO;PSA CHILE SA  ;COMERCIAL SAINT GERMAIN SA  ;AUTOMOTORAS;;;;;;;;;;;;;;;04-03-2026;05-03-2026;;;;14-04-2026
;1448;19-02-2026;9;SFHH46;;ADJUDICADO;GENERICO;NO;TRANSFERIDO;SANTANDER CONSUMER FINANCE LIMITADA  ;SANTANDER CONSUMER;BFE;;;;;;;;;;;;;;;04-03-2026;06-03-2026;;;;14-04-2026
;1448;19-02-2026;11;SWPW18;;ADJUDICADO;DERIVACION;NO;TRANSFERIDO;PSA CHILE SA  ;COMERCIAL SAINT GERMAIN SA  ;AUTOMOTORAS;;;;;;;;;;;;;;;04-03-2026;05-03-2026;;;;14-04-2026
;1448;19-02-2026;12;SWPW57;;ADJUDICADO;DERIVACION;NO;TRANSFERIDO;PSA CHILE SA  ;COMERCIAL SAINT GERMAIN SA  ;AUTOMOTORAS;;;;;;;;;;;;;;;04-03-2026;05-03-2026;;;;14-04-2026
;1448;19-02-2026;14;TFCB65;;ADJUDICADO;DERIVACION;NO;TRANSFERIDO;PSA CHILE SA  ;COMERCIAL SAINT GERMAIN SA  ;AUTOMOTORAS;;;;;;;;;;;;;;;04-03-2026;05-03-2026;;;;14-04-2026
;1448;19-02-2026;15;TBWV28;;DESISTIMIENTO;DERIVACION;NO;NO APLICA;PSA CHILE SA  ;COMERCIAL SAINT GERMAIN SA  ;AUTOMOTORAS;;;;;;;;;;;;;;;;;;;;
;1448;19-02-2026;10;STPJ21;79230239844;ADJUDICADO;GENERICO;NO;TRANSFERIDO;SANTANDER CONSUMER FINANCE LIMITADA  ;SANTANDER CONSUMER;BFE;;;;;;;;;;;;;;;04-03-2026;06-03-2026;;;;14-04-2026
;1448;19-02-2026;18;TBWV26;;ADJUDICADO;DERIVACION;NO;TRANSFERIDO;PSA CHILE SA  ;COMERCIAL SAINT GERMAIN SA  ;AUTOMOTORAS;;;;;;;;;;;;;;;04-03-2026;05-03-2026;;;;14-04-2026
;1448;19-02-2026;19;MA0040;;ADJUDICADO;GENERICO;NO;NO APLICA;KAUFMANN SA;KAUFMANN SA  ;AUTOMOTORAS;[04/MAR] PRIMERA INSCRIPCION A CARGO DE KAUFMANN;;;;;;;;;;;;;;;;;;;
;1448;19-02-2026;20;MA0041;;ADJUDICADO;GENERICO;NO;NO APLICA;KAUFMANN SA;KAUFMANN SA  ;AUTOMOTORAS;[04/MAR] PRIMERA INSCRIPCION A CARGO DE KAUFMANN;;;;;;;;;;;;;;;;;;;
;1448;19-02-2026;22;SVBK85;;ADJUDICADO;GENERICO;NO;TRANSFERIDO;SANTANDER CONSUMER FINANCE LIMITADA  ;SANTANDER CONSUMER;BFE;;;;;;;;;;;;;;;04-03-2026;06-03-2026;;;;14-04-2026
;1448;19-02-2026;2;TBSY39;79400139691;ADJUDICADO;DERIVACION;NO;TRANSFERIDO;PSA CHILE SA  ;COMERCIAL SAINT GERMAIN SA  ;AUTOMOTORAS;;;;;;;;;;;;;;;04-03-2026;05-03-2026;;;;14-04-2026
;1448;19-02-2026;13;TBWS22;79290013618;ADJUDICADO;DERIVACION;NO;TRANSFERIDO;PSA CHILE SA  ;COMERCIAL SAINT GERMAIN SA  ;AUTOMOTORAS;;;;;;;;;;;;;;;04-03-2026;05-03-2026;;;;14-04-2026
;1448;19-02-2026;17;TBWT84;78520236965;ADJUDICADO;DERIVACION;NO;TRANSFERIDO;PSA CHILE SA  ;COMERCIAL SAINT GERMAIN SA  ;AUTOMOTORAS;;;;;;;;;;;;;;;04-03-2026;05-03-2026;;;;14-04-2026
;1448;19-02-2026;21;TCCH35;79410109718;ADJUDICADO;GENERICO;NO;TRANSFERIDO;SANTANDER CONSUMER FINANCE LIMITADA  ;SANTANDER CONSUMER;BFE;;;;;;;;;;;;;;;04-03-2026;06-03-2026;;;;14-04-2026
;1448;19-02-2026;16;TCPV45;57080003056;ADJUDICADO;DERIVACION;NO;TRANSFERIDO;PSA CHILE SA  ;COMERCIAL SAINT GERMAIN SA  ;AUTOMOTORAS;;;;;;;;;;;;;;;04-03-2026;05-03-2026;;;;14-04-2026
;1452;26-02-2026;4;JTPW72;83290147665;ADJUDICADO;GENERICO;NO;TRANSFERIDO;TANNER SERVICIOS FINANCIEROS S.A  ;Tanner Servicios Financieros S.A  ;BFE;;;;;;;;;;;;;;;12-03-2026;24-03-2026;;;;29-04-2026
;1452;26-02-2026;20;RHZL80;57020138525;ADJUDICADO;GENERICO;NO;TRANSFERIDO;SANTANDER CONSUMER FINANCE LIMITADA  ;SANTANDER CONSUMER;BFE;;;;;;;;;;;;;;;12-03-2026;24-03-2026;;;;29-04-2026
;1452;26-02-2026;9;STRF56;78520228244;ADJUDICADO;GENERICO;NO;TRANSFERIDO;SANTANDER CONSUMER FINANCE LIMITADA  ;SANTANDER CONSUMER;BFE;;;;;;;;;;;;;;;12-03-2026;24-03-2026;;;;29-04-2026
;1452;26-02-2026;2;TCPH53;;DESISTIMIENTO;DERIVACION;NO;NO APLICA;PSA CHILE SA  ;COMERCIAL SAINT GERMAIN SA  ;AUTOMOTORAS;;;;;;;;;;;;;;;;;;;;
;1452;26-02-2026;3;LGDL25;;ADJUDICADO;GENERICO;NO;TRANSFERIDO;SANTANDER CONSUMER FINANCE LIMITADA  ;SANTANDER CONSUMER;BFE;;;;;;;;;;;;;;;12-03-2026;25-03-2026;;;;29-04-2026
;1452;26-02-2026;5;RGDK97;;ADJUDICADO;GENERICO;NO;TRANSFERIDO;SANTANDER CONSUMER FINANCE LIMITADA  ;SANTANDER CONSUMER;BFE;;;;;;;;;;;;;;;12-03-2026;24-03-2026;;;;29-04-2026
;1452;26-02-2026;6;MA0044;;ADJUDICADO;GENERICO;NO;NO APLICA;KAUFMANN SA;KAUFMANN SA  ;AUTOMOTORAS;;;;;;;;;;;;;;;;;;;;
;1452;26-02-2026;7;MA0045;;ADJUDICADO;GENERICO;NO;NO APLICA;KAUFMANN SA;KAUFMANN SA  ;AUTOMOTORAS;;;;;;;;;;;;;;;;;;;;
;1452;26-02-2026;8;SKKR81;;ADJUDICADO;DERIVACION;NO;TRANSFERIDO;PSA CHILE SA  ;COMERCIAL SAINT GERMAIN SA  ;AUTOMOTORAS;;;;;;;;;;;;;;;13-03-2026;13-03-2026;;;;29-03-2026
;1452;26-02-2026;10;RVVG73;;ADJUDICADO;GENERICO;NO;TRANSFERIDO;SANTANDER CONSUMER FINANCE LIMITADA  ;SANTANDER CONSUMER;BFE;;;;;;;;;;;;;;;12-03-2026;24-03-2026;;;;29-04-2026
;1452;26-02-2026;11;TCPV59;;ADJUDICADO;DERIVACION;NO;TRANSFERIDO;PSA CHILE SA  ;COMERCIAL SAINT GERMAIN SA  ;AUTOMOTORAS;;;;;;;;;;;;;;;13-03-2026;13-03-2026;;;;29-03-2026
;1452;26-02-2026;12;TFCB77;;ADJUDICADO;DERIVACION;NO;TRANSFERIDO;PSA CHILE SA  ;COMERCIAL SAINT GERMAIN SA  ;AUTOMOTORAS;;;;;;;;;;;;;;;13-03-2026;13-03-2026;;;;29-03-2026
;1452;26-02-2026;13;TFCB18;;ADJUDICADO;DERIVACION;NO;TRANSFERIDO;PSA CHILE SA  ;COMERCIAL SAINT GERMAIN SA  ;AUTOMOTORAS;;;;;;;;;;;;;;;13-03-2026;13-03-2026;;;;29-03-2026
;1452;26-02-2026;14;TFBZ95;;ADJUDICADO;DERIVACION;NO;TRANSFERIDO;PSA CHILE SA  ;COMERCIAL SAINT GERMAIN SA  ;AUTOMOTORAS;;;;;;;;;;;;;;;13-03-2026;13-03-2026;;;;29-03-2026
;1452;26-02-2026;15;TFCB87;;ADJUDICADO;DERIVACION;NO;TRANSFERIDO;PSA CHILE SA  ;COMERCIAL SAINT GERMAIN SA  ;AUTOMOTORAS;;;;;;;;;;;;;;;13-03-2026;13-03-2026;;;;29-03-2026
;1452;26-02-2026;16;MA0020;;SIN POSTOR;GENERICO;NO;NO APLICA;KAUFMANN SA  ;KAUFMANN SA  ;AUTOMOTORAS;;;;;;;;;;;;;;;;;;;;
;1452;26-02-2026;17;MA0021;;SIN POSTOR;GENERICO;NO;NO APLICA;KAUFMANN SA  ;KAUFMANN SA  ;AUTOMOTORAS;;;;;;;;;;;;;;;;;;;;
;1452;26-02-2026;18;RZHZ47;;ADJUDICADO;LIQ;NO;GESTION MACAL;FERNANDO ANDRÉS VILLALÓN SILVA  ;LIQUIDACION;LIQUIDACIONES;;;;;;;;;;;;;;;;;;;;
;1452;26-02-2026;19;SWDJ31;;ADJUDICADO;GENERICO;NO;TRANSFERIDO;SANTANDER CONSUMER FINANCE LIMITADA  ;SANTANDER CONSUMER;BFE;;;;;;;;;;;;;;;12-03-2026;24-03-2026;;;;29-04-2026
;1452;26-02-2026;21;PKSG65;;ADJUDICADO;LIQ;NO;GESTION MACAL;WILSON ANDRÉS CANALES PONCE  ;LIQUIDACION;LIQUIDACIONES;;;;;;;;;;;;;;;;;;;;
;1452;26-02-2026;22;KKRZ51;;ADJUDICADO;LIQ;NO;GESTION MACAL;EDGAR ANDRES ROJAS  ;LIQUIDACION;LIQUIDACIONES;;;;;;;;;;;;;;;;;;;;
;1452;26-02-2026;23;MA0049;;ADJUDICADO;GENERICO;NO;NO APLICA;KAUFMANN SA;KAUFMANN SA  ;AUTOMOTORAS;;;;;;;;;;;;;;;;;;;;
;1452;26-02-2026;24;JJLB36;;ADJUDICADO;LIQ;NO;GESTION MACAL;GRUPO INGEFIRE SPA  ;LIQUIDACION;LIQUIDACIONES;;;;;;;;;;;;;;;;;;;;
;1452;26-02-2026;25;JZKC21;;ADJUDICADO;LIQ;NO;SOLICITUD DE TRANSFERENCIA;TRANSPORTES FARIÑA SPA  ;LIQUIDACION;LIQUIDACIONES;;;;;;;;;;;;;;;24-07-2026;28-07-2026;;;;
;1452;26-02-2026;26;WT2407;;SIN POSTOR;LIQ;NO;NO APLICA;DIEGO ORLANDO HUERTA GONZÁLEZ  ;LIQUIDACION;LIQUIDACIONES;;;;;;;;;;;;;;;;;;;;
;1452;26-02-2026;27;HTKX28;;ADJUDICADO;LIQ;NO;NO CONTRATA;GRUPO INGEFIRE SPA  ;LIQUIDACION;LIQUIDACIONES;;;;;;;;;;;;;;;;;;;;
;1452;26-02-2026;1;TBSS67;83450050105;ADJUDICADO;DERIVACION;NO;TRANSFERIDO;PSA CHILE SA  ;COMERCIAL SAINT GERMAIN SA  ;AUTOMOTORAS;;;;;;;;;;;;;;;13-03-2026;13-03-2026;;;;29-03-2026
;1456;05-03-2026;1;SKKR77;;ADJUDICADO;DERIVACION;NO;TRANSFERIDO;PSA CHILE SA  ;COMERCIAL SAINT GERMAIN SA  ;AUTOMOTORAS;;;;;;;;;;;;;;;23-03-2026;25-03-2026;;;;29-04-2026
;1456;05-03-2026;2;SGVJ48;;ADJUDICADO;DERIVACION;NO;TRANSFERIDO;PSA CHILE SA  ;COMERCIAL SAINT GERMAIN SA  ;AUTOMOTORAS;;;;;;;;;;;;;;;23-03-2026;25-03-2026;;;;29-04-2026
;1456;05-03-2026;3;TBSY75;;ADJUDICADO;DERIVACION;NO;TRANSFERIDO;PSA CHILE SA  ;COMERCIAL SAINT GERMAIN SA  ;AUTOMOTORAS;;;;;;;;;;;;;;;23-03-2026;25-03-2026;;;;29-04-2026
;1456;05-03-2026;4;TCPH55;;ADJUDICADO;DERIVACION;NO;TRANSFERIDO;PSA CHILE SA  ;COMERCIAL SAINT GERMAIN SA  ;AUTOMOTORAS;;;;;;;;;;;;;;;23-03-2026;25-03-2026;;;;29-04-2026
;1456;05-03-2026;6;SWPW75;;ADJUDICADO;DERIVACION;NO;TRANSFERIDO;PSA CHILE SA  ;COMERCIAL SAINT GERMAIN SA  ;AUTOMOTORAS;;;;;;;;;;;;;;;23-03-2026;25-03-2026;;;;29-04-2026
;1456;05-03-2026;7;TBFL91;;ADJUDICADO;GENERICO;NO;TRANSFERIDO;EUROPARTS SPA . .;EUROPARTS SPA . .;AUTOMOTORAS;;;;;;;;;;;;;;;24-03-2026;25-03-2026;;;;29-04-2026
;1456;05-03-2026;8;MA0027;;ADJUDICADO;GENERICO;NO;NO APLICA;KAUFMANN SA;KAUFMANN SA  ;AUTOMOTORAS;;;;;;;;;;;;;;;;;;;;
;1456;05-03-2026;9;MA0046;;ADJUDICADO;GENERICO;NO;NO APLICA;KAUFMANN SA;KAUFMANN SA  ;AUTOMOTORAS;;;;;;;;;;;;;;;;;;;;
;1456;05-03-2026;10;SXSX59;;ADJUDICADO;GENERICO;NO;TRANSFERIDO;LEASING PIE ANDINO SA . .;LEASING PIE ANDINO SA;AUTOMOTORAS;;;;;;;;;;;;;;;24-03-2026;25-03-2026;;;;29-04-2026
;1456;05-03-2026;11;LTJH65;;ADJUDICADO;GENERICO;NO;TRANSFERIDO;BIONET S.A.  ;BIONET S.A.  ;AUTOMOTORAS;;;;;;;;;;;;;;;24-03-2026;25-03-2026;;;;29-04-2026
;1456;05-03-2026;12;MA0050;;ADJUDICADO;GENERICO;NO;NO APLICA;KAUFMANN SA;KAUFMANN SA  ;AUTOMOTORAS;;;;;;;;;;;;;;;;;;;;
;1456;05-03-2026;13;MA0051;;SIN POSTOR;GENERICO;NO;NO APLICA;KAUFMANN SA;KAUFMANN SA  ;AUTOMOTORAS;;;;;;;;;;;;;;;;;;;;
;1456;05-03-2026;14;TBXX20;;ADJUDICADO;DERIVACION;NO;TRANSFERIDO;PSA CHILE SA  ;COMERCIAL SAINT GERMAIN SA  ;AUTOMOTORAS;;;;;;;;;;;;;;;23-03-2026;25-03-2026;;;;29-04-2026
;1456;05-03-2026;15;TBWT92;;ADJUDICADO;DERIVACION;NO;TRANSFERIDO;PSA CHILE SA  ;COMERCIAL SAINT GERMAIN SA  ;AUTOMOTORAS;;;;;;;;;;;;;;;23-03-2026;25-03-2026;;;;29-04-2026
;1456;05-03-2026;16;TBXX84;;ADJUDICADO;DERIVACION;NO;TRANSFERIDO;PSA CHILE SA  ;COMERCIAL SAINT GERMAIN SA  ;AUTOMOTORAS;;;;;;;;;;;;;;;23-03-2026;25-03-2026;;;;29-04-2026
;1456;05-03-2026;17;TBWT89;;DESISTIMIENTO;DERIVACION;NO;NO APLICA;PSA CHILE SA  ;COMERCIAL SAINT GERMAIN SA  ;AUTOMOTORAS;;;;;;;;;;;;;;;;;;;;
;1456;05-03-2026;19;FXXJ32;;ADJUDICADO;GENERICO;NO;TRANSFERIDO;SERV ESTEBAN JESUS CRISTI SALINAS EIRL . .;SERV ESTEBAN JESUS CRISTI SALINAS EIRL . .;BFE;;;;;;;;;;;;;;;24-03-2026;25-03-2026;;;;29-04-2026
;1456;05-03-2026;20;SDSF80;;ADJUDICADO;GENERICO;NO;TRANSFERIDO;SERV ESTEBAN JESUS CRISTI SALINAS EIRL . .;SERV ESTEBAN JESUS CRISTI SALINAS EIRL . .;BFE;;;;;;;;;;;;;;;24-03-2026;25-03-2026;;;;29-04-2026
;1456;05-03-2026;21;LYFC27;;ADJUDICADO;GENERICO;NO;TRANSFERIDO;SERV ESTEBAN JESUS CRISTI SALINAS EIRL . .;SERV ESTEBAN JESUS CRISTI SALINAS EIRL . .;BFE;;;;;;;;;;;;;;;24-03-2026;25-03-2026;;;;29-04-2026
;1456;05-03-2026;5;TCPJ96;79380177232;ADJUDICADO;DERIVACION;NO;TRANSFERIDO;PSA CHILE SA  ;COMERCIAL SAINT GERMAIN SA  ;AUTOMOTORAS;;;;;;;;;;;;;;;23-03-2026;25-03-2026;;;;29-04-2026
;1456;05-03-2026;18;TFCB71;58040422634;ADJUDICADO;DERIVACION;NO;TRANSFERIDO;PSA CHILE SA  ;COMERCIAL SAINT GERMAIN SA  ;AUTOMOTORAS;;;;;;;;;;;;;;;23-03-2026;25-03-2026;;;;29-04-2026
;1457;12-03-2026;1;MA0057;;ADJUDICADO;GENERICO;NO;NO APLICA;KAUFMANN SA;KAUFMANN SA  ;AUTOMOTORAS;;;;;;;;;;;;;;;;;;;;
;1457;12-03-2026;2;MA0056;;ADJUDICADO;GENERICO;NO;NO APLICA;KAUFMANN SA;KAUFMANN SA  ;AUTOMOTORAS;;;;;;;;;;;;;;;;;;;;
;1457;12-03-2026;3;TCPH53;;ADJUDICADO;DERIVACION;NO;TRANSFERIDO;PSA CHILE SA  ;COMERCIAL SAINT GERMAIN SA  ;AUTOMOTORAS;;;;;;;;;;;;;;;26-03-2026;30-03-2026;;;;14-05-2026
;1457;12-03-2026;4;TSZV39;;ADJUDICADO;GENERICO;NO;TRANSFERIDO;SERVICIOS SALFA LTDA. ;SERVICIOS SALFA LTDA. ;LEASING;;;;;;;;;;;;;;;24-03-2026;25-03-2026;;;;29-04-2026
;1457;12-03-2026;5;TSZX11;;ADJUDICADO;GENERICO;NO;TRANSFERIDO;SERVICIOS SALFA LTDA. ;SERVICIOS SALFA LTDA. ;LEASING;;;;;;;;;;;;;;;24-03-2026;25-03-2026;;;;29-04-2026
;1457;12-03-2026;6;VVHP67;;ADJUDICADO;GENERICO;NO;TRANSFERIDO;COMERCIAL SAINT GERMAIN SA;COMERCIAL SAINT GERMAIN SA  ;AUTOMOTORAS;;;;;;;;;;;;;;;26-05-2026;29-05-2026;;;;01-07-2026
;1457;12-03-2026;7;VVHP17;;ADJUDICADO;GENERICO;NO;TRANSFERIDO;COMERCIAL SAINT GERMAIN SA;COMERCIAL SAINT GERMAIN SA  ;AUTOMOTORAS;;;;;;;;;;;;;;;26-05-2026;29-05-2026;;;;06-07-2026
;1457;12-03-2026;8;PZSX32;;ADJUDICADO;GENERICO;NO;GESTION MACAL;ACTIVA MOVILIDAD II SPA  ;ACTIVA MOVILIDAD II SPA  ;LEASING;[14/04] PIDEN MANDATO DE KAUFMANN;14-04-2026;;;;;;;;;;;;;;;;;;
;1457;12-03-2026;9;GZSL30;;ADJUDICADO;GENERICO;NO;TRANSFERIDO;I.S.S. SPA  ;I.S.S. SPA  ;BFE;;;;;;;;;;;;;;;24-03-2026;25-03-2026;;;;29-04-2026
;1457;12-03-2026;10;MA0054;;ADJUDICADO;GENERICO;NO;NO APLICA;KAUFMANN SA;KAUFMANN SA  ;AUTOMOTORAS;;;;;;;;;;;;;;;;;;;;
;1457;12-03-2026;11;MA0055;;ADJUDICADO;GENERICO;NO;NO APLICA;KAUFMANN SA;KAUFMANN SA  ;AUTOMOTORAS;;;;;;;;;;;;;;;;;;;;
;1457;12-03-2026;12;TBWV28;;ADJUDICADO;DERIVACION;NO;TRANSFERIDO;PSA CHILE SA  ;COMERCIAL SAINT GERMAIN SA  ;AUTOMOTORAS;;;;;;;;;;;;;;;26-03-2026;30-03-2026;;;;14-05-2026
;1457;12-03-2026;13;TBWT89;;ADJUDICADO;DERIVACION;NO;TRANSFERIDO;PSA CHILE SA  ;COMERCIAL SAINT GERMAIN SA  ;AUTOMOTORAS;;;;;;;;;;;;;;;26-03-2026;30-03-2026;;;;14-05-2026
;1457;12-03-2026;14;MA0052;;ADJUDICADO;GENERICO;NO;NO APLICA;KAUFMANN SA;KAUFMANN SA  ;AUTOMOTORAS;;;;;;;;;;;;;;;;;;;;
;1457;12-03-2026;15;MA0053;;ADJUDICADO;GENERICO;NO;NO APLICA;KAUFMANN SA;KAUFMANN SA  ;AUTOMOTORAS;;;;;;;;;;;;;;;;;;;;
;1458;19-03-2026;16;PCCT40;82160461248;ADJUDICADO;GENERICO;NO;TRANSFERIDO;SANTANDER CONSUMER FINANCE LIMITADA  ;SANTANDER CONSUMER;BFE;;;;;;;;;;;;;;;01-04-2026;02-04-2026;;;;11-05-2026
;1458;19-03-2026;3;PGBW17;79420096442;ADJUDICADO;DERIVACION;SI;TRANSFERIDO;MARÍA DE LOS ANGELES COLLELL  ;SANTA INES II SPA KAVAK;COMPRADIRECTA;;;;;;;;;;;;;;;01-04-2026;06-04-2026;;;;14-05-2026
;1458;19-03-2026;19;RWGT45;82030374126;ADJUDICADO;GENERICO;NO;TRANSFERIDO;SANTANDER CONSUMER FINANCE LIMITADA  ;SANTANDER CONSUMER;BFE;;;;;;;;;;;;;;;01-04-2026;02-04-2026;;;;11-05-2026
;1458;19-03-2026;18;RZDF94;83220125864;ADJUDICADO;GENERICO;NO;TRANSFERIDO;SANTANDER CONSUMER FINANCE LIMITADA  ;SANTANDER CONSUMER;BFE;;;;;;;;;;;;;;;01-04-2026;02-04-2026;;;;11-05-2026
;1458;19-03-2026;4;TBCV78;79420226650;ADJUDICADO;DERIVACION;NO;TRANSFERIDO;PSA CHILE SA  ;COMERCIAL SAINT GERMAIN SA  ;AUTOMOTORAS;;;;;;;;;;;;;;;01-04-2026;06-04-2026;;;;14-05-2026
;1458;19-03-2026;1;TLWR44;;ADJUDICADO;DERIVACION;NO;TRANSFERIDO;PSA CHILE SA  ;COMERCIAL SAINT GERMAIN SA  ;AUTOMOTORAS;;;;;;;;;;;;;;;01-04-2026;06-04-2026;;;;14-05-2026
;1458;19-03-2026;2;TLWP14;;DESISTIMIENTO;DERIVACION;NO;NO APLICA;PSA CHILE SA  ;COMERCIAL SAINT GERMAIN SA  ;AUTOMOTORAS;;;;;;;;;;;;;;;;;;;;
;1458;19-03-2026;5;TBTH16;;ADJUDICADO;DERIVACION;NO;TRANSFERIDO;PSA CHILE SA  ;COMERCIAL SAINT GERMAIN SA  ;AUTOMOTORAS;;;;;;;;;;;;;;;01-04-2026;06-04-2026;;;;22-05-2026
;1458;19-03-2026;6;VVHL87;;ADJUDICADO;GENERICO;NO;TRANSFERIDO;COMERCIAL SAINT GERMAIN SA;COMERCIAL SAINT GERMAIN SA  ;AUTOMOTORAS;;;;;;;;;;;;;;;26-05-2026;29-05-2026;;;;01-07-2026
;1458;19-03-2026;7;VVHR17;;ADJUDICADO;GENERICO;NO;TRANSFERIDO;COMERCIAL SAINT GERMAIN SA;COMERCIAL SAINT GERMAIN SA  ;AUTOMOTORAS;;;;;;;;;;;;;;;26-05-2026;29-05-2026;;;;01-07-2026
;1458;19-03-2026;8;MA0060;;ADJUDICADO;GENERICO;NO;NO APLICA;KAUFMANN SA;KAUFMANN SA  ;AUTOMOTORAS;;;;;;;;;;;;;;;;;;;;
;1458;19-03-2026;9;MA0061;;ADJUDICADO;GENERICO;NO;NO APLICA;KAUFMANN SA;KAUFMANN SA  ;AUTOMOTORAS;;;;;;;;;;;;;;;;;;;;
;1458;19-03-2026;10;JBTK93;;ADJUDICADO;GENERICO;NO;TRANSFERIDO;SANTANDER CONSUMER FINANCE LIMITADA  ;SANTANDER CONSUMER;BFE;;;;;;;;;;;;;;;01-04-2026;02-04-2026;;;;11-05-2026
;1458;19-03-2026;12;TCPV79;;ADJUDICADO;DERIVACION;NO;TRANSFERIDO;PSA CHILE SA  ;COMERCIAL SAINT GERMAIN SA  ;AUTOMOTORAS;;;;;;;;;;;;;;;01-04-2026;06-04-2026;;;;14-05-2026
;1458;19-03-2026;14;TBXX74;;ADJUDICADO;DERIVACION;NO;TRANSFERIDO;PSA CHILE SA  ;COMERCIAL SAINT GERMAIN SA  ;AUTOMOTORAS;;;;;;;;;;;;;;;01-04-2026;06-04-2026;;;;14-05-2026
;1458;19-03-2026;15;TFCB40;;ADJUDICADO;DERIVACION;NO;TRANSFERIDO;PSA CHILE SA  ;COMERCIAL SAINT GERMAIN SA  ;AUTOMOTORAS;;;;;;;;;;;;;;;01-04-2026;06-04-2026;;;;14-05-2026
;1458;19-03-2026;17;RSVG95;;ADJUDICADO;GENERICO;NO;TRANSFERIDO;SANTANDER CONSUMER FINANCE LIMITADA  ;SANTANDER CONSUMER;BFE;;;;;;;;;;;;;;;01-04-2026;02-04-2026;;;;11-05-2026
;1458;19-03-2026;20;MA0020;;ADJUDICADO;GENERICO;NO;NO APLICA;KAUFMANN SA;KAUFMANN SA  ;AUTOMOTORAS;;;;;;;;;;;;;;;;;;;;
;1458;19-03-2026;21;MA0021;;ADJUDICADO;GENERICO;NO;NO APLICA;KAUFMANN SA;KAUFMANN SA  ;AUTOMOTORAS;;;;;;;;;;;;;;;;;;;;
;1458;19-03-2026;13;TBXX81;83290108915;ADJUDICADO;DERIVACION;NO;TRANSFERIDO;PSA CHILE SA  ;COMERCIAL SAINT GERMAIN SA  ;AUTOMOTORAS;;;;;;;;;;;;;;;01-04-2026;06-04-2026;;;;14-05-2026
;1458;19-03-2026;11;TFCB17;82030252496;ADJUDICADO;DERIVACION;NO;TRANSFERIDO;PSA CHILE SA  ;COMERCIAL SAINT GERMAIN SA  ;AUTOMOTORAS;;;;;;;;;;;;;;;01-04-2026;06-04-2026;;;;14-05-2026
;1459;26-03-2026;17;SKDR42;82220189896;ADJUDICADO;DERIVACION;NO;TRANSFERIDO;PSA CHILE SA  ;COMERCIAL SAINT GERMAIN SA  ;AUTOMOTORAS;;;;;;;;;;;;;;;09-04-2026;13-04-2026;;;;22-05-2026
;1459;26-03-2026;16;SLKL97;82220244071;ADJUDICADO;DERIVACION;NO;TRANSFERIDO;PSA CHILE SA  ;COMERCIAL SAINT GERMAIN SA  ;AUTOMOTORAS;;;;;;;;;;;;;;;09-04-2026;13-04-2026;;;;22-05-2026
;1459;26-03-2026;15;SSDD40;82140454164;ADJUDICADO;DERIVACION;NO;TRANSFERIDO;PSA CHILE SA  ;COMERCIAL SAINT GERMAIN SA  ;AUTOMOTORAS;;;;;;;;;;;;;;;09-04-2026;13-04-2026;;;;22-05-2026
;1459;26-03-2026;12;TBWS58;83290095237;ADJUDICADO;DERIVACION;NO;TRANSFERIDO;PSA CHILE SA  ;COMERCIAL SAINT GERMAIN SA  ;AUTOMOTORAS;;;;;;;;;;;;;;;09-04-2026;13-04-2026;;;;22-05-2026
;1459;26-03-2026;1;SGWD28;;ADJUDICADO;DERIVACION;NO;TRANSFERIDO;PSA CHILE SA  ;COMERCIAL SAINT GERMAIN SA  ;AUTOMOTORAS;;;;;;;;;;;;;;;09-04-2026;13-04-2026;;;;22-05-2026
;1459;26-03-2026;2;TLWR24;;ADJUDICADO;DERIVACION;NO;TRANSFERIDO;PSA CHILE SA  ;COMERCIAL SAINT GERMAIN SA  ;AUTOMOTORAS;;;;;;;;;;;;;;;09-04-2026;13-04-2026;;;;22-05-2026
;1459;26-03-2026;3;TLWP30;;ADJUDICADO;DERIVACION;NO;TRANSFERIDO;PSA CHILE SA  ;COMERCIAL SAINT GERMAIN SA  ;AUTOMOTORAS;;;;;;;;;;;;;;;09-04-2026;13-04-2026;;;;22-05-2026
;1459;26-03-2026;4;TLZV81;;ADJUDICADO;DERIVACION;NO;TRANSFERIDO;PSA CHILE SA  ;COMERCIAL SAINT GERMAIN SA  ;AUTOMOTORAS;;;;;;;;;;;;;;;09-04-2026;13-04-2026;;;;22-05-2026
;1459;26-03-2026;5;TRZJ44;;ADJUDICADO;DERIVACION;NO;TRANSFERIDO;PSA CHILE SA  ;COMERCIAL SAINT GERMAIN SA  ;AUTOMOTORAS;;;;;;;;;;;;;;;09-04-2026;13-04-2026;;;;22-05-2026
;1459;26-03-2026;6;TBTH42;;ADJUDICADO;DERIVACION;NO;TRANSFERIDO;PSA CHILE SA  ;COMERCIAL SAINT GERMAIN SA  ;AUTOMOTORAS;;;;;;;;;;;;;;;09-04-2026;13-04-2026;;;;22-05-2026
;1459;26-03-2026;7;TCPS55;;ADJUDICADO;DERIVACION;NO;TRANSFERIDO;PSA CHILE SA  ;COMERCIAL SAINT GERMAIN SA  ;AUTOMOTORAS;;;;;;;;;;;;;;;09-04-2026;13-04-2026;;;;22-05-2026
;1459;26-03-2026;8;SYHR36;;ADJUDICADO;DERIVACION;NO;TRANSFERIDO;PSA CHILE SA  ;COMERCIAL SAINT GERMAIN SA  ;AUTOMOTORAS;;;;;;;;;;;;;;;09-04-2026;13-04-2026;;;;22-05-2026
;1459;26-03-2026;9;MA0068;;DESISTIMIENTO;DERIVACION;NO;NO APLICA;COMERCIAL SAINT GERMAIN SA;COMERCIAL SAINT GERMAIN SA  ;AUTOMOTORAS;;;;;;;;;;;;;;;;;;;;
;1459;26-03-2026;10;MA0066;;ADJUDICADO;GENERICO;NO;NO APLICA;KAUFMANN SA;KAUFMANN SA  ;AUTOMOTORAS;;;;;;;;;;;;;;;;;;;;
;1459;26-03-2026;11;MA0067;;ADJUDICADO;GENERICO;NO;NO APLICA;KAUFMANN SA  ;KAUFMANN SA  ;AUTOMOTORAS;;;;;;;;;;;;;;;;;;;;
;1459;26-03-2026;13;TBWV13;83220203851;ADJUDICADO;DERIVACION;NO;TRANSFERIDO;PSA CHILE SA  ;COMERCIAL SAINT GERMAIN SA  ;AUTOMOTORAS;;;;;;;;;;;;;;;09-04-2026;13-04-2026;;;;22-05-2026
;1459;26-03-2026;14;TBWV23;81080008626;ADJUDICADO;DERIVACION;NO;TRANSFERIDO;PSA CHILE SA  ;COMERCIAL SAINT GERMAIN SA  ;AUTOMOTORAS;;;;;;;;;;;;;;;09-04-2026;13-04-2026;;;;22-05-2026
;1459;26-03-2026;18;MA0064;;ADJUDICADO;GENERICO;NO;NO APLICA;KAUFMANN SA;KAUFMANN SA  ;AUTOMOTORAS;;;;;;;;;;;;;;;;;;;;
;1459;26-03-2026;19;MA0065;;ADJUDICADO;GENERICO;NO;NO APLICA;KAUFMANN SA;KAUFMANN SA  ;AUTOMOTORAS;;;;;;;;;;;;;;;;;;;;
;1459;26-03-2026;20;TDSB82;;ADJUDICADO;LIQ;NO;GESTION MACAL;ESTEBAN MAURICIO PINO ÁLVAREZ  ;LIQUIDACION;LIQUIDACIONES;;;;;;;;;;;;;;;;;;;;
;1459;26-03-2026;21;LKTR25;;ADJUDICADO;LIQ;NO;TRANSFERIDO;FELIPE IGNACIO AZÓCAR CABELLO  ;LIQUIDACION;LIQUIDACIONES;;;;;;;;;;;;;;;16-04-2026;17-04-2026;;;;25-05-2026
;1459;26-03-2026;22;KKRZ51;;ADJUDICADO;LIQ;NO;GESTION MACAL;EDGAR ANDRES ROJAS  ;LIQUIDACION;LIQUIDACIONES;;;;;;;;;;;;;;;;;;;;
;1463;02-04-2026;13;SLPD46;85430229410;ADJUDICADO;DERIVACION;NO;TRANSFERIDO;PSA CHILE SA  ;COMERCIAL SAINT GERMAIN SA  ;AUTOMOTORAS;;;;;;;;;;;;;;;14-04-2026;16-04-2026;;;;22-05-2026
;1463;02-04-2026;1;TLWR34;;ADJUDICADO;DERIVACION;NO;TRANSFERIDO;PSA CHILE SA  ;COMERCIAL SAINT GERMAIN SA  ;AUTOMOTORAS;;;;;;;;;;;;;;;14-04-2026;16-04-2026;;;;22-05-2026
;1463;02-04-2026;3;TLZY43;;ADJUDICADO;DERIVACION;NO;TRANSFERIDO;PSA CHILE SA  ;COMERCIAL SAINT GERMAIN SA  ;AUTOMOTORAS;;;;;;;;;;;;;;;14-04-2026;16-04-2026;;;;22-05-2026
;1463;02-04-2026;4;TRZC79;;ADJUDICADO;DERIVACION;NO;TRANSFERIDO;PSA CHILE SA  ;COMERCIAL SAINT GERMAIN SA  ;AUTOMOTORAS;;;;;;;;;;;;;;;14-04-2026;16-04-2026;;;;22-05-2026
;1463;02-04-2026;5;TLZY46;;ADJUDICADO;DERIVACION;NO;TRANSFERIDO;PSA CHILE SA  ;COMERCIAL SAINT GERMAIN SA  ;AUTOMOTORAS;;;;;;;;;;;;;;;14-04-2026;16-04-2026;;;;22-05-2026
;1463;02-04-2026;6;TCPP15;;ADJUDICADO;DERIVACION;NO;TRANSFERIDO;PSA CHILE SA  ;COMERCIAL SAINT GERMAIN SA  ;AUTOMOTORAS;;;;;;;;;;;;;;;14-04-2026;16-04-2026;;;;22-05-2026
;1463;02-04-2026;7;TCPP73;;ADJUDICADO;DERIVACION;NO;TRANSFERIDO;PSA CHILE SA  ;COMERCIAL SAINT GERMAIN SA  ;AUTOMOTORAS;;;;;;;;;;;;;;;14-04-2026;16-04-2026;;;;22-05-2026
;1463;02-04-2026;8;VVDL96;;ADJUDICADO;GENERICO;NO;TRANSFERIDO;COMERCIAL SAINT GERMAIN SA;COMERCIAL SAINT GERMAIN SA  ;AUTOMOTORAS;;;;;;;;;;;;;;;26-05-2026;29-05-2026;;;;01-07-2026
;1463;02-04-2026;9;SJKV24;;ADJUDICADO;GENERICO;SI;TRANSFERIDO;ALD AUTOMOTIVE LIMITADA .;SANTA INES II ALD;COMPRADIRECTA;;;;;;;;;;;;;;;16-04-2026;17-04-2026;;;;25-05-2026
;1463;02-04-2026;10;TCPV39;;ADJUDICADO;DERIVACION;NO;TRANSFERIDO;PSA CHILE SA  ;COMERCIAL SAINT GERMAIN SA  ;AUTOMOTORAS;;;;;;;;;;;;;;;14-04-2026;16-04-2026;;;;22-05-2026
;1463;02-04-2026;11;TFBZ43;;ADJUDICADO;DERIVACION;NO;TRANSFERIDO;PSA CHILE SA  ;COMERCIAL SAINT GERMAIN SA  ;AUTOMOTORAS;;;;;;;;;;;;;;;14-04-2026;16-04-2026;;;;22-05-2026
;1463;02-04-2026;12;TBXV38;;ADJUDICADO;DERIVACION;NO;TRANSFERIDO;PSA CHILE SA  ;COMERCIAL SAINT GERMAIN SA  ;AUTOMOTORAS;;;;;;;;;;;;;;;14-04-2026;16-04-2026;;;;22-05-2026
;1463;02-04-2026;14;SXZT78;;ANULACION;DERIVACION;NO;NO APLICA;PSA CHILE SA  ;COMERCIAL SAINT GERMAIN SA  ;AUTOMOTORAS;;;;;;;;;;;;;;;;;;;;
;1463;02-04-2026;15;SKDR39;;ADJUDICADO;DERIVACION;NO;TRANSFERIDO;PSA CHILE SA  ;COMERCIAL SAINT GERMAIN SA  ;AUTOMOTORAS;;;;;;;;;;;;;;;14-04-2026;16-04-2026;;;;22-05-2026
;1463;02-04-2026;16;MA0070;;SIN POSTOR;GENERICO;NO;NO APLICA;KAUFMANN ;KAUFMANN ;AUTOMOTORAS;;;;;;;;;;;;;;;;;;;;
;1463;02-04-2026;17;MA0071;;SIN POSTOR;GENERICO;NO;NO APLICA;KAUFMANN ;KAUFMANN ;AUTOMOTORAS;;;;;;;;;;;;;;;;;;;;
;1463;02-04-2026;2;TLWR35;85430229576;ADJUDICADO;DERIVACION;NO;TRANSFERIDO;PSA CHILE SA  ;COMERCIAL SAINT GERMAIN SA  ;AUTOMOTORAS;;;;;;;;;;;;;;;14-04-2026;16-04-2026;;;;22-05-2026
;1464;09-04-2026;6;SKJZ13;85430561598;ADJUDICADO;GENERICO;NO;TRANSFERIDO;NISSAN-TANNER FINANCIAL SERVICES RETAIL  ;TANNER;BFE;;;;;;;;;;;;;;;21-04-2026;24-04-2026;;;;01-06-2026
;1464;09-04-2026;17;SYZW15;85430561655;ADJUDICADO;DERIVACION;NO;TRANSFERIDO;PSA CHILE SA  ;COMERCIAL SAINT GERMAIN SA  ;AUTOMOTORAS;;;;;;;;;;;;;;;21-04-2025;22-04-2026;;;;03-06-2026
;1464;09-04-2026;8;TBCV47;85430561424;ADJUDICADO;DERIVACION;NO;TRANSFERIDO;PSA CHILE SA  ;COMERCIAL SAINT GERMAIN SA  ;AUTOMOTORAS;;;;;;;;;;;;;;;21-04-2025;22-04-2026;;;;03-06-2026
;1464;09-04-2026;12;TBWR88;85430561762;ADJUDICADO;DERIVACION;NO;TRANSFERIDO;PSA CHILE SA  ;COMERCIAL SAINT GERMAIN SA  ;AUTOMOTORAS;;;;;;;;;;;;;;;21-04-2025;22-04-2026;;;;03-06-2026
;1464;09-04-2026;2;TLWR36;85430561283;ADJUDICADO;DERIVACION;NO;TRANSFERIDO;PSA CHILE SA  ;COMERCIAL SAINT GERMAIN SA  ;AUTOMOTORAS;;;;;;;;;;;;;;;21-04-2025;22-04-2026;;;;03-06-2026
;1464;09-04-2026;3;TLZV85;;DESISTIMIENTO;DERIVACION;NO;NO APLICA;PSA CHILE SA  ;COMERCIAL SAINT GERMAIN SA  ;AUTOMOTORAS;;;;;;;;;;;;;;;;;;;;
;1464;09-04-2026;4;TRZJ51;85430561549;ADJUDICADO;DERIVACION;NO;TRANSFERIDO;PSA CHILE SA  ;COMERCIAL SAINT GERMAIN SA  ;AUTOMOTORAS;;;;;;;;;;;;;;;21-04-2025;22-04-2026;;;;03-06-2026
;1464;09-04-2026;5;TLZV88;85430561531;ADJUDICADO;DERIVACION;NO;TRANSFERIDO;PSA CHILE SA  ;COMERCIAL SAINT GERMAIN SA  ;AUTOMOTORAS;;;;;;;;;;;;;;;21-04-2025;22-04-2026;;;;03-06-2026
;1464;09-04-2026;7;TBCV31;85430561879;ADJUDICADO;DERIVACION;NO;TRANSFERIDO;PSA CHILE SA  ;COMERCIAL SAINT GERMAIN SA  ;AUTOMOTORAS;;;;;;;;;;;;;;;21-04-2025;22-04-2026;;;;03-06-2026
;1464;09-04-2026;9;MA0074;;ADJUDICADO;GENERICO;NO;NO APLICA;KAUFMANN SA  ;KAUFMANN SA  ;AUTOMOTORAS;;;;;;;;;;;;;;;;;;;;
;1464;09-04-2026;10;MA0075;;SIN POSTOR;GENERICO;NO;NO APLICA;KAUFMANN SA  ;KAUFMANN SA  ;AUTOMOTORAS;;;;;;;;;;;;;;;;;;;;
;1464;09-04-2026;11;VVHR27;;ADJUDICADO;GENERICO;NO;TRANSFERIDO;COMERCIAL SAINT GERMAIN SA  ;COMERCIAL SAINT GERMAIN SA  ;AUTOMOTORAS;;;;;;;;;;;;;;;26-05-2026;29-05-2026;;;;02-07-2026
;1464;09-04-2026;13;TCPV89;85430561432;ADJUDICADO;DERIVACION;NO;TRANSFERIDO;PSA CHILE SA  ;COMERCIAL SAINT GERMAIN SA  ;AUTOMOTORAS;;;;;;;;;;;;;;;21-04-2025;22-04-2026;;;;03-06-2026
;1464;09-04-2026;14;TCPV99;85430561838;ADJUDICADO;DERIVACION;NO;TRANSFERIDO;PSA CHILE SA  ;COMERCIAL SAINT GERMAIN SA  ;AUTOMOTORAS;;;;;;;;;;;;;;;21-04-2025;22-04-2026;;;;03-06-2026
;1464;09-04-2026;15;SLKG28;85430561028;ADJUDICADO;DERIVACION;NO;TRANSFERIDO;PSA CHILE SA  ;COMERCIAL SAINT GERMAIN SA  ;AUTOMOTORAS;;;;;;;;;;;;;;;21-04-2025;22-04-2026;;;;03-06-2026
;1464;09-04-2026;16;SPFS59;85430561523;ADJUDICADO;DERIVACION;NO;TRANSFERIDO;PSA CHILE SA  ;COMERCIAL SAINT GERMAIN SA  ;AUTOMOTORAS;;;;;;;;;;;;;;;21-04-2025;22-04-2026;;;;03-06-2026
;1464;09-04-2026;18;LWKJ69;85430550872;ADJUDICADO;GENERICO;NO;TRANSFERIDO;TANNER SERVICIOS FINANCIEROS S.A  ;TANNER;BFE;;;;;;;;;;;;;;;21-04-2026;23-04-2026;;;;29-05-2026
;1464;09-04-2026;19;SCHF28;85430561358;ADJUDICADO;GENERICO;NO;TRANSFERIDO;TANNER SERVICIOS FINANCIEROS S.A  ;TANNER;BFE;;;;;;;;;;;;;;;21-04-2026;23-04-2026;;;;29-05-2026
;1464;09-04-2026;1;TLWL58;85430561069;ADJUDICADO;DERIVACION;NO;TRANSFERIDO;PSA CHILE SA  ;COMERCIAL SAINT GERMAIN SA  ;AUTOMOTORAS;;;;;;;;;;;;;;;21-04-2025;22-04-2026;;;;03-06-2026
;1465;16-04-2026;15;TFCC15;85430517467;ADJUDICADO;DERIVACION;NO;TRANSFERIDO;PSA CHILE SA  ;COMERCIAL SAINT GERMAIN SA  ;AUTOMOTORAS;;;;;;;;;;;;;;;06-05-2026;08-05-2026;;;;17-06-2026
;1465;16-04-2026;6;TBTH18;85430517186;ADJUDICADO;DERIVACION;NO;TRANSFERIDO;PSA CHILE SA  ;COMERCIAL SAINT GERMAIN SA  ;AUTOMOTORAS;;;;;;;;;;;;;;;06-05-2026;08-05-2026;;;;17-06-2026
;1465;16-04-2026;21;RJPR23;78520169109;ADJUDICADO;GENERICO;NO;TRANSFERIDO;SANTANDER CONSUMER FINANCE LIMITADA  ;SANTANDER CONSUMER;BFE;;;;;;;;;;;;;;;06-05-2026;08-05-2026;;;;12-06-2026
;1465;16-04-2026;10;RVBL93;85430517681;ADJUDICADO;GENERICO;NO;TRANSFERIDO;SANTANDER CONSUMER FINANCE LIMITADA  ;SANTANDER CONSUMER;BFE;;;;;;;;;;;;;;;06-05-2026;08-05-2026;;;;12-06-2026
;1465;16-04-2026;2;TLWR32;;ADJUDICADO;DERIVACION;NO;TRANSFERIDO;PSA CHILE SA  ;COMERCIAL SAINT GERMAIN SA  ;AUTOMOTORAS;;;;;;;;;;;;;;;06-05-2026;08-05-2026;;;;17-06-2026
;1465;16-04-2026;4;TRZC99;;ADJUDICADO;DERIVACION;NO;TRANSFERIDO;PSA CHILE SA  ;COMERCIAL SAINT GERMAIN SA  ;AUTOMOTORAS;;;;;;;;;;;;;;;06-05-2026;08-05-2026;;;;17-06-2026
;1465;16-04-2026;5;TRZD29;;ADJUDICADO;DERIVACION;NO;TRANSFERIDO;PSA CHILE SA  ;COMERCIAL SAINT GERMAIN SA  ;AUTOMOTORAS;;;;;;;;;;;;;;;06-05-2026;08-05-2026;;;;17-06-2026
;1465;16-04-2026;8;VVHP97;;ADJUDICADO;GENERICO;NO;TRANSFERIDO;COMERCIAL SAINT GERMAIN SA;COMERCIAL SAINT GERMAIN SA  ;AUTOMOTORAS;;;;;;;;;;;;;;;26-05-2026;29-05-2026;;;;01-07-2026
;1465;16-04-2026;9;KLBK67;;ADJUDICADO;GENERICO;NO;TRANSFERIDO;MONSTER ENERGY COMPANY CHILE LTDA;MONSTER ENERGY COMPANY CHILE LTDA;BFE;;;;;;;;;;;;;;;06-05-2026;08-05-2026;;;;12-06-2026
;1465;16-04-2026;11;HRVZ61;;ADJUDICADO;GENERICO;NO;TRANSFERIDO;SANTANDER CONSUMER FINANCE LIMITADA  ;SANTANDER CONSUMER;BFE;;;;;;;;;;;;;;;06-05-2026;08-05-2026;;;;12-06-2026
;1465;16-04-2026;12;TFCC17;;ADJUDICADO;DERIVACION;NO;TRANSFERIDO;PSA CHILE SA  ;COMERCIAL SAINT GERMAIN SA  ;AUTOMOTORAS;;;;;;;;;;;;;;;06-05-2026;08-05-2026;;;;17-06-2026
;1465;16-04-2026;13;TCPV84;;ADJUDICADO;DERIVACION;NO;TRANSFERIDO;PSA CHILE SA  ;COMERCIAL SAINT GERMAIN SA  ;AUTOMOTORAS;;;;;;;;;;;;;;;06-05-2026;08-05-2026;;;;17-06-2026
;1465;16-04-2026;14;TFCB55;;ADJUDICADO;DERIVACION;NO;TRANSFERIDO;PSA CHILE SA  ;COMERCIAL SAINT GERMAIN SA  ;AUTOMOTORAS;;;;;;;;;;;;;;;06-05-2026;08-05-2026;;;;17-06-2026
;1465;16-04-2026;7;TFFP17;85430517574;ADJUDICADO;DERIVACION;NO;TRANSFERIDO;PSA CHILE SA  ;COMERCIAL SAINT GERMAIN SA  ;AUTOMOTORAS;;;;;;;;;;;;;;;06-05-2026;08-05-2026;;;;17-06-2026
;1465;16-04-2026;16;TCPV71;;ADJUDICADO;DERIVACION;NO;TRANSFERIDO;PSA CHILE SA  ;COMERCIAL SAINT GERMAIN SA  ;AUTOMOTORAS;;;;;;;;;;;;;;;06-05-2026;08-05-2026;;;;17-06-2026
;1465;16-04-2026;17;MA0078;;ADJUDICADO;GENERICO;NO;NO APLICA;KAUFMANN SA  ;KAUFMANN SA  ;AUTOMOTORAS;;;;;;;;;;;;;;;;;;;;
;1465;16-04-2026;18;MA0079;;SIN POSTOR;GENERICO;NO;NO APLICA;KAUFMANN SA  ;KAUFMANN SA  ;AUTOMOTORAS;;;;;;;;;;;;;;;;;;;;
;1465;16-04-2026;19;LWJZ46;;ADJUDICADO;GENERICO;NO;TRANSFERIDO;SANTANDER CONSUMER FINANCE LIMITADA  ;SANTANDER CONSUMER;BFE;;;;;;;;;;;;;;;06-05-2026;08-05-2026;;;;12-06-2026
;1465;16-04-2026;20;PLPZ17;;ADJUDICADO;GENERICO;NO;TRANSFERIDO;SANTANDER CONSUMER FINANCE LIMITADA  ;SANTANDER CONSUMER;BFE;;;;;;;;;;;;;;;06-05-2026;08-05-2026;;;;12-06-2026
;1465;16-04-2026;1;TLWP13;85430517020;ADJUDICADO;DERIVACION;NO;TRANSFERIDO;PSA CHILE SA  ;COMERCIAL SAINT GERMAIN SA  ;AUTOMOTORAS;;;;;;;;;;;;;;;06-05-2026;08-05-2026;;;;03-06-2026
;1465;16-04-2026;3;TRZC91;85430517152;ADJUDICADO;DERIVACION;NO;TRANSFERIDO;PSA CHILE SA  ;COMERCIAL SAINT GERMAIN SA  ;AUTOMOTORAS;;;;;;;;;;;;;;;06-05-2026;08-05-2026;;;;17-06-2026
;1466;23-04-2026;14;TFCB20;81170204929;ADJUDICADO;DERIVACION;NO;TRANSFERIDO;PSA CHILE SA  ;COMERCIAL SAINT GERMAIN SA  ;AUTOMOTORAS;;;;;;;;;;;;;;;06-05-2026;08-05-2026;;;;17-06-2026
;1466;23-04-2026;12;TBXX83;79090018411;ADJUDICADO;DERIVACION;NO;TRANSFERIDO;PSA CHILE SA  ;COMERCIAL SAINT GERMAIN SA  ;AUTOMOTORAS;;;;;;;;;;;;;;;06-05-2026;08-05-2026;;;;17-06-2026
;1466;23-04-2026;20;TDSR15;79410156859;ADJUDICADO;GENERICO;NO;TRANSFERIDO;SANTANDER CONSUMER FINANCE LIMITADA  ;SANTANDER CONSUMER;BFE;;;;;;;;;;;;;;;06-05-2026;08-05-2026;;;;12-06-2026
;1466;23-04-2026;1;SGWB98;;ADJUDICADO;DERIVACION;NO;TRANSFERIDO;PSA CHILE SA  ;COMERCIAL SAINT GERMAIN SA  ;AUTOMOTORAS;;;;;;;;;;;;;;;06-05-2026;08-05-2026;;;;17-06-2026
;1466;23-04-2026;2;SJZV68;;ADJUDICADO;GENERICO;NO;TRANSFERIDO;SANTANDER CONSUMER FINANCE LIMITADA  ;SANTANDER CONSUMER;BFE;;;;;;;;;;;;;;;06-05-2026;08-05-2026;;;;12-06-2026
;1466;23-04-2026;3;TLWL91;;ADJUDICADO;DERIVACION;NO;TRANSFERIDO;PSA CHILE SA  ;COMERCIAL SAINT GERMAIN SA  ;AUTOMOTORAS;;;;;;;;;;;;;;;06-05-2026;08-05-2026;;;;17-06-2026
;1466;23-04-2026;4;TLWR28;;ADJUDICADO;DERIVACION;NO;TRANSFERIDO;PSA CHILE SA  ;COMERCIAL SAINT GERMAIN SA  ;AUTOMOTORAS;;;;;;;;;;;;;;;06-05-2026;08-05-2026;;;;17-06-2026
;1466;23-04-2026;5;TRZG98;;ADJUDICADO;DERIVACION;NO;TRANSFERIDO;PSA CHILE SA  ;COMERCIAL SAINT GERMAIN SA  ;AUTOMOTORAS;;;;;;;;;;;;;;;06-05-2026;08-05-2026;;;;17-06-2026
;1466;23-04-2026;6;TRZD18;;ADJUDICADO;DERIVACION;NO;TRANSFERIDO;PSA CHILE SA  ;COMERCIAL SAINT GERMAIN SA  ;AUTOMOTORAS;;;;;;;;;;;;;;;06-05-2026;08-05-2026;;;;17-06-2026
;1466;23-04-2026;8;TBTH22;;ADJUDICADO;DERIVACION;NO;TRANSFERIDO;PSA CHILE SA  ;COMERCIAL SAINT GERMAIN SA  ;AUTOMOTORAS;;;;;;;;;;;;;;;06-05-2026;08-05-2026;;;;17-06-2026
;1466;23-04-2026;9;TCPL41;;ADJUDICADO;DERIVACION;NO;TRANSFERIDO;PSA CHILE SA  ;COMERCIAL SAINT GERMAIN SA  ;AUTOMOTORAS;;;;;;;;;;;;;;;06-05-2026;08-05-2026;;;;17-06-2026
;1466;23-04-2026;10;THVW97;;ADJUDICADO;GENERICO;NO;TRANSFERIDO;SANTANDER CONSUMER FINANCE LIMITADA  ;SANTANDER CONSUMER;BFE;;;;;;;;;;;;;;;06-05-2026;08-05-2026;;;;12-06-2026
;1466;23-04-2026;11;VVHL77;;ADJUDICADO;GENERICO;NO;TRANSFERIDO;COMERCIAL SAINT GERMAIN SA  ;COMERCIAL SAINT GERMAIN SA  ;AUTOMOTORAS;;;;;;;;;;;;;;;26-05-2026;29-05-2026;;;;01-07-2026
;1466;23-04-2026;13;TCPY95;;ADJUDICADO;DERIVACION;NO;TRANSFERIDO;PSA CHILE SA  ;COMERCIAL SAINT GERMAIN SA  ;AUTOMOTORAS;;;;;;;;;;;;;;;06-05-2026;08-05-2026;;;;17-06-2026
;1466;23-04-2026;15;SKHW39;;ADJUDICADO;DERIVACION;NO;TRANSFERIDO;PSA CHILE SA  ;COMERCIAL SAINT GERMAIN SA  ;AUTOMOTORAS;;;;;;;;;;;;;;;06-05-2026;08-05-2026;;;;17-06-2026
;1466;23-04-2026;16;JPKX91;;ADJUDICADO;GENERICO;NO;TRANSFERIDO;SANTANDER CONSUMER FINANCE LIMITADA  ;SANTANDER CONSUMER;BFE;;;;;;;;;;;;;;;06-05-2026;08-05-2026;;;;12-06-2026
;1466;23-04-2026;17;MA0070;;ADJUDICADO;GENERICO;NO;NO APLICA;KAUFMANN SA;KAUFMANN SA  ;AUTOMOTORAS;;;;;;;;;;;;;;;;;;;;
;1466;23-04-2026;18;MA0071;;ADJUDICADO;GENERICO;NO;NO APLICA;KAUFMANN SA;KAUFMANN SA  ;AUTOMOTORAS;;;;;;;;;;;;;;;;;;;;
;1466;23-04-2026;19;TKVY52;;ADJUDICADO;GENERICO;NO;TRANSFERIDO;SANTANDER CONSUMER FINANCE LIMITADA  ;SANTANDER CONSUMER;BFE;;;;;;;;;;;;;;;06-05-2026;08-05-2026;;;;12-06-2026
;1466;23-04-2026;7;TRZG96;83290308804;ADJUDICADO;DERIVACION;NO;TRANSFERIDO;PSA CHILE SA  ;COMERCIAL SAINT GERMAIN SA  ;AUTOMOTORAS;;;;;;;;;;;;;;;06-05-2026;08-05-2026;;;;17-06-2026
;1466;23-04-2026;21;LTJF78;;ADJUDICADO;GENERICO;NO;TRANSFERIDO;SANTANDER CONSUMER FINANCE LIMITADA  ;SANTANDER CONSUMER;BFE;;;;;;;;;;;;;;;06-05-2026;08-05-2026;;;;12-06-2026
;1467;30-04-2026;1;RJJG31;;ADJUDICADO;LIQ;NO;GESTION MACAL;FERNANDO ANDRÉS URBINA CÉSPEDES  ;LIQUIDACION;LIQUIDACIONES;;;;;;;;;;;;;;;;;;;;
;1467;30-04-2026;2;SGWD17;329065;ADJUDICADO;DERIVACION;NO;TRANSFERIDO;PSA CHILE SA  ;COMERCIAL SAINT GERMAIN SA  ;AUTOMOTORAS;;;;;;;;;;;;;;;14-05-2026;19-05-2026;;;;02-07-2026
;1467;30-04-2026;3;SGWC95;329067;ADJUDICADO;DERIVACION;NO;TRANSFERIDO;PSA CHILE SA  ;COMERCIAL SAINT GERMAIN SA  ;AUTOMOTORAS;;;;;;;;;;;;;;;14-05-2026;19-05-2026;;;;02-07-2026
;1467;30-04-2026;4;TLWR21;79410146041;ADJUDICADO;DERIVACION;NO;TRANSFERIDO;PSA CHILE SA  ;COMERCIAL SAINT GERMAIN SA  ;AUTOMOTORAS;;;;;;;;;;;;;;;14-05-2026;19-05-2026;;;;02-07-2026
;1467;30-04-2026;5;SSDF43;;ADJUDICADO;LIQ;NO;GESTION MACAL;CAMILA ALEJANDRA NEGRETE LABARCA  ;LIQUIDACION;LIQUIDACIONES;;;;;;;;;;;;;;;;;;;;
;1467;30-04-2026;6;TRZG70;329104;ADJUDICADO;DERIVACION;NO;TRANSFERIDO;PSA CHILE SA  ;COMERCIAL SAINT GERMAIN SA  ;AUTOMOTORAS;;;;;;;;;;;;;;;14-05-2026;19-05-2026;;;;02-07-2026
;1467;30-04-2026;7;TRZG84;329110;ADJUDICADO;DERIVACION;NO;TRANSFERIDO;PSA CHILE SA  ;COMERCIAL SAINT GERMAIN SA  ;AUTOMOTORAS;;;;;;;;;;;;;;;14-05-2026;19-05-2026;;;;02-07-2026
;1467;30-04-2026;8;TRZG94;329126;ADJUDICADO;DERIVACION;NO;TRANSFERIDO;PSA CHILE SA  ;COMERCIAL SAINT GERMAIN SA  ;AUTOMOTORAS;;;;;;;;;;;;;;;14-05-2026;19-05-2026;;;;02-07-2026
;1467;30-04-2026;9;TFFP16;329093;ADJUDICADO;DERIVACION;NO;TRANSFERIDO;PSA CHILE SA  ;COMERCIAL SAINT GERMAIN SA  ;AUTOMOTORAS;;;;;;;;;;;;;;;14-05-2026;19-05-2026;;;;02-07-2026
;1467;30-04-2026;10;TBTH33;329029;ADJUDICADO;DERIVACION;NO;TRANSFERIDO;PSA CHILE SA  ;COMERCIAL SAINT GERMAIN SA  ;AUTOMOTORAS;;;;;;;;;;;;;;;14-05-2026;19-05-2026;;;;02-07-2026
;1467;30-04-2026;11;TCPP27;329027;ADJUDICADO;DERIVACION;NO;TRANSFERIDO;PSA CHILE SA  ;COMERCIAL SAINT GERMAIN SA  ;AUTOMOTORAS;;;;;;;;;;;;;;;14-05-2026;19-05-2026;;;;02-07-2026
;1467;30-04-2026;12;MA0079;;ADJUDICADO;GENERICO;NO;NO APLICA;KAUFMANN SA  ;KAUFMANN SA  ;AUTOMOTORAS;;;;;;;;;;;;;;;;;;;;
;1467;30-04-2026;13;MA0080;;ADJUDICADO;GENERICO;NO;NO APLICA;KAUFMANN SA  ;KAUFMANN SA  ;AUTOMOTORAS;;;;;;;;;;;;;;;;;;;;
;1467;30-04-2026;14;VVHR57;;ADJUDICADO;GENERICO;NO;TRANSFERIDO;COMERCIAL SAINT GERMAIN SA  ;COMERCIAL SAINT GERMAIN SA  ;AUTOMOTORAS;;;;;;;;;;;;;;;26-05-2026;29-05-2026;;;;02-07-2026
;1467;30-04-2026;15;FLKR37;;SIN POSTOR;LIQ;NO;NO APLICA;MEGACHILE ALIMENTOS SPA  ;LIQUIDACION;LIQUIDACIONES;;;;;;;;;;;;;;;;;;;;
;1467;30-04-2026;16;TCXZ87;;ADJUDICADO;LIQ;NO;GESTION MACAL;CAMILA ALEJANDRA NEGRETE LABARCA  ;LIQUIDACION;LIQUIDACIONES;;;;;;;;;;;;;;;;;;;;
;1467;30-04-2026;17;TCPW13;;DESISTIMIENTO;DERIVACION;NO;NO APLICA;PSA CHILE SA  ;COMERCIAL SAINT GERMAIN SA  ;AUTOMOTORAS;;;;;;;;;;;;;;;;;;;;
;1467;30-04-2026;18;TBXX75;82140411610;ADJUDICADO;DERIVACION;NO;TRANSFERIDO;PSA CHILE SA  ;COMERCIAL SAINT GERMAIN SA  ;AUTOMOTORAS;;;;;;;;;;;;;;;14-05-2026;19-05-2026;;;;02-07-2026
;1467;30-04-2026;19;TFBZ76;81070114871;ADJUDICADO;DERIVACION;NO;TRANSFERIDO;PSA CHILE SA  ;COMERCIAL SAINT GERMAIN SA  ;AUTOMOTORAS;;;;;;;;;;;;;;;14-05-2026;19-05-2026;;;;02-07-2026
;1467;30-04-2026;20;SJFH27;;ADJUDICADO;LIQ;NO;GESTION MACAL;PAOLA ANDREA ESCOBAR GÓMEZ  ;LIQUIDACION;LIQUIDACIONES;;;;;;;;;;;;;;;;;;;;
;1467;30-04-2026;21;TVDL84;;DESISTIMIENTO;LIQ;NO;NO APLICA;BASTIÁN ALEXANDER CONTRERAS GODOY  ;LIQUIDACION;LIQUIDACIONES;;;;;;;;;;;;;;;;;;;;
;1467;30-04-2026;22;MY3750;;ADJUDICADO;LIQ;NO;SOLICITUD DE TRANSFERENCIA;AILEEN PAZ LEÓN MUÑOZ  ;LIQUIDACION;LIQUIDACIONES;"[28/07] RECHAZADA MOTIVO ""FACTURA DE REMATE NO INDICA PROPIETARIO DEL VEHÍCULO.- NOTA DE CRÉDITO NO ES EMITIDA POR EL EMISOR DE FACTURA.-"" EN REVISION";28-07-2026;;;;;;;;;;;;;12-05-2026;13-05-2026;;20-06-2026;;
;1467;30-04-2026;23;WT2407;81080023427;ADJUDICADO;LIQ;NO;TRANSFERIDO;DIEGO ORLANDO HUERTA GONZÁLEZ  ;LIQUIDACION;LIQUIDACIONES;;;;;;;;;;;;;;;12-05-2026;13-05-2026;;;;16-06-2026
;1467;30-04-2026;24;ZU2861;80020161842;ADJUDICADO;GENERICO;NO;TRANSFERIDO;NATALIA ANDREA DAHUABE OSORIO  ;PARTICULAR;BFE;;;;;;;;;;;;;;;12-05-2026;04-06-2026;;;;14-07-2026
;M0001;07-05-2026;1;TLZV85;342821;ADJUDICADO;DERIVACION;NO;TRANSFERIDO;PSA CHILE SA  ;SG AUTOS;AUTOMOTORAS;;;;;;;;;;;;;;;26-05-2026;26-05-2026;;;;02-07-2026
;M0001;07-05-2026;2;TRZG86;345479;ADJUDICADO;DERIVACION;NO;TRANSFERIDO;PSA CHILE SA  ;SG AUTOS;AUTOMOTORAS;;;;;;;;;;;;;;;26-05-2026;26-05-2026;;;;02-07-2026
;M0001;07-05-2026;3;TRZG65;342649;ADJUDICADO;DERIVACION;NO;TRANSFERIDO;PSA CHILE SA  ;SG AUTOS;AUTOMOTORAS;;;;;;;;;;;;;;;26-05-2026;26-05-2026;;;;02-07-2026
;M0001;07-05-2026;4;SKKS67;342608;ADJUDICADO;DERIVACION;NO;TRANSFERIDO;PSA CHILE SA  ;SG AUTOS;AUTOMOTORAS;;;;;;;;;;;;;;;26-05-2026;26-05-2026;;;;02-07-2026
;M0001;07-05-2026;5;SKKS70;82470475615;ADJUDICADO;DERIVACION;NO;TRANSFERIDO;PSA CHILE SA  ;SG AUTOS;AUTOMOTORAS;;;;;;;;;;;;;;;26-05-2026;26-05-2026;;;;02-07-2026
;M0001;07-05-2026;6;TBTH30;342607;ADJUDICADO;DERIVACION;NO;TRANSFERIDO;PSA CHILE SA  ;SG AUTOS;AUTOMOTORAS;;;;;;;;;;;;;;;26-05-2026;26-05-2026;;;;02-07-2026
;M0001;07-05-2026;7;TBTH25;342618;ADJUDICADO;DERIVACION;NO;TRANSFERIDO;PSA CHILE SA  ;SG AUTOS;AUTOMOTORAS;;;;;;;;;;;;;;;26-05-2026;26-05-2026;;;;02-07-2026
;M0001;07-05-2026;8;TBTH43;345316;ADJUDICADO;DERIVACION;NO;TRANSFERIDO;PSA CHILE SA  ;SG AUTOS;AUTOMOTORAS;;;;;;;;;;;;;;;26-05-2026;26-05-2026;;;;02-07-2026
;M0001;07-05-2026;9;VVHP77;;ADJUDICADO;GENERICO;NO;TRANSFERIDO;COMERCIAL SAINT GERMAIN SA;SG AUTOS;AUTOMOTORAS;;;;;;;;;;;;;;;20-05-2026;25-05-2026;;;;24-06-2026
;M0001;07-05-2026;10;MA0081;;ADJUDICADO;GENERICO;NO;NO APLICA;KAUFMANN;KAUFMANN;AUTOMOTORAS;;;;;;;;;;;;;;;;;;;;
;M0001;07-05-2026;11;MA0082;;ADJUDICADO;GENERICO;NO;NO APLICA;KAUFMANN;KAUFMANN;AUTOMOTORAS;;;;;;;;;;;;;;;;;;;;
;M0001;07-05-2026;12;TFBZ96;342626;ADJUDICADO;DERIVACION;NO;TRANSFERIDO;PSA CHILE SA  ;SG AUTOS;AUTOMOTORAS;;;;;;;;;;;;;;;26-05-2026;26-05-2026;;;;02-07-2026
;M0001;07-05-2026;13;SXZT78;342628;ADJUDICADO;DERIVACION;NO;TRANSFERIDO;PSA CHILE SA  ;SG AUTOS;AUTOMOTORAS;;;;;;;;;;;;;;;26-05-2026;26-05-2026;;;;02-07-2026
;M0001;07-05-2026;14;SFTP76;58090551506;ADJUDICADO;GENERICO;NO;TRANSFERIDO;TANNER SERVICIOS FINANCIEROS S.A  ;TANNER;BFE;;;;;;;;;;;;;;;20-05-2026;25-05-2026;;;;24-06-2026
;M0002;14-05-2026;1;TKFG77;85400256278;ADJUDICADO;DERIVACION;NO;TRANSFERIDO;PSA CHILE SA  ;SG AUTOS;AUTOMOTORAS;;;;;;;;;;;;;;;29-05-2026;01-06-2026;;;;14-07-2026
;M0002;14-05-2026;2;TRZC93;;ADJUDICADO;DERIVACION;NO;TRANSFERIDO;PSA CHILE SA  ;SG AUTOS ;AUTOMOTORAS;;;;;;;;;;;;;;;29-05-2026;01-06-2026;;;;14-07-2026
;M0002;14-05-2026;3;TRZG50;;ADJUDICADO;DERIVACION;NO;TRANSFERIDO;PSA CHILE SA  ;SG AUTOS;AUTOMOTORAS;;;;;;;;;;;;;;;29-05-2026;01-06-2026;;;;14-07-2026
;M0002;14-05-2026;4;TLZY31;;ADJUDICADO;DERIVACION;NO;TRANSFERIDO;PSA CHILE SA  ;SG AUTOS ;AUTOMOTORAS;;;;;;;;;;;;;;;29-05-2026;01-06-2026;;;;14-07-2026
;M0002;14-05-2026;5;TFFP73;82210195986;ADJUDICADO;DERIVACION;NO;TRANSFERIDO;PSA CHILE SA  ;SG AUTOS;AUTOMOTORAS;;;;;;;;;;;;;;;29-05-2026;01-06-2026;;;;14-07-2026
;M0002;14-05-2026;6;TCPS71;79230238390;ADJUDICADO;DERIVACION;NO;TRANSFERIDO;PSA CHILE SA  ;SG AUTOS;AUTOMOTORAS;;;;;;;;;;;;;;;29-05-2026;01-06-2026;;;;14-07-2026
;M0002;14-05-2026;7;TBTH62;;ADJUDICADO;DERIVACION;NO;TRANSFERIDO;PSA CHILE SA  ;SG AUTOS ;AUTOMOTORAS;;;;;;;;;;;;;;;29-05-2026;01-06-2026;;;;14-07-2026
;M0002;14-05-2026;8;TCPV64;79390189821;ADJUDICADO;DERIVACION;NO;TRANSFERIDO;PSA CHILE SA  ;SG AUTOS ;AUTOMOTORAS;;;;;;;;;;;;;;;29-05-2026;01-06-2026;;;;14-07-2026
;M0002;14-05-2026;9;TCPW13;;ADJUDICADO;DERIVACION;NO;TRANSFERIDO;PSA CHILE SA  ;SG AUTOS;AUTOMOTORAS;;;;;;;;;;;;;;;29-05-2026;01-06-2026;;;;14-07-2026
;M0002;14-05-2026;10;KRJD31;;ADJUDICADO;GENERICO;NO;TRANSFERIDO;SANTANDER CONSUMER FINANCE LIMITADA  ;SANTANDER CONSUMER;BANCO;;;;;;;;;;;;;;;25-05-2026;28-05-2026;;;;01-07-2026
;M0002;14-05-2026;11;VVHL67;;ADJUDICADO;GENERICO;NO;TRANSFERIDO;COMERCIAL SAINT GERMAIN SA;SG AUTOS;AUTOMOTORAS;;;;;;;;;;;;;;;26-05-2026;28-05-2026;;;;02-07-2026
;M0002;14-05-2026;12;VVHR37;;DESISTIMIENTO;GENERICO;NO;NO APLICA;COMERCIAL SAINT GERMAIN SA;SG AUTOS;AUTOMOTORAS;;;;;;;;;;;;;;;;;;;;
;M0002;14-05-2026;13;SLFK16;;ADJUDICADO;GENERICO;NO;TRANSFERIDO;SANTANDER CONSUMER FINANCE LIMITADA  ;SANTANDER CONSUMER;BANCO;;;;;;;;;;;;;;;25-05-2026;27-05-2026;;;;30-06-2026
;M0002;14-05-2026;14;SJBC32;;ADJUDICADO;GENERICO;NO;TRANSFERIDO;SANTANDER CONSUMER FINANCE LIMITADA  ;SANTANDER CONSUMER;BANCO;;;;;;;;;;;;;;;25-05-2026;27-05-2026;;;;30-06-2026
;M0002;14-05-2026;15;RZFL44;80020150746;ADJUDICADO;GENERICO;NO;TRANSFERIDO;SANTANDER CONSUMER FINANCE LIMITADA  ;SANTANDER CONSUMER ;BANCO;;;;;;;;;;;;;;;25-05-2026;28-05-2026;;;;01-07-2026
;M0002;14-05-2026;16;TJCF61;;ADJUDICADO;GENERICO;NO;TRANSFERIDO;SANTANDER CONSUMER FINANCE LIMITADA  ;SANTANDER CONSUMER;BANCO;;;;;;;;;;;;;;;25-05-2026;27-05-2026;;;;30-06-2026
;M0002;14-05-2026;17;KYYJ40;;ADJUDICADO;GENERICO;NO;TRANSFERIDO;SANTANDER CONSUMER FINANCE LIMITADA  ;SANTANDER CONSUMER;BANCO;;;;;;;;;;;;;;;25-05-2026;27-05-2026;;;;30-06-2026
;M0003;28-05-2026;1;TKJJ71;;ADJUDICADO;DERIVACION;NO;TRANSFERIDO;STELLANTIS CHILE S.A.;SG AUTOS;AUTOMOTORAS;;;;;;;;;;;;;;;10-06-2026;10-06-2026;;;;29-07-2026
;M0003;28-05-2026;2;TLZT70;;ADJUDICADO;DERIVACION;NO;TRANSFERIDO;STELLANTIS CHILE S.A.;SG AUTOS;AUTOMOTORAS;;;;;;;;;;;;;;;10-06-2026;10-06-2026;;;;29-07-2026
;M0003;28-05-2026;3;TRZC75;;ADJUDICADO;DERIVACION;NO;TRANSFERIDO;STELLANTIS CHILE S.A.;SG AUTOS;AUTOMOTORAS;;;;;;;;;;;;;;;10-06-2026;10-06-2026;;;;29-07-2026
;M0003;28-05-2026;4;TRZC89;;ADJUDICADO;DERIVACION;NO;TRANSFERIDO;STELLANTIS CHILE S.A.;SG AUTOS;AUTOMOTORAS;;;;;;;;;;;;;;;10-06-2026;10-06-2026;;;;29-07-2026
;M0003;28-05-2026;5;RKYF70;;ADJUDICADO;GENERICO;NO;TRANSFERIDO;TANNER SERVICIOS FINANCIEROS S.A;TANNER;EMPRESA;;;;;;;;;;;;;;;08-06-2026;12-06-2026;;;;29-07-2026
;M0003;28-05-2026;6;TFFP76;;ADJUDICADO;DERIVACION;NO;TRANSFERIDO;STELLANTIS CHILE S.A.;SG AUTOS;AUTOMOTORAS;;;;;;;;;;;;;;;10-06-2026;10-06-2026;;;;29-07-2026
;M0003;28-05-2026;7;TFHT29;;ADJUDICADO;DERIVACION;NO;TRANSFERIDO;STELLANTIS CHILE S.A.;SG AUTOS;AUTOMOTORAS;;;;;;;;;;;;;;;10-06-2026;10-06-2026;;;;29-07-2026
;M0003;28-05-2026;8;SKKR83;;ADJUDICADO;DERIVACION;NO;TRANSFERIDO;STELLANTIS CHILE S.A.;SG AUTOS;AUTOMOTORAS;;;;;;;;;;;;;;;10-06-2026;10-06-2026;;;;29-07-2026
;M0003;28-05-2026;9;SGWC96;;ADJUDICADO;DERIVACION;NO;TRANSFERIDO;STELLANTIS CHILE S.A.;SG AUTOS;AUTOMOTORAS;;;;;;;;;;;;;;;10-06-2026;10-06-2026;;;;29-07-2026
;M0003;28-05-2026;10;JHWY39;;ADJUDICADO;GENERICO;NO;TRANSFERIDO;TANNER SERVICIOS FINANCIEROS S.A;TANNER;EMPRESA;;;;;;;;;;;;;;;08-06-2026;12-06-2026;;;;22-07-2026
;M0003;28-05-2026;11;VVHR37;;DESISTIMIENTO;GENERICO;NO;NO APLICA;SANTA INES II SPA;SG AUTOS;AUTOMOTORAS;;;;;;;;;;;;;;;;;;;;
;M0003;28-05-2026;12;VVHL97;;ADJUDICADO;GENERICO;NO;TRANSFERIDO;SANTA INES II SPA;SG AUTOS;AUTOMOTORAS;;;;;;;;;;;;;;;04-06-2026;17-06-2026;;;;23-07-2026
;M0003;28-05-2026;13;TFBZ63;;ADJUDICADO;DERIVACION;NO;TRANSFERIDO;STELLANTIS CHILE S.A.;SG AUTOS;AUTOMOTORAS;;;;;;;;;;;;;;;10-06-2026;10-06-2026;;;;29-07-2026
;M0003;28-05-2026;14;TBWR81;;ADJUDICADO;DERIVACION;NO;TRANSFERIDO;STELLANTIS CHILE S.A.;SG AUTOS;AUTOMOTORAS;;;;;;;;;;;;;;;10-06-2026;10-06-2026;;;;29-07-2026
;M0003;28-05-2026;15;SXZT73;;ADJUDICADO;DERIVACION;NO;TRANSFERIDO;STELLANTIS CHILE S.A.;SG AUTOS;AUTOMOTORAS;;;;;;;;;;;;;;;10-06-2026;10-06-2026;;;;29-07-2026
;M0003;28-05-2026;16;KXZV23;;ADJUDICADO;GENERICO;NO;TRANSFERIDO;TANNER SERVICIOS FINANCIEROS S.A;TANNER;EMPRESA;;;;;;;;;;;;;;;08-06-2026;12-06-2026;;;;22-07-2026
;M0003;28-05-2026;17;TRZP82;;ADJUDICADO;LIQ;NO;GESTION MACAL;MARION ALEJANDRA OTÁROLA ALMENDRAS;LIQUIDACION;LIQUIDACIONES;ERROR EN EL ACTA DE ENTREGA CON LA PATENTE ;06-07-2026;;;;;;;;;;;;;;;;;;
;M0003;28-05-2026;18;KJJZ67;;ADJUDICADO;LIQ;NO;SOLICITUD DE TRANSFERENCIA;CRISTIAN ESTEBAN CABRERA RIVERA;LIQUIDACION;LIQUIDACIONES;;;;;;;;;;;;;;;07-07-2026;09-07-2026;;;;
;M0003;28-05-2026;19;LTFC19;;ADJUDICADO;LIQ;NO;SOLICITUD DE TRANSFERENCIA;CRISTIAN ESTEBAN CABRERA RIVERA;LIQUIDACION;LIQUIDACIONES;;;;;;;;;;;;;;;07-07-2026;10-07-2026;;;;
;M0003;28-05-2026;22;STJ042;;ADJUDICADO;LIQ;NO;SOLICITUD DE TRANSFERENCIA;MARION ALEJANDRA OTÁROLA ALMENDRAS;LIQUIDACION;LIQUIDACIONES;;;;;;;;;;;;;;;07-07-2026;10-07-2026;;;;
;M0003;28-05-2026;23;VGF072;;ADJUDICADO;LIQ;NO;GESTION MACAL;IRENE ALEJANDRA GARCIA ANUEL;LIQUIDACION;LIQUIDACIONES;;;;;;;;;;;;;;;;;;;;
;M0003;28-05-2026;24;TVDL84;;ADJUDICADO;LIQ;NO;GESTION MACAL;BASTIÁN ALEXANDER CONTRERAS GODOY;LIQUIDACION;LIQUIDACIONES;;;;;;;;;;;;;;;;;;;;
;M0003;28-05-2026;25;FLKR37;;SIN POSTOR;LIQ;NO;NO APLICA;MEGACHILE ALIMENTOS SPA;LIQUIDACION;LIQUIDACIONES;;;;;;;;;;;;;;;;;;;;
;M0003;28-05-2026;26;JJLB36;;SIN POSTOR;LIQ;NO;NO APLICA;GRUPO INGEFIRE SPA;LIQUIDACION;LIQUIDACIONES;;;;;;;;;;;;;;;;;;;;
;M0004;04-06-2026;1;TKJL54;;ADJUDICADO;DERIVACION;NO;TRANSFERIDO;STELLANTIS CHILE S.A.;SG AUTOS;AUTOMOTORAS;;;;;;;;;;;;;;;16-06-2026;17-06-2026;;;;29-07-2026
;M0004;04-06-2026;2;TLZY28;;ADJUDICADO;DERIVACION;NO;TRANSFERIDO;STELLANTIS CHILE S.A.;SG AUTOS;AUTOMOTORAS;;;;;;;;;;;;;;;16-06-2026;17-06-2026;;;;29-07-2026
;M0004;04-06-2026;3;TRZC69;;ADJUDICADO;DERIVACION;NO;TRANSFERIDO;STELLANTIS CHILE S.A.;SG AUTOS;AUTOMOTORAS;;;;;;;;;;;;;;;16-06-2026;17-06-2026;;;;29-07-2026
;M0004;04-06-2026;4;TRZD20;;ADJUDICADO;DERIVACION;NO;TRANSFERIDO;STELLANTIS CHILE S.A.;SG AUTOS;AUTOMOTORAS;;;;;;;;;;;;;;;16-06-2026;17-06-2026;;;;29-07-2026
;M0004;04-06-2026;5;TCPV81;;ADJUDICADO;DERIVACION;NO;TRANSFERIDO;STELLANTIS CHILE S.A.;SG AUTOS;AUTOMOTORAS;;;;;;;;;;;;;;;16-06-2026;17-06-2026;;;;29-07-2026
;M0004;04-06-2026;6;SLKC96;;ADJUDICADO;DERIVACION;NO;TRANSFERIDO;STELLANTIS CHILE S.A.;SG AUTOS;AUTOMOTORAS;;;;;;;;;;;;;;;16-06-2026;17-06-2026;;;;29-07-2026
;M0004;04-06-2026;7;SKFT18;;SIN POSTOR;GENERICO;NO;NO APLICA;TANNER SERVICIOS FINANCIEROS S.A;TANNER;EMPRESA;;;;;;;;;;;;;;;;;;;;
;M0004;04-06-2026;8;RZVK84;;ADJUDICADO;GENERICO;NO;TRANSFERIDO;TANNER SERVICIOS FINANCIEROS S.A;TANNER;EMPRESA;;;;;;;;;;;;;;;16-06-2026;19-06-2026;;;;27-07-2026
;M0004;04-06-2026;9;VVHP57;;ADJUDICADO;GENERICO;NO;TRANSFERIDO;SANTA INES II SPA;SG AUTOS;AUTOMOTORAS;;;;;;;;;;;;;;;16-06-2026;18-06-2026;;;;24-07-2026
;M0004;04-06-2026;10;VVHP87;;ADJUDICADO;GENERICO;NO;TRANSFERIDO;SANTA INES II SPA;SG AUTOS;AUTOMOTORAS;;;;;;;;;;;;;;;16-06-2026;18-06-2026;;;;24-07-2026
;M0004;04-06-2026;11;SRWR24;;ADJUDICADO;DERIVACION;NO;TRANSFERIDO;STELLANTIS CHILE S.A.;SG AUTOS;AUTOMOTORAS;;;;;;;;;;;;;;;17-06-2026;17-06-2026;;;;29-07-2026
;M0004;04-06-2026;12;SGWC97;;ADJUDICADO;DERIVACION;NO;TRANSFERIDO;STELLANTIS CHILE S.A.;SG AUTOS ;AUTOMOTORAS;;;;;;;;;;;;;;;17-06-2026;17-06-2026;;;;29-07-2026
;M0004;04-06-2026;13;LZJH46;;ADJUDICADO;GENERICO;NO;TRANSFERIDO;REDBUS URBANO S A;REDBUS URBANO;EMPRESA;;;;;;;;;;;;;;;16-06-2026;18-06-2026;;;;24-07-2026
;M0004;04-06-2026;14;KCPD42;;ADJUDICADO;GENERICO;NO;TRANSFERIDO;REDBUS URBANO S A;REDBUS URBANO;EMPRESA;;;;;;;;;;;;;;;16-06-2026;18-06-2026;;;;24-07-2026
;M0004;04-06-2026;15;FZZL36;85400256492;ADJUDICADO;GENERICO;NO;TRANSFERIDO;REDBÚS URBANO S A;REDBUS URBANO;EMPRESA;;;;;;;;;;;;;;;16-06-2026;18-06-2026;;;;24-07-2026
;M0004;04-06-2026;16;HZBC11;;ADJUDICADO;GENERICO;NO;TRANSFERIDO;REDBUS URBANO S A;REDBUS URBANO;EMPRESA;;;;;;;;;;;;;;;16-06-2026;18-06-2026;;;;24-07-2026
;M0004;04-06-2026;17;DKGG88;;ADJUDICADO;GENERICO;NO;TRANSFERIDO;REDBUS URBANO S A;REDBUS URBANO;EMPRESA;;;;;;;;;;;;;;;16-06-2026;19-06-2026;;;;27-07-2026
;M0005;11-06-2026;1;TKJJ75;;ADJUDICADO;DERIVACION;NO;SOLICITUD DE TRANSFERENCIA;STELLANTIS CHILE S.A.;SG AUTOS ;AUTOMOTORAS;;;;;;;;;;;;;;;24-06-2026;25-06-2026;;;;
;M0005;11-06-2026;2;TRZG58;;ADJUDICADO;DERIVACION;NO;SOLICITUD DE TRANSFERENCIA;STELLANTIS CHILE S.A.;SG AUTOS;AUTOMOTORAS;;;;;;;;;;;;;;;24-06-2026;25-06-2026;;;;
;M0005;11-06-2026;3;TLZV87;;DESISTIMIENTO;DERIVACION;NO;NO APLICA;STELLANTIS CHILE S.A.;SG AUTOS;AUTOMOTORAS;;;;;;;;;;;;;;;;;;;;
;M0005;11-06-2026;4;TRZH15;;ADJUDICADO;DERIVACION;NO;SOLICITUD DE TRANSFERENCIA;STELLANTIS CHILE S.A.;SG AUTOS;AUTOMOTORAS;;;;;;;;;;;;;;;24-06-2026;25-06-2026;;;;
;M0005;11-06-2026;5;TRZJ67;;ADJUDICADO;DERIVACION;NO;SOLICITUD DE TRANSFERENCIA;STELLANTIS CHILE S.A.;SG AUTOS;AUTOMOTORAS;;;;;;;;;;;;;;;24-06-2026;25-06-2026;;;;
;M0005;11-06-2026;6;SXXY68;;ADJUDICADO;DERIVACION;NO;SOLICITUD DE TRANSFERENCIA;STELLANTIS CHILE S.A.;SG AUTOS;AUTOMOTORAS;;;;;;;;;;;;;;;24-06-2026;25-06-2026;;;;
;M0005;11-06-2026;7;SPJF63;;ADJUDICADO;DERIVACION;NO;SOLICITUD DE TRANSFERENCIA;STELLANTIS CHILE S.A.;SG AUTOS ;AUTOMOTORAS;;;;;;;;;;;;;;;24-06-2026;25-06-2026;;;;
;M0005;11-06-2026;8;SGWD56;;DESISTIMIENTO;DERIVACION;NO;NO APLICA;STELLANTIS CHILE S.A.;SG AUTOS;AUTOMOTORAS;;;;;;;;;;;;;;;;;;;;
;M0005;11-06-2026;9;VVHP27;;ADJUDICADO;GENERICO;NO;TRANSFERIDO;SANTA INES II SPA;SG AUTOS;AUTOMOTORAS;;;;;;;;;;;;;;;16-06-2026;18-06-2026;;;;24-07-2026
;M0005;11-06-2026;10;VVHR47;;ADJUDICADO;GENERICO;NO;TRANSFERIDO;SANTA INES II SPA;SG AUTOS;AUTOMOTORAS;;;;;;;;;;;;;;;16-06-2026;18-06-2026;;;;24-07-2026
;M0005;11-06-2026;11;SKSH11;;ADJUDICADO;GENERICO;SI;SOLICITUD DE TRANSFERENCIA;ALD AUTOMOTIVE LIMITADA;ALD AUTOMOTIVE LIMITADA;COMPRADIRECTA;;;;;;;;;;;;;;;24-06-2026;01-07-2026;;;;
;M0005;11-06-2026;12;TKGG78;;ADJUDICADO;GENERICO;NO;SOLICITUD DE TRANSFERENCIA;SANTANDER CONSUMER FINANCE LIMITADA;SANTANDER CONSUMER;EMPRESA;;;;;;;;;;;;;;;24-06-2026;26-06-2026;;;;
;M0005;11-06-2026;13;TCJF33;;ANULACION;GENERICO;NO;NO APLICA;SANTANDER CONSUMER FINANCE LIMITADA;SANTANDER CONSUMER ;EMPRESA;;;;;;;;;;;;;;;;;;;;
;M0005;11-06-2026;14;SGLP83;;ADJUDICADO;GENERICO;NO;SOLICITUD DE TRANSFERENCIA;SANTANDER CONSUMER FINANCE LIMITADA;SANTANDER CONSUMER;EMPRESA;;;;;;;;;;;;;;;24-06-2026;26-06-2026;;;;
;M0005;11-06-2026;15;SDPZ54;;ADJUDICADO;GENERICO;NO;SOLICITUD DE TRANSFERENCIA;SANTANDER CONSUMER FINANCE LIMITADA;SANTANDER CONSUMER ;EMPRESA;;;;;;;;;;;;;;;24-06-2026;26-06-2026;;;;
;M0005;11-06-2026;16;PKVF50;;ADJUDICADO;GENERICO;NO;SOLICITUD DE TRANSFERENCIA;SANTANDER CONSUMER FINANCE LIMITADA;SANTANDER CONSUMER ;EMPRESA;;;;;;;;;;;;;;;24-06-2026;01-07-2026;;;;
;M0005;11-06-2026;17;SGRY56;;ADJUDICADO;GENERICO;NO;SOLICITUD DE TRANSFERENCIA;SANTANDER CONSUMER FINANCE LIMITADA;SANTANDER CONSUMER;EMPRESA;;;;;;;;;;;;;;;24-06-2026;01-07-2026;;;;
;M0006;18-06-2026;1;TRZD23;;ADJUDICADO;DERIVACION;NO;SOLICITUD DE TRANSFERENCIA;STELLANTIS CHILE S.A.;SG AUTOS;AUTOMOTORAS;;;;;;;;;;;;;;;01-07-2026;02-07-2026;;;;
;M0006;18-06-2026;2;TRZG66;;ADJUDICADO;DERIVACION;NO;SOLICITUD DE TRANSFERENCIA;STELLANTIS CHILE S.A.;SG AUTOS;AUTOMOTORAS;;;;;;;;;;;;;;;01-07-2026;02-07-2026;;;;
;M0006;18-06-2026;3;TRZG63;;ADJUDICADO;DERIVACION;NO;SOLICITUD DE TRANSFERENCIA;STELLANTIS CHILE S.A.;SG AUTOS;AUTOMOTORAS;;;;;;;;;;;;;;;01-07-2026;02-07-2026;;;;
;M0006;18-06-2026;4;TRZD27;;ADJUDICADO;DERIVACION;NO;SOLICITUD DE TRANSFERENCIA;STELLANTIS CHILE S.A.;SG AUTOS;AUTOMOTORAS;;;;;;;;;;;;;;;01-07-2026;02-07-2026;;;;
;M0006;18-06-2026;5;SLFR44;;ADJUDICADO;DERIVACION;NO;SOLICITUD DE TRANSFERENCIA;STELLANTIS CHILE S.A.;SG AUTOS;AUTOMOTORAS;;;;;;;;;;;;;;;09-07-2026;10-07-2026;;;;
;M0006;18-06-2026;6;JRVW20;;DESISTIMIENTO;GENERICO;NO;NO APLICA;SANTANDER CONSUMER FINANCE LIMITADA;SANTANDER CONSUMER;FINANCIERA;;;;;;;;;;;;;;;;;;;;
;M0006;18-06-2026;7;VVHL27;;ADJUDICADO;GENERICO;NO;SOLICITUD DE TRANSFERENCIA;SANTA INES II SPA;SG AUTOS;AUTOMOTORAS;;;;;;;;;;;;;;;24-06-2026;01-07-2026;;;;
;M0006;18-06-2026;8;VVHL47;;ADJUDICADO;GENERICO;NO;SOLICITUD DE TRANSFERENCIA;SANTA INES II SPA;SG AUTOS;AUTOMOTORAS;;;;;;;;;;;;;;;24-06-2026;01-07-2026;;;;
;M0006;18-06-2026;9;SJKV71;;ADJUDICADO;GENERICO;SI;SOLICITUD DE TRANSFERENCIA;ALD AUTOMOTIVE LIMITADA;ALD AUTOMOTIVE LIMITADA;COMPRADIRECTA;;;;;;;;;;;;;;;30-06-2026;03-07-2026;;;;
;M0006;18-06-2026;10;RDBX60;;ADJUDICADO;GENERICO;NO;SOLICITUD DE TRANSFERENCIA;SANTANDER CONSUMER FINANCE LIMITADA;SANTANDER CONSUMER;FINANCIERA;;;;;;;;;;;;;;;30-06-2026;02-07-2026;;;;
;M0006;18-06-2026;11;TCPD85;;DESISTIMIENTO;GENERICO;NO;NO APLICA;SANTANDER CONSUMER FINANCE LIMITADA;SANTANDER CONSUMER;FINANCIERA;;;;;;;;;;;;;;;;;;;;
;M0006;18-06-2026;12;RWFD67;;DESISTIMIENTO;GENERICO;NO;NO APLICA;SANTANDER CONSUMER FINANCE LIMITADA;SANTANDER CONSUMER;FINANCIERA;;;;;;;;;;;;;;;;;;;;
;M0006;18-06-2026;13;SCXL79;;ADJUDICADO;GENERICO;NO;SOLICITUD DE TRANSFERENCIA;SANTANDER CONSUMER FINANCE LIMITADA;SANTANDER CONSUMER;FINANCIERA;;;;;;;;;;;;;;;30-06-2026;03-07-2026;;;;
;M0006;18-06-2026;14;RBHV73;85430477423;ADJUDICADO;GENERICO;NO;SOLICITUD DE TRANSFERENCIA;SANTANDER CONSUMER FINANCE LIMITADA;SANTANDER CONSUMER;FINANCIERA;;;;;;;;;;;;;;;30-06-2026;03-07-2026;;;;
;M0007;25-06-2026;1;TJTS33;;ADJUDICADO;MERA;NO;GESTION MACAL;BANCO ITAU CHILE;EURORENT;EMPRESA;[10/07] UNIDADES SERAN TRANSFERIDAS POR ITAU;10-07-2026;;;;;;;;;;;;;;;;;;
;M0007;25-06-2026;2;SGWD56;;ADJUDICADO;DERIVACION;NO;SOLICITUD DE TRANSFERENCIA;STELLANTIS CHILE S.A.;SG AUTOS;AUTOMOTORAS;;;;;;;;;;;;;;;06-07-2026;07-07-2026;;;;
;M0007;25-06-2026;3;TRZG73;;ADJUDICADO;DERIVACION;NO;SOLICITUD DE TRANSFERENCIA;STELLANTIS CHILE S.A.;SG AUTOS;AUTOMOTORAS;;;;;;;;;;;;;;;06-07-2026;07-07-2026;;;;
;M0007;25-06-2026;4;PJCC16;;ADJUDICADO;GENERICO;NO;SOLICITUD DE TRANSFERENCIA;SANTANDER CONSUMER FINANCE LIMITADA;SANTANDER CONSUMER;FINANCIERA;;;;;;;;;;;;;;;06-07-2026;09-07-2026;;;;
;M0007;25-06-2026;5;TCRP38;;ADJUDICADO;MERA;NO;GESTION MACAL;BANCO ITAU CHILE;EURORENT;EMPRESA;[10/07] UNIDADES SERAN TRANSFERIDAS POR ITAU;10-07-2026;;;;;;;;;;;;;;;;;;
;M0007;25-06-2026;6;SSHK23;;ADJUDICADO;GENERICO;NO;SOLICITUD DE TRANSFERENCIA;SANTANDER CONSUMER FINANCE LIMITADA;SANTANDER CONSUMER;FINANCIERA;;;;;;;;;;;;;;;06-07-2026;07-07-2026;;;;
;M0007;25-06-2026;7;SRYZ56;;ADJUDICADO;GENERICO;NO;SOLICITUD DE TRANSFERENCIA;SANTANDER CONSUMER FINANCE LIMITADA;SANTANDER CONSUMER;FINANCIERA;;;;;;;;;;;;;;;06-07-2026;09-07-2026;;;;
;M0007;25-06-2026;8;RJCT39;;ADJUDICADO;GENERICO;NO;SOLICITUD DE TRANSFERENCIA;SANTANDER CONSUMER FINANCE LIMITADA;SANTANDER CONSUMER;FINANCIERA;;;;;;;;;;;;;;;06-07-2026;07-07-2026;;;;
;M0007;25-06-2026;9;RCFV50;;ADJUDICADO;GENERICO;NO;SOLICITUD DE TRANSFERENCIA;SANTANDER CONSUMER FINANCE LIMITADA;SANTANDER CONSUMER;FINANCIERA;;;;;;;;;;;;;;;06-07-2026;09-07-2026;;;;
;M0007;25-06-2026;10;JHCV50;;ADJUDICADO;GENERICO;NO;SOLICITUD DE TRANSFERENCIA;SANTANDER CONSUMER FINANCE LIMITADA;SANTANDER CONSUMER;FINANCIERA;;;;;;;;;;;;;;;06-07-2026;09-07-2026;;;;
;M0007;25-06-2026;11;PBCY86;;ADJUDICADO;LIQ;NO;GESTION MACAL;JOHAN JESUS ZAMBRANO ROSALES;LIQUIDACION;LIQUIDACIONES;;;;;;;;;;;;;;;;;;;;
;M0007;25-06-2026;12;LGCV65;;SIN POSTOR;LIQ;NO;NO APLICA;GEISY DE JESÚS SEMIDEY SILVA;LIQUIDACION;LIQUIDACIONES;;;;;;;;;;;;;;;;;;;;
;M0007;25-06-2026;13;VVHR77;;ADJUDICADO;GENERICO;NO;SOLICITUD DE TRANSFERENCIA;SANTA INES II SPA;SG AUTOS;AUTOMOTORAS;;;;;;;;;;;;;;;30-06-2026;02-07-2026;;;;
;M0007;25-06-2026;14;VVHK77;;ADJUDICADO;GENERICO;NO;SOLICITUD DE TRANSFERENCIA;SANTA INES II SPA;SG AUTOS;AUTOMOTORAS;;;;;;;;;;;;;;;30-06-2026;02-07-2026;;;;
;M0007;25-06-2026;15;VDHR85;;ADJUDICADO;GENERICO;NO;SOLICITUD DE TRANSFERENCIA;SANTANDER CONSUMER FINANCE LIMITADA;SANTANDER CONSUMER;FINANCIERA;;;;;;;;;;;;;;;06-07-2026;09-07-2026;;;;
;M0007;25-06-2026;16;TYDT40;;ADJUDICADO;GENERICO;NO;SOLICITUD DE TRANSFERENCIA;SANTANDER CONSUMER FINANCE LIMITADA;SANTANDER CONSUMER;FINANCIERA;;;;;;;;;;;;;;;06-07-2026;09-07-2026;;;;
;M0007;25-06-2026;17;FLKR37;;SIN POSTOR;LIQ;NO;NO APLICA;MEGACHILE ALIMENTOS SPA;LIQUIDACION;LIQUIDACIONES;;;;;;;;;;;;;;;;;;;;
;M0008;02-07-2026;1;JBCX82;;ADJUDICADO;GENERICO;NO;SOLICITUD DE TRANSFERENCIA;SANTANDER CONSUMER FINANCE LIMITADA;SANTANDER CONSUMER;FINANCIERA;;;;;;;;;;;;;;;13-07-2026;14-07-2026;;;;
;M0008;02-07-2026;2;TJTS50;;ADJUDICADO;MERA;NO;GESTION MACAL;BANCO ITAU CHILE;EURORENT;EMPRESA;[17/07] UNIDADES SERAN TRANSFERIDAS POR ITAU;17-07-2026;;;;;;;;;;;;;;;;;;
;M0008;02-07-2026;3;TLZV87;;ADJUDICADO;DERIVACION;NO;SOLICITUD DE TRANSFERENCIA;STELLANTIS CHILE S.A.;SG AUTOS;AUTOMOTORAS;;;;;;;;;;;;;;;13-07-2026;13-07-2026;;;;
;M0008;02-07-2026;4;SFJG39;;ADJUDICADO;GENERICO;NO;SOLICITUD DE TRANSFERENCIA;SANTANDER CONSUMER FINANCE LIMITADA;SANTANDER CONSUMER;FINANCIERA;;;;;;;;;;;;;;;13-07-2026;14-07-2026;;;;
;M0008;02-07-2026;5;LLGC22;;ADJUDICADO;GENERICO;NO;SOLICITUD DE TRANSFERENCIA;TANNER SERVICIOS FINANCIEROS S.A;TANNER;EMPRESA;;;;;;;;;;;;;;;13-07-2026;14-07-2026;;;;
;M0008;02-07-2026;6;SGSJ51;;ADJUDICADO;GENERICO;NO;SOLICITUD DE TRANSFERENCIA;SANTANDER CONSUMER FINANCE LIMITADA;SANTANDER CONSUMER;FINANCIERA;;;;;;;;;;;;;;;13-07-2026;14-07-2026;;;;
;M0008;02-07-2026;7;TCRL22;;ADJUDICADO;MERA;NO;GESTION MACAL;BANCO ITAU CHILE;EURORENT;EMPRESA;[17/07] UNIDADES SERAN TRANSFERIDAS POR ITAU;17-07-2026;;;;;;;;;;;;;;;;;;
;M0008;02-07-2026;8;SWYG95;;ADJUDICADO;GENERICO;NO;SOLICITUD DE TRANSFERENCIA;SANTANDER CONSUMER FINANCE LIMITADA;SANTANDER CONSUMER;FINANCIERA;;;;;;;;;;;;;;;13-07-2026;15-07-2026;;;;
;M0008;02-07-2026;9;TYWV66;;ADJUDICADO;GENERICO;NO;SOLICITUD DE TRANSFERENCIA;SANTANDER CONSUMER FINANCE LIMITADA;SANTANDER CONSUMER ;FINANCIERA;;;;;;;;;;;;;;;13-07-2026;15-07-2026;;;;
;M0008;02-07-2026;10;VBRG18;;ADJUDICADO;GENERICO;NO;SOLICITUD DE TRANSFERENCIA;SANTANDER CONSUMER FINANCE LIMITADA;SANTANDER CONSUMER;FINANCIERA;;;;;;;;;;;;;;;13-07-2026;15-07-2026;;;;
;M0008;02-07-2026;11;SFYT58;;ADJUDICADO;GENERICO;NO;SOLICITUD DE TRANSFERENCIA;TANNER SERVICIOS FINANCIEROS S.A;TANNER;EMPRESA;;;;;;;;;;;;;;;13-07-2026;15-07-2026;;;;
;M0008;02-07-2026;12;SHKL34;;ADJUDICADO;GENERICO;NO;SOLICITUD DE TRANSFERENCIA;TANNER FINANCIAL SERVICES RETAIL SPA;TANNER;EMPRESA;;;;;;;;;;;;;;;13-07-2026;15-07-2026;;;;
;M0008;02-07-2026;13;VVHR37;;ADJUDICADO;GENERICO;NO;SOLICITUD DE TRANSFERENCIA;SANTA INES II SPA;SG AUTOS;AUTOMOTORAS;;;;;;;;;;;;;;;06-07-2026;07-07-2026;;;;
;M0008;02-07-2026;14;VVHR67;;ADJUDICADO;GENERICO;NO;SOLICITUD DE TRANSFERENCIA;SANTA INES II SPA;SG AUTOS;AUTOMOTORAS;;;;;;;;;;;;;;;06-07-2026;07-07-2026;;;;
;M0008;02-07-2026;15;SLRV14;;ADJUDICADO;GENERICO;NO;SOLICITUD DE TRANSFERENCIA;REDBUS URBANO S A;REDBUS URBANO;EMPRESA;;;;;;;;;;;;;;;13-07-2026;14-07-2026;;;;
;M0008;02-07-2026;16;DJKJ27;;ADJUDICADO;GENERICO;NO;SOLICITUD DE TRANSFERENCIA;REDBUS URBANO S A;REDBUS URBANO;EMPRESA;;;;;;;;;;;;;;;13-07-2026;14-07-2026;;;;
;M0008;02-07-2026;17;KZXG20;;ADJUDICADO;GENERICO;NO;SOLICITUD DE TRANSFERENCIA;REDBUS URBANO S A;REDBUS URBANO;EMPRESA;;;;;;;;;;;;;;;13-07-2026;14-07-2026;;;;
;M0009;09-07-2026;1;TKFF89;;ADJUDICADO;DERIVACION;NO;SOLICITUD DE TRANSFERENCIA;STELLANTIS CHILE S.A.;SG AUTOS;AUTOMOTORAS;;;;;;;;;;;;;;;20-07-2026;21-07-2026;;;;
;M0009;09-07-2026;2;TRZD28;;ADJUDICADO;DERIVACION;NO;SOLICITUD DE TRANSFERENCIA;STELLANTIS CHILE S.A.;SG AUTOS;AUTOMOTORAS;;;;;;;;;;;;;;;20-07-2026;21-07-2026;;;;
;M0009;09-07-2026;3;TRZH70;;ADJUDICADO;DERIVACION;NO;SOLICITUD DE TRANSFERENCIA;STELLANTIS CHILE S.A.;SG AUTOS;AUTOMOTORAS;;;;;;;;;;;;;;;20-07-2026;21-07-2026;;;;
;M0009;09-07-2026;4;SGWC98;;ADJUDICADO;DERIVACION;NO;GESTION MACAL;STELLANTIS CHILE S.A.;SG AUTOS;AUTOMOTORAS;;;;;;;;;;;;;;;;;;;;
;M0009;09-07-2026;5;JRVW20;;ADJUDICADO;GENERICO;NO;SOLICITUD DE TRANSFERENCIA;SANTANDER CONSUMER FINANCE LIMITADA;SANTANDER CONSUMER;FINANCIERA;;;;;;;;;;;;;;;20-07-2026;21-07-2026;;;;
;M0009;09-07-2026;6;TCPD85;;ADJUDICADO;GENERICO;NO;SOLICITUD DE TRANSFERENCIA;SANTANDER CONSUMER FINANCE LIMITADA;SANTANDER CONSUMER;FINANCIERA;;;;;;;;;;;;;;;20-07-2026;21-07-2026;;;;
;M0009;09-07-2026;7;RWFD67;;ADJUDICADO;GENERICO;NO;SOLICITUD DE TRANSFERENCIA;SANTANDER CONSUMER FINANCE LIMITADA;SANTANDER CONSUMER;FINANCIERA;;;;;;;;;;;;;;;20-07-2026;21-07-2026;;;;
;M0009;09-07-2026;8;SKFT18;;ADJUDICADO;GENERICO;NO;SOLICITUD DE TRANSFERENCIA;TANNER SERVICIOS FINANCIEROS S.A;TANNER;EMPRESA;;;;;;;;;;;;;;;20-07-2026;22-07-2026;;;;
;M0009;09-07-2026;9;VVHP37;;ADJUDICADO;GENERICO;NO;SOLICITUD DE TRANSFERENCIA;SANTA INES II SPA;SG AUTOS;AUTOMOTORAS;;;;;;;;;;;;;;;13-07-2026;14-07-2026;;;;
;M0009;09-07-2026;10;VVHL17;;ADJUDICADO;GENERICO;NO;SOLICITUD DE TRANSFERENCIA;SANTA INÉS II SPA;SG AUTOS;AUTOMOTORAS;;;;;;;;;;;;;;;13-07-2026;14-07-2026;;;;
;M0009;09-07-2026;11;KCSZ42;;ADJUDICADO;GENERICO;NO;SOLICITUD DE TRANSFERENCIA;REDBUS URBANO S A;REDBUS URBANO ;EMPRESA;;;;;;;;;;;;;;;20-07-2026;21-07-2026;;;;
;M0009;09-07-2026;12;JFFS80;;ADJUDICADO;GENERICO;NO;SOLICITUD DE TRANSFERENCIA;REDBUS URBANO S A;REDBUS URBANO;EMPRESA;;;;;;;;;;;;;;;20-07-2026;21-07-2026;;;;
;M0009;09-07-2026;13;GFLX68;;ADJUDICADO;GENERICO;NO;SOLICITUD DE TRANSFERENCIA;REDBUS URBANO S A;REDBUS URBANO;EMPRESA;;;;;;;;;;;;;;;20-07-2026;21-07-2026;;;;
;M0009;09-07-2026;14;V509;;SIN POSTOR;GENERICO;NO;NO APLICA;KAUFMANN;KAUFMANN;AUTOMOTORAS;;;;;;;;;;;;;;;;;;;;
;M0009;09-07-2026;15;V511;;SIN POSTOR;GENERICO;NO;NO APLICA;KAUFMANN;KAUFMANN;AUTOMOTORAS;;;;;;;;;;;;;;;;;;;;
;M0009;09-07-2026;16;V512;;SIN POSTOR;GENERICO;NO;NO APLICA;KAUFMANN;KAUFMANN;AUTOMOTORAS;;;;;;;;;;;;;;;;;;;;
;M0009;09-07-2026;17;V513;;SIN POSTOR;GENERICO;NO;NO APLICA;KAUFMANN;KAUFMANN;AUTOMOTORAS;;;;;;;;;;;;;;;;;;;;
;M0009;09-07-2026;18;SSFV94;;SIN POSTOR;GENERICO;NO;NO APLICA;KAUFMANN;KAUFMANN;AUTOMOTORAS;;;;;;;;;;;;;;;;;;;;
;M0010;23-07-2026;1;TLZV63;;ADJUDICADO;DERIVACION;NO;EN ESPERA DE TRANSFERENCIA;SG AUTOS;STELLANTIS CHILE S.A.;AUTOMOTORAS;;;;;;;;;;;;;;;;;;;;
;M0010;23-07-2026;2;TLWR22;;ADJUDICADO;DERIVACION;NO;EN ESPERA DE TRANSFERENCIA;SG AUTOS;STELLANTIS CHILE S.A.;AUTOMOTORAS;;;;;;;;;;;;;;;;;;;;
;M0010;23-07-2026;3;TVTB45;;ADJUDICADO;DERIVACION;NO;EN ESPERA DE TRANSFERENCIA;SG AUTOS;STELLANTIS CHILE S.A.;AUTOMOTORAS;;;;;;;;;;;;;;;;;;;;
;M0010;23-07-2026;4;TPVZ94;;ADJUDICADO;DERIVACION;NO;EN ESPERA DE TRANSFERENCIA;SG AUTOS;STELLANTIS CHILE S.A.;AUTOMOTORAS;;;;;;;;;;;;;;;;;;;;
;M0010;23-07-2026;5;TPWC80;;ADJUDICADO;DERIVACION;NO;EN ESPERA DE TRANSFERENCIA;SG AUTOS;STELLANTIS CHILE S.A.;AUTOMOTORAS;;;;;;;;;;;;;;;;;;;;
;M0010;23-07-2026;6;TPVZ98;;ADJUDICADO;DERIVACION;NO;EN ESPERA DE TRANSFERENCIA;SG AUTOS;STELLANTIS CHILE S.A.;AUTOMOTORAS;;;;;;;;;;;;;;;;;;;;
;M0010;23-07-2026;7;TPWC78;;ADJUDICADO;DERIVACION;NO;EN ESPERA DE TRANSFERENCIA;SG AUTOS;STELLANTIS CHILE S.A.;AUTOMOTORAS;;;;;;;;;;;;;;;;;;;;
;M0010;23-07-2026;8;TPGW76;;ADJUDICADO;DERIVACION;NO;EN ESPERA DE TRANSFERENCIA;SG AUTOS;STELLANTIS CHILE S.A.;AUTOMOTORAS;;;;;;;;;;;;;;;;;;;;
;M0010;23-07-2026;9;TPWF11;;ADJUDICADO;DERIVACION;NO;EN ESPERA DE TRANSFERENCIA;SG AUTOS;STELLANTIS CHILE S.A.;AUTOMOTORAS;;;;;;;;;;;;;;;;;;;;
;M0010;23-07-2026;10;TBCV58;;ADJUDICADO;DERIVACION;NO;EN ESPERA DE TRANSFERENCIA;SG AUTOS;STELLANTIS CHILE S.A.;AUTOMOTORAS;;;;;;;;;;;;;;;;;;;;
;M0010;23-07-2026;11;SWPK24;;ADJUDICADO;DERIVACION;NO;EN ESPERA DE TRANSFERENCIA;SG AUTOS;STELLANTIS CHILE S.A.;AUTOMOTORAS;;;;;;;;;;;;;;;;;;;;
;M0010;23-07-2026;12;VZKR54;;ADJUDICADO;GENERICO;NO;INGRESADO AL PROVEEDOR;SG AUTOS;SANTA INES II SPA;AUTOMOTORAS;;;;;;;;;;;;;;;28-07-2026;;;;;
;M0010;23-07-2026;13;VZKR60;;ADJUDICADO;GENERICO;NO;INGRESADO AL PROVEEDOR;SG AUTOS;SANTA INES II SPA;AUTOMOTORAS;;;;;;;;;;;;;;;28-07-2026;;;;;
;M0010;23-07-2026;14;TVVH69;;ADJUDICADO;GENERICO;NO;EN ESPERA DE TRANSFERENCIA;SANTANDER CONSUMER;SANTANDER CONSUMER FINANCE LIMITADA;FINANCIERA;;;;;;;;;;;;;;;;;;;;
;M0010;23-07-2026;15;TKLJ82;;ADJUDICADO;GENERICO;NO;EN ESPERA DE TRANSFERENCIA;SANTANDER CONSUMER;SANTANDER CONSUMER FINANCE LIMITADA;FINANCIERA;;;;;;;;;;;;;;;;;;;;
;M0010;23-07-2026;16;TVZK12;;ADJUDICADO;GENERICO;NO;EN ESPERA DE TRANSFERENCIA;SANTANDER CONSUMER;SANTANDER CONSUMER FINANCE LIMITADA;FINANCIERA;;;;;;;;;;;;;;;;;;;;
;M0010;23-07-2026;17;RWBX56;;ADJUDICADO;GENERICO;NO;EN ESPERA DE TRANSFERENCIA;SANTANDER CONSUMER;SANTANDER CONSUMER FINANCE LIMITADA;FINANCIERA;;;;;;;;;;;;;;;;;;;;
;M0010;23-07-2026;18;PZZL73;;ADJUDICADO;GENERICO;NO;EN ESPERA DE TRANSFERENCIA;SANTANDER CONSUMER;SANTANDER CONSUMER FINANCE LIMITADA;FINANCIERA;;;;;;;;;;;;;;;;;;;;
